-- --------------------------------------------------------
-- Host:                         127.0.0.1
-- Versión del servidor:         5.7.33 - MySQL Community Server (GPL)
-- SO del servidor:              Win64
-- HeidiSQL Versión:             11.2.0.6213
-- --------------------------------------------------------

/*!40101 SET @OLD_CHARACTER_SET_CLIENT=@@CHARACTER_SET_CLIENT */;
/*!40101 SET NAMES utf8 */;
/*!50503 SET NAMES utf8mb4 */;
/*!40014 SET @OLD_FOREIGN_KEY_CHECKS=@@FOREIGN_KEY_CHECKS, FOREIGN_KEY_CHECKS=0 */;
/*!40101 SET @OLD_SQL_MODE=@@SQL_MODE, SQL_MODE='NO_AUTO_VALUE_ON_ZERO' */;
/*!40111 SET @OLD_SQL_NOTES=@@SQL_NOTES, SQL_NOTES=0 */;

-- Volcando estructura para tabla api_maquillaje.categorias
CREATE TABLE IF NOT EXISTS `categorias` (
  `id` bigint(20) unsigned NOT NULL AUTO_INCREMENT,
  `tipo` varchar(20) COLLATE utf8mb4_unicode_ci NOT NULL,
  `descripcion` varchar(80) COLLATE utf8mb4_unicode_ci NOT NULL,
  `valor_dias` int(11) NOT NULL,
  `estado` int(11) NOT NULL,
  `created_at` timestamp NULL DEFAULT NULL,
  `updated_at` timestamp NULL DEFAULT NULL,
  PRIMARY KEY (`id`)
) ENGINE=InnoDB AUTO_INCREMENT=4 DEFAULT CHARSET=utf8mb4 COLLATE=utf8mb4_unicode_ci;

-- Volcando datos para la tabla api_maquillaje.categorias: ~0 rows (aproximadamente)
/*!40000 ALTER TABLE `categorias` DISABLE KEYS */;
INSERT INTO `categorias` (`id`, `tipo`, `descripcion`, `valor_dias`, `estado`, `created_at`, `updated_at`) VALUES
	(1, 'A', '65 dias', 65, 0, '2022-03-05 04:38:04', '2022-03-15 05:14:29'),
	(2, 'B', '30 dias', 30, 1, '2022-03-05 04:38:04', '2022-04-11 19:05:19'),
	(3, 'C', '15 dias', 15, 1, '2022-03-05 04:38:04', '2022-03-22 07:30:40');
/*!40000 ALTER TABLE `categorias` ENABLE KEYS */;

-- Volcando estructura para tabla api_maquillaje.clientes
CREATE TABLE IF NOT EXISTS `clientes` (
  `id` bigint(20) unsigned NOT NULL AUTO_INCREMENT,
  `categoria_id` bigint(20) unsigned NOT NULL,
  `frecuencia_id` bigint(20) unsigned NOT NULL,
  `user_id` bigint(20) unsigned DEFAULT NULL,
  `nombreCompleto` varchar(80) COLLATE utf8mb4_unicode_ci NOT NULL,
  `nombreEmpresa` varchar(80) COLLATE utf8mb4_unicode_ci NOT NULL,
  `celular` bigint(20) unsigned NOT NULL,
  `telefono` bigint(20) unsigned DEFAULT NULL,
  `direccion_casa` varchar(180) COLLATE utf8mb4_unicode_ci NOT NULL,
  `direccion_negocio` varchar(180) COLLATE utf8mb4_unicode_ci DEFAULT NULL,
  `cedula` varchar(22) COLLATE utf8mb4_unicode_ci NOT NULL,
  `dias_cobro` varchar(120) COLLATE utf8mb4_unicode_ci NOT NULL,
  `estado` int(11) NOT NULL,
  `created_at` timestamp NULL DEFAULT NULL,
  `updated_at` timestamp NULL DEFAULT NULL,
  PRIMARY KEY (`id`),
  KEY `clientes_categoria_id_foreign` (`categoria_id`),
  KEY `clientes_frecuencia_id_foreign` (`frecuencia_id`),
  KEY `clientes_user_id_foreign` (`user_id`),
  CONSTRAINT `clientes_categoria_id_foreign` FOREIGN KEY (`categoria_id`) REFERENCES `categorias` (`id`),
  CONSTRAINT `clientes_frecuencia_id_foreign` FOREIGN KEY (`frecuencia_id`) REFERENCES `frecuencias` (`id`),
  CONSTRAINT `clientes_user_id_foreign` FOREIGN KEY (`user_id`) REFERENCES `users` (`id`)
) ENGINE=InnoDB AUTO_INCREMENT=174 DEFAULT CHARSET=utf8mb4 COLLATE=utf8mb4_unicode_ci;

-- Volcando datos para la tabla api_maquillaje.clientes: ~0 rows (aproximadamente)
/*!40000 ALTER TABLE `clientes` DISABLE KEYS */;
INSERT INTO `clientes` (`id`, `categoria_id`, `frecuencia_id`, `user_id`, `nombreCompleto`, `nombreEmpresa`, `celular`, `telefono`, `direccion_casa`, `direccion_negocio`, `cedula`, `dias_cobro`, `estado`, `created_at`, `updated_at`) VALUES
	(1, 2, 1, 20, 'Cliente perfecto', 'Salon PR', 1131905210, 1131905212, 'Av.francisco beiro 3360', 'Av.francisco beiro 3360', '12142412221344', 'viernes,jueves,miércoles', 1, '2022-03-07 01:55:37', '2022-03-11 22:28:45'),
	(3, 3, 4, 24, 'C bella Academia', 'C bella Academia', 50581562409, 50581562409, 'Altamira, de la farmacia value 1c arriba', 'Altamira, de la farmacia value 1c arriba', '0011605750009M', 'domingo', 1, '2022-03-15 20:26:38', '2022-03-19 00:20:16'),
	(4, 3, 2, 26, 'Jahaziel lopez perez', 'Estetica giacefull', 5082540048, 5082540048, 'Club terraza 2 abajo', 'Club terraza 2 abajo', '00105027800658', 'jueves', 1, '2022-03-17 22:53:26', '2022-03-17 22:53:26'),
	(5, 3, 2, 26, 'Blanca palacios', '10700', 50558795938, 50558795930, 'Club terraza 2 abajo', 'Club terraza 2 abajo', '20113087600080', 'jueves', 1, '2022-03-17 23:14:45', '2022-03-17 23:14:45'),
	(6, 2, 2, 27, 'Regina Mercedes Martínez Delgadillo', 'Regina salón', 8244634300, 8244634300, 'Raspado Lolis sumen 1C arriba 1-2 C al sur', 'Raspados Lolis sumen 1C arriba 1-2 C al sur', '00101129000350', 'miércoles', 1, '2022-03-18 00:58:30', '2022-03-18 00:58:30'),
	(7, 2, 2, 27, 'Marcela Reyes Campos', 'D\'marce Beauty Salón', 2269246200, 2269246200, 'Ciudad sandino , entrada principal 1.5 cuadras al oeste', 'Ciudad sandino , entrada  principal 1.5 cuadras al oeste', '28411017700030', 'sábado', 0, '2022-03-18 01:03:23', '2022-04-12 18:12:58'),
	(8, 2, 2, 27, 'Marcela Reyes Campos', 'D\'marce Beauty Salón', 2269246200, 2269246200, 'Ciudad sandino , entrada principal 1.5 cuadras al oeste', 'Ciudad sandino , entrada  principal 1.5 cuadras al oeste', '28411017700032', 'sábado', 1, '2022-03-18 01:03:53', '2022-03-18 01:03:53'),
	(9, 2, 2, 27, 'Jamilleth de la cruz Gutiérrez Duarte', 'Nails JC', 8554339500, 8554339500, 'Ciudad sandino , zona 4 centro Tigo 1C al lago 1/2 abajo', 'Ciudad sandino , zona 4 centro Tigo 1C al lago 1/2 abajo', '00123048400901', 'miércoles', 1, '2022-03-18 01:10:26', '2022-03-18 01:10:26'),
	(10, 3, 2, 26, 'Geoconda toruño', 'Duos salon', 50576823820, 50576823820, 'Residencial las delicias casa r541', 'Residencias las delicias casa r541', '52118067200060', 'viernes', 1, '2022-03-18 01:18:27', '2022-03-18 01:18:27'),
	(11, 2, 2, NULL, 'Hazel  Jasmin blancomedina', 'Hazel salon', 8176028900, 8176028900, 'De Enel central 2 al sur 5 abajo 1 1/2 al sur', 'De Enel central 2 al sur 5 abajo 1 1/2 al sur', '00128079400474', 'martes', 1, '2022-03-18 01:37:43', '2022-03-18 01:37:43'),
	(12, 3, 2, 26, 'Millie tatiana Rodríguez zeledon', 'Milán salón', 50587907855, 50587907855, 'Villa flor norte contiguo a iglecia los mormones', 'Villa flor sur contiguo a iglesia los mormones', '48911028000040', 'viernes', 1, '2022-03-18 03:55:04', '2022-04-23 19:23:44'),
	(13, 3, 2, 26, 'Doris seledon peralta', 'Doris seledon peralta', 50587907855, 50587907855, 'Villa flor norte contiguo a iglesia los mormones', 'Villa flor sur contiguo a iglesia los mormones', '48911028000041', 'viernes', 1, '2022-03-18 03:56:31', '2022-03-18 03:56:31'),
	(14, 3, 2, 26, 'Tania arauz', 'Yara salon', 85889194, 85889194, 'Segunda entrada las colinas 1 y media abajo 2 al lago', 'Segunda entrada las colinas 1 y media abajo 2 al lago', '6752312908902', 'sábado', 1, '2022-03-18 22:26:31', '2022-03-18 22:26:31'),
	(15, 2, 2, 27, 'Francis Paola Nicaragua Gómez', 'Francis salon', 89801141, 22811825, 'Bo. Altagracia del portón principal del colegio divino pastor 2C , al lago 1/2 C arriba', 'Bo. Altagracia del portón principal del colegio divino pastor 2C , al lago 1/2 C arriba', '0011209850026T', 'miércoles', 1, '2022-03-18 23:43:05', '2022-03-18 23:43:05'),
	(16, 2, 2, 27, 'Francis Paola Nicaragua Gómez', 'Francis salon', 89801141, 22811825, 'Bo. Altagracia del portón principal del colegio divino pastor 2C , al lago 1/2 C arriba', 'Bo. Altagracia del portón principal del colegio divino pastor 2C , al lago 1/2 C arriba', '00112098500260', 'miércoles', 0, '2022-03-18 23:44:26', '2022-04-12 19:36:10'),
	(17, 2, 2, 27, 'Daniela greseeth Zapatas', 'Dani salón', 86556822, 86556822, 'Residencia praderas de sandino primera etapa Casa R2', 'Residencia praderas de sandino primera etapa Casa R2', '482030289002D', 'miércoles', 1, '2022-03-19 01:24:58', '2022-03-19 01:24:58'),
	(18, 2, 2, 27, 'Consuelo Aguilar rivera', 'Consuelo salón', 88434073, 88434073, 'Ciudad el doral  calle 4, avenida 10,casa 0/11', 'Ciudad el doral  calle 4, avenida 10,casa 0/11', '0931105680000E', 'miércoles', 1, '2022-03-19 22:06:26', '2022-03-19 22:06:26'),
	(19, 2, 2, 24, 'Douglas Alberto Manzanares Ramírez', 'Jefrys salón', 85191700, 0, 'San Marcos. Reparto Carlos Núñez . Detrás de keyzer universidad en la calle de los maestros casa izquierda mano derecha color gris', 'San Marcos. Reparto Carlos Núñez . Detrás de keyzer universidad en la calle de los maestros casa izquierda mano derecha color gris', '0010909780055G', 'viernes', 1, '2022-03-19 22:16:38', '2022-03-19 22:19:23'),
	(20, 3, 2, 24, 'María Guadalupe Guillen Chavarría', 'Sala de belleza Lupita', 87707222, 0, 'Rivas. De los semáforos del mercado 25 metros al sur frente a la tienda el tigre más tigre', 'Rivas. De los semáforos del mercado 25 metros al sur frente a la tienda el tigre más tigre', '5611012981002N', 'jueves', 1, '2022-03-19 22:18:50', '2022-03-19 22:18:50'),
	(21, 3, 2, 24, 'Lester Daniel Artola Lopez', 'Art Studio', 81498099, 0, 'Puente desnivel de Rubenia 2c arriba, 7c al sur', 'Puente desnivel de Rubenia 2c arriba, 7c al sur', '445271190002H', 'sábado', 1, '2022-03-20 01:39:35', '2022-03-20 01:39:35'),
	(22, 3, 1, 24, 'Jasury Jared Gonzalez Chavarria', 'Jasury Jared Gonzalez Chavarria', 89423510, 0, 'Chinandega, corinto. Zona 8, palacio del deporte 1/2c al oeste', 'Chinandega, corinto. Zona 8, palacio del deporte 1/2c al oeste', '081-201202-1004L', 'sábado', 1, '2022-03-20 03:04:33', '2022-03-20 03:04:33'),
	(23, 2, 2, 27, 'Mayra Tereza Hernandez peña', 'Mayra salón de belleza', 22685204, 22685204, 'Direction Antiguo  Restaurante  Aragon  1 c abajo una al lago casa B17 Valle Dorado', 'Direction Antiguo  Restaurante  Aragon  1 c abajo una al lago casa B17 Valle Dorado', '0440411520000N', 'miércoles,sábado', 1, '2022-03-21 02:54:56', '2022-03-21 02:54:56'),
	(24, 2, 2, 27, 'Francis elizabeth reyes mendoza', 'Salón Jireh', 77045653, 77045653, 'Mercado israel lewuites de la ferreteria la grapa seis andenes al norte.  10 vrs abajo.', 'Mercado israel lewuites de la ferreteria la grapa seis andenes al norte.  10 vrs abajo.', 'O01- 190572- 0015R', 'sábado', 1, '2022-03-21 03:11:37', '2022-03-21 03:11:37'),
	(25, 2, 1, 27, 'Sayra Maria vasquez Bravo', 'Sayra salón', 84913281, 84913281, 'Del ceibo 1c ala sur 1c 1/2 abajo', 'Del ceibo 1c ala sur 1c 1/2 abajo', '1232912870001j', 'lunes', 1, '2022-03-21 19:27:00', '2022-03-21 19:27:00'),
	(26, 3, 2, 24, 'Amantina De Los Ángeles Guillén Lagos', 'K\'bellos', 88494007, 0, 'Matagalpa. DDF LA PARMALAP SALIDA MANAGUA', 'Matagalpa. DDF LA PARMALAP SALIDA MANAGUA', '4413110890005Y', 'sábado', 1, '2022-03-21 22:17:29', '2022-03-21 22:17:29'),
	(27, 3, 2, 26, 'Daniela Hernández', 'Daniela hernandez', 87555218, 87555218, 'De los semafaron la tenderi 2 c.abajo', 'Delos semafaros la tenderi dos cuadras abajo', '0011010780011s', 'miércoles', 1, '2022-03-21 22:39:12', '2022-03-21 22:39:12'),
	(28, 3, 2, 26, 'Maria isabel amaya', 'Maria', 85898229, 85898229, 'Shell waspan 4 cadra al lago', 'Shell waspan cuatro cuadra al lago', '0012708930019t', 'viernes', 1, '2022-03-21 23:24:38', '2022-03-21 23:24:38'),
	(29, 3, 2, 26, 'Corina davila', 'Corina davila', 89517987, 89517987, 'Metro centro', 'Metro centro', '6160211780001R', 'viernes', 1, '2022-03-22 00:12:48', '2022-03-22 00:12:48'),
	(30, 3, 2, 26, 'Bonny  lopez', 'Tufani rouse', 78257128, 78257128, 'Shell waspan 4 al lago 1 arriba 2 al lago', 'Shell waspan', '0011411870000w', 'lunes', 1, '2022-03-22 02:01:18', '2022-03-22 02:01:18'),
	(31, 3, 2, 26, 'Bonny  lopez', 'Tufani rouse', 78257128, 78257128, 'Shell waspan 4 al lago 1 arriba 2 al lago', 'Shell waspan', '0011411870000i', 'lunes', 0, '2022-03-22 02:01:47', '2022-04-11 19:46:03'),
	(32, 2, 2, 27, 'Kathy Del Carmen Campos Gutiérrez', 'KC Beauty Salón', 78239308, 78239308, 'Batahola norte , de los semáforos del gigante 2 al lago , 4 abajo,  1/2 al lago', 'Batahola norte , de los semáforos del gigante 2 al lago , 4 abajo,  1/2 al lago', '0012112770077G', 'miércoles', 1, '2022-03-22 03:08:45', '2022-03-22 03:08:45'),
	(33, 3, 2, 26, 'Maria elena ortiz', 'Mary', 87526430, 87526430, 'Dela pdh 1abajo 2 al sur', 'Dela pdh 1 abajo 2 al sur', '7890395890000t', 'sábado', 1, '2022-03-22 04:28:14', '2022-03-22 04:28:14'),
	(34, 2, 2, 27, 'Angélica Yahaira Castro Sánchez', 'Angel salón', 83739816, 83739816, 'Loma linda , de la parrilla 2 al lago , 1/2 abajo', 'Loma linda , de la parrilla 2 al lago , 1/2 abajo', '0011908860047U', 'miércoles', 1, '2022-03-22 05:31:35', '2022-03-22 05:31:35'),
	(35, 2, 1, 24, 'Rigoberto Pineda Perez', 'Rigoberto Pineda Perez', 88892979, 0, 'Masaya. Villa San Jeronimo de union fenenosa 1c al este, 1 1/2c al norte, 1/2 al oeste. Csa #66', 'Masaya. Villa San Jeronimo de union fenenosa 1c al este, 1 1/2c al norte, 1/2 al oeste. Csa #66', '0010106820047P', 'sábado', 1, '2022-03-22 23:10:31', '2022-03-22 23:10:31'),
	(36, 2, 1, 24, 'CSL SA', 'CSL SA', 88766947, 0, 'Loma de Monserat, del porton Oeste del colegio americano 1c al norte, 2c al oeste, 50vrs al norte', 'Loma de Monserat, del porton Oeste del colegio americano 1c al norte, 2c al oeste, 50vrs al norte', 'J0310000222126', 'sábado', 1, '2022-03-22 23:14:51', '2022-03-22 23:14:51'),
	(37, 2, 2, 24, 'Whinder Martinez', 'Whinder Martínez', 82640547, 0, 'Juigalpa, Chontales. Supermercado San Antonio 4 1/2c al sur', 'Juigalpa, Chontales. Supermercado San Antonio 4 1/2c al sur', '1210806880007Q', 'sábado', 1, '2022-03-23 01:48:24', '2022-03-23 01:48:24'),
	(38, 2, 2, 27, 'Ana Carolina Méndez Montenegro', 'Bonita sala de belleza', 57807405, 57807405, 'Bello horizonte , la taquiza 4 al sur , frente al autolavado taichi contiguo a mundo digital', 'Multicentro las brisas', '0011004840015A', 'martes', 1, '2022-03-23 03:46:21', '2022-03-23 03:46:21'),
	(39, 2, 2, 27, 'Keyling irenes masías García', 'Bonita sala de belleza', 57706802, 57706802, 'Monseñor Lescano , frente al cine león', 'Multicentro las brisas', '0012503920047S', 'lunes', 1, '2022-03-23 03:57:45', '2022-03-23 03:57:45'),
	(40, 3, 1, 24, 'Cindy Junieth Perez Marin', 'Cindy Junieth Perez Marin', 84764111, 0, 'Granada, Nandaime. B° Oscar Turcios, Miscelania Cruz 2c al norte', 'Granada, Nandaime. B° Oscar Turcios, Miscelania Cruz 2c al norte', '202-231295-0000A', 'sábado', 1, '2022-03-23 21:56:41', '2022-03-23 21:56:41'),
	(41, 3, 1, 24, 'Heydi Vanessa Paz Membreño', 'Heydi Vanessa Paz Membreño', 89087531, 0, 'B° San Judas, supermercado pali 75vrs al norte', 'B° San Judas, supermercado pali 75vrs al norte', '001-050884-0005E', 'sábado', 1, '2022-03-23 21:57:59', '2022-03-23 21:57:59'),
	(42, 3, 1, 24, 'Marjourie del Carmen Gutierrez Canales', 'Marjourie del Carmen Gutierrez Canales', 57058002, 0, 'Comarca los Vanegas, escuela Pablo Antonio Cuadra 500vrs al sur, 300vrs al oeste', 'Comarca los Vanegas, escuela Pablo Antonio Cuadra 500vrs al sur, 300vrs al oeste', '001-091194-0036M', 'sábado', 1, '2022-03-23 21:59:18', '2022-03-23 21:59:18'),
	(43, 2, 2, 27, 'Martha garht taleno', 'Her Salon', 75201325, 75201325, 'Ciudad sandino villa soberana , casa letra U7', 'Ciudad sandino villa soberana , casa', '0012907770038Y', 'miércoles', 1, '2022-03-24 01:48:40', '2022-03-24 01:48:40'),
	(44, 3, 2, 24, 'Griselda Burgos', 'Sala de bellaza griselda', 82486444, 0, 'Chinandega. Costado norte de CDI de santana patricia', 'Chinandega. Costado norte de CDI de santana patricia', '081-040292-0003J', 'miércoles', 1, '2022-03-24 21:47:36', '2022-03-24 21:47:36'),
	(45, 3, 2, 24, 'Hilda Carolina Peraza Gutiérrez', 'Sala de belleza Hilda', 85792314, 0, 'Granada. Villa Sandino grupo C casa 369-370 de los bomberos 1 c al lago', 'Granada. Villa Sandino grupo C casa 369-370 de los bomberos 1 c al lago', '4012603900003P', 'miércoles', 1, '2022-03-24 21:49:38', '2022-03-24 21:49:38'),
	(46, 3, 2, 24, 'Jenny Laguna', 'Jenny salon', 83821754, 0, 'Chichigalpa del pali 5 c oeste', 'Chichigalpa del pali 5 c oeste', '281-311090-0013U', 'miércoles', 1, '2022-03-24 21:51:19', '2022-03-24 21:51:19'),
	(47, 3, 2, 26, 'Pamela mayor', 'Pamela', 83924852, 83924852, 'Contiguo al colegio luis alfonzo velasque', 'Contiguo al colegio luis alfonso velasque', '0010205910004p', 'sábado', 1, '2022-03-24 22:19:50', '2022-03-24 22:19:50'),
	(48, 3, 2, 26, 'Sobeyda arriaza', 'Zoe', 85743672, 85743772, 'Rotonda bello orizonte 3 cuadra al sur', 'Rotonda bello orizonte 3 cuadra al sur', '0012204910052d', 'sábado', 1, '2022-03-24 23:13:37', '2022-03-24 23:13:37'),
	(49, 3, 1, 27, 'Miriam del Carmen García Estrada', 'Miriam salón', 88824223, 88824223, 'De los semáforos del Lenin Fonseca 2 C al lago', 'De los semáforos del Lenin 2 C al lago', '0011604790007G', 'miércoles', 1, '2022-03-24 23:53:45', '2022-03-24 23:53:45'),
	(50, 3, 2, 26, 'Veronica duarte', '10700', 84352054, 84352054, 'Cub terraza 2 c.abajo', '10700', '0010609750081u', 'jueves', 1, '2022-03-25 00:08:44', '2022-03-25 00:08:44'),
	(51, 3, 2, NULL, 'Reyna martinez', 'Reyna', 88691873, 88691873, 'Tipitapa frente la parada el colegio', 'Tipitapa frente ala parada el colegio', '7650906869950n', 'viernes', 1, '2022-03-25 03:32:27', '2022-03-25 03:32:27'),
	(52, 2, 2, 27, 'Johela isabel garay Bendaña', 'Nails bautiful', 57099490, 57099490, 'Multicentro las brisas , 12 C al lago media C Abajo Casa Q-62', 'Multicentro las brisas , 12 C al lago media C Abajo Casa Q-62', '001 241197 0022N', 'miércoles', 1, '2022-03-25 04:02:40', '2022-03-25 04:02:40'),
	(53, 3, 1, 24, 'Gema Taniuska Hernandez Molina', 'Gema Taniuska Hernandez Molina', 89715040, 0, 'Colonia CentroAmerica parque los Marañones 4c al sur. Casa N° G-454', 'Colonia CentroAmerica parque los Marañones 4c al sur. Casa N° G-454', '001-080980-0128X', 'viernes', 1, '2022-03-25 23:28:53', '2022-03-25 23:28:53'),
	(54, 3, 2, 26, 'Maribel del socorro', 'Status fashion', 86035060, 86035060, 'Tipitapa', 'Tipitapa', '0012105690056g', 'viernes', 1, '2022-03-25 23:39:53', '2022-03-25 23:39:53'),
	(55, 2, 2, 27, 'Fabiola Mairena Acevedo', 'Color y arte', 83829102, 83829102, 'Del ceibon de San Judas 3 al sur 1 1/2 abaj', 'Del ceibon de San Judas 3 al sur 1 1/2 abaj', '0011509860035E', 'lunes', 1, '2022-03-29 01:08:19', '2022-03-29 01:08:19'),
	(56, 2, 2, 27, 'Elvira de los angeles inzer Mayorga', 'Incer salón', 89469006, 89469006, 'Del Ceibon  3 al sur San Judas', 'Del Ceibon de San Judas 3 al sur', '5640103710000U', 'lunes', 1, '2022-03-29 01:58:38', '2022-03-29 01:58:38'),
	(57, 3, 2, 26, 'Belen calero', 'Onix', 85884398, 85884398, 'Semafaro la fuente 3 al sur 1 arriba', 'Semafaro la fuente 3 al sur 1 arriba', '0012205790058k', 'sábado', 1, '2022-03-29 23:35:26', '2022-03-29 23:35:26'),
	(58, 2, 2, 27, 'María Mercedes Quintero Aleman', 'Merc\' Salón', 76805932, 76805932, 'Dónde fue el banco popular monzeñor lescano , 1 al sur , 4 abajo , 1/2 Al sur', 'Dónde fue el banco popular monzeñor lescano , 1 al sur , 4 abajo , 1/2 Al sur', '0011003710003B', 'miércoles', 1, '2022-03-30 00:11:35', '2022-03-30 00:11:35'),
	(59, 3, 2, 26, 'Judith nabarrete flores', 'Judith', 84487251, 84487251, 'Mercado oriental', 'Mercado oriental', '0012308830084k', 'miércoles', 1, '2022-03-30 03:10:14', '2022-03-30 03:10:14'),
	(60, 2, 2, 27, 'Reyna Mercedes flores', 'Merci salón', 83549733, 83549733, 'Km 8 1/2 carretera Sur , frente a la salida de la colonia', 'Km 8 1/2 carretera Sur , frente a la salida de la colonia', '0010601580004B', 'miércoles', 1, '2022-03-31 00:26:52', '2022-03-31 00:26:52'),
	(61, 2, 1, 24, 'Patricia Blandon', 'Infinity salon', 82486817, 0, 'Puerta principal del sementerio de lomalinda 2 C abajo 1/2 al lago 1/2 abajo muro sin pintar porton cafe', 'Puerta principal del sementerio de lomalinda 2 C abajo 1/2 al lago 1/2 abajo muro sin pintar porton cafe', '402-191080-0001P', 'sábado', 1, '2022-03-31 22:30:38', '2022-03-31 22:30:38'),
	(62, 2, 2, 23, 'Silvia Olivares López', 'S/B Silvia', 83888686, 0, 'Nagarote del colegio Rubén Dario 1 1/2 c Arriva m/i', 'Nagarote del colegio Rubén Dario 1 1/2 c Arriva m/i', '287-280972-0003X', 'sábado', 1, '2022-03-31 23:38:39', '2022-03-31 23:38:39'),
	(63, 3, 2, 26, 'Evelin margarita cano', '10700', 88655355, 88655355, 'Club terraza 2 cuadras abajo', 'Club terraza 2 cuadras abajo', '0011008750086c', 'jueves', 1, '2022-04-01 21:23:16', '2022-04-01 21:23:16'),
	(64, 3, 2, 26, 'Evelin margarita cano', '10700', 88655355, 88655355, 'Club terraza 2 cuadras abajo', 'Club terraza 2 cuadras abajo', '0011008750086c', 'jueves', 0, '2022-04-01 21:23:16', '2022-04-11 22:29:45'),
	(65, 3, 2, 26, 'Misledis espinoza', 'Misledis', 58499445, 58499445, 'Rotonda centro comercial 6 cuadras al sur', 'Rotonda centro comercial 6 c. Al sur', '0013012830809k', 'viernes', 1, '2022-04-01 22:13:34', '2022-04-01 22:13:34'),
	(66, 3, 2, 26, 'Alexandra García', 'Alexandra', 76339504, 76339504, 'Semafaro la fuente 4 c.arriba', 'Semafaro la fuente 4 c.arriba', '0012108001049f', 'viernes', 1, '2022-04-01 22:19:13', '2022-04-01 22:19:13'),
	(67, 3, 2, 26, 'Sheyla borge', 'Beracas', 77868253, 77868253, 'Bulcanisacion los triyisos 2 al sur 1 arriba', 'Bulcanisacion los triyisos 2 al sur una arriba', '0012708790048b', 'viernes', 1, '2022-04-02 01:11:38', '2022-04-02 01:11:38'),
	(68, 3, 2, 26, 'Sheyla borge', 'Beracas', 77868253, 77868253, 'Bulcanisacion los triyisos 2 al sur 1 arriba', 'Bulcanisacion los triyisos 2 al sur una arriba', '0012708790048b', 'viernes', 0, '2022-04-02 01:11:38', '2022-04-11 20:14:07'),
	(69, 2, 2, 27, 'Betty Chavarria', 'ByB Salón', 82818015, 22995368, 'Semáforos del seminario linda vista , 4 C al lago , 1/2 abajo', 'Semáforos del seminario linda vista , 4 C al lago , 1/2 abajo', '6812101820005V', 'viernes', 1, '2022-04-02 02:03:57', '2022-04-02 02:03:57'),
	(70, 3, 2, 26, 'Wendy rodriguez', 'Wendy', 75006208, 75006208, 'Centro de salud americas dos 2 c. Abajo 3 al sur 1abajo', 'Americas 2', '0012012850061t', 'sábado', 1, '2022-04-02 02:57:47', '2022-04-02 02:57:47'),
	(71, 2, 1, 27, 'Damaris Del Socorro Obando Padilla', '---', 88971332, 88971332, 'B. Memorial Sandino , Del monumento 1 C al Sur', 'B. Memorial Sandino , Del monumento 1 C al Sur', '5262105880000X', 'miércoles,lunes', 1, '2022-04-02 20:00:52', '2022-04-02 20:00:52'),
	(72, 3, 1, 24, 'Katherine Belen Carballo Manzanares', 'Katherine Belen Carballo Manzanares', 77585839, 0, 'Masaya', NULL, '401-301195-0010F', 'sábado', 1, '2022-04-02 21:58:25', '2022-04-02 21:58:25'),
	(73, 3, 2, 26, 'Brenda uriarte urbina', 'Zoe prince', 77315277, 77315277, 'Terminar 170 1c. Arriba 3 andenes al lago', 'Terminal de la 170 1v.arriba 3 andenes al lago', '0010408810096s', 'sábado', 1, '2022-04-04 22:55:09', '2022-04-04 22:55:09'),
	(74, 3, 2, 26, 'Brenda uriarte urbina', 'Zoe prince', 77315277, 77315277, 'Terminar 170 1c. Arriba 3 andenes al lago', 'Terminal de la 170 1v.arriba 3 andenes al lago', '0010408810096s', 'sábado', 0, '2022-04-04 22:55:09', '2022-04-11 19:14:42'),
	(75, 3, 2, 26, 'Brenda uriarte urbina', 'Zoe prince', 77315277, 77315277, 'Terminar 170 1c. Arriba 3 andenes al lago', 'Terminal de la 170 1v.arriba 3 andenes al lago', '0010408810096s', 'sábado', 0, '2022-04-04 22:55:09', '2022-04-11 19:14:52'),
	(76, 3, 2, 26, 'Brenda ramires nicaragua', 'Brenda salon', 88622323, 88622323, 'Villa livertad farmacia marie 75 vrs al este', 'Villa livertad', '0011707710003s', 'viernes', 1, '2022-04-04 23:40:40', '2022-04-04 23:40:40'),
	(77, 3, 2, 26, 'Esther Rodriguez suazo', 'Mary', 84750454, 84750454, 'Mercado oriental de el calvario 5 c.arriba', 'Mercado oriental', '0012911840022u', 'martes', 1, '2022-04-05 18:39:29', '2022-04-05 18:39:29'),
	(78, 3, 2, 26, 'Esther Rodriguez suazo', 'Mary', 84750454, 84750454, 'Mercado oriental de el calvario 5 c.arriba', 'Mercado oriental', '0012911840022y', 'martes', 0, '2022-04-05 18:39:39', '2022-04-11 20:23:16'),
	(79, 3, 2, 26, 'Nahomi montenegro bermudez', 'Naho salon', 83833515, 83833515, 'Villa livertad terminal de la 116 un anden arriba', 'Villa livertad', '0011403031064h', 'viernes', 1, '2022-04-05 20:32:18', '2022-04-05 20:32:18'),
	(80, 3, 2, 26, 'Mercedes lopez', 'Mercedes salon', 75264190, 75264190, 'Villa livertad parada la chelita 1 media al sur', 'Villa livertad', '4032208710002a', 'viernes', 1, '2022-04-05 21:08:23', '2022-04-05 21:08:23'),
	(81, 3, 2, 26, 'Ana morales', 'Ana', 88482409, 88482409, 'Contiguo al coleguio luis alfonzo velasque', 'Contiguo al colegio luiz alfonzo velasque', '4010101830001h', 'sábado', 1, '2022-04-05 21:50:32', '2022-04-05 21:50:32'),
	(82, 2, 1, 27, 'Johana Elizabeth tercero Contreras', 'Eli salón', 89544670, 89544670, 'B. Loma linda , Quinta santa Marta 1 1/2 abajo', 'B. Loma linda , Quinta santa Marta 1 1/2 abajo', '0010402810070A', 'miércoles', 1, '2022-04-06 00:40:21', '2022-04-06 00:40:21'),
	(83, 3, 2, 26, 'Mauricio ramirez', 'Mauricio', 89799588, 89799588, 'Walter ferreti ludia magica r abajo 11 al sur 1 abajo', 'Walter ferreti', '0011611860038x', 'jueves', 1, '2022-04-06 19:56:44', '2022-04-06 19:56:44'),
	(84, 3, 2, 26, 'Wendy vanesa palacios', 'Vanesa', 83864083, 83864083, 'Iglesia santo domingo 1 arriba', 'Mercado oriental', '0010504770038c', 'miércoles', 1, '2022-04-06 21:48:47', '2022-04-06 21:48:47'),
	(85, 3, 2, 24, 'Nora Francisca Lago Castillo', 'Nora Francisca Lago Castillo', 87659158, 0, 'Pista Suburbana, parque nacional de feria 2c al sur, 3c abajo, 1/2c arriba', 'Pista Suburbana, parque nacional de feria 2c al sur, 3c abajo, 1/2c arriba', '0012502890013Q', 'miércoles', 1, '2022-04-06 21:55:21', '2022-04-06 21:58:10'),
	(86, 2, 1, 27, 'Aimy Del Carmen Sánchez Sánchez', 'Haimy Sánchez', 85887161, 85887161, 'Reparto san Juan , Edificio Invercasa 1 C abajo  1C , 1 . 1/2 Norte', 'Reparto san Juan , Edificio Invercasa 1 C abajo  1C , 1 . 1/2 Norte', '0011705880001K', 'jueves', 1, '2022-04-06 22:02:56', '2022-04-06 22:02:56'),
	(87, 3, 2, 24, 'Tania Marcela Rivas Morales', 'Marcela Beauty Salon', 77101723, 0, 'Residencial Montecielo, avenida 7. Casa E-211', 'Residencial Montecielo, avenida 7. Casa E-211', '0012407890036V', 'sábado', 1, '2022-04-06 22:09:05', '2022-04-06 22:09:05'),
	(88, 2, 1, 28, 'Julio Alexander Marquez García', 'El Salón 505', 84311942, 0, 'Estelí, Barrio 14 de abril, Ferreteria el Bosque, 1/2c al Este', NULL, '161-091090-0005b', 'jueves', 1, '2022-04-08 21:33:04', '2022-04-09 00:16:05'),
	(89, 2, 1, 28, 'Julio Alexander Marquez García', 'El Salón 505', 84311942, 0, 'Estelí, Barrio 14 de abril, Ferreteria el Bosque, 1/2c al Este', NULL, '161-091090-005b', 'jueves', 1, '2022-04-08 21:33:51', '2022-04-09 00:14:55'),
	(90, 2, 1, 28, 'Yaribet Parrilla', 'Valeria’s Salón', 84039704, 0, 'Estelí, Del Instituto Reino de Suecia, 1c. al Este, 10 varas al Norte', 'Del instituto Reino de Suecia, 1c. al Este, 10 varas al Norte', '161-050786-0006v', 'jueves,viernes', 1, '2022-04-08 22:53:43', '2022-04-09 00:17:08'),
	(91, 2, 1, 28, 'Dilcia Mayerling Salinas Salcedo', 'Sala de Belleza Dilcia', 86481120, 0, 'Estelí, Del Silais 1c. 1/2 al Este, Barrio Rene Barrante', NULL, '488-021180-0002R', 'jueves,viernes', 1, '2022-04-08 23:54:49', '2022-04-22 20:56:29'),
	(92, 2, 1, 28, 'Dilcia Mayerling Salinas Salcedo', 'Sala de Belleza Dilcia', 86481122, 0, 'Del Silais 1c. 1/2 al Este, Barrio Rene Barrante', NULL, '488-021180-002R', 'jueves,viernes', 1, '2022-04-08 23:54:50', '2022-04-09 00:20:30'),
	(93, 3, 2, 26, 'Grethel massiel matuz', 'Massiel', 89931257, 89931257, 'Colegio cristo rey  1 cuadra arriba', 'Colegio cristo rey 1 cuadra arriba', '0010103971002b', 'miércoles', 1, '2022-04-09 00:18:38', '2022-04-09 00:18:38'),
	(94, 3, 2, 26, 'Veronica montiel lopez', 'Veronica', 58683634, 58683634, 'Entrada el mayoreo 2 arriba', 'Entrada al mayoreo 2 arriba', '0012412800065j', 'viernes', 1, '2022-04-09 00:28:11', '2022-04-09 00:28:11'),
	(95, 2, 1, 28, 'Reina Espinoza', 'King ir king’s', 88242223, 0, 'Estelí, Del autolote el Norte, 7varas al Este', NULL, '161-060195-0007L', 'viernes,jueves', 1, '2022-04-09 00:47:14', '2022-04-09 00:47:14'),
	(96, 2, 1, 28, 'Itzell Pérez', 'Itzell’s Salon', 87141354, 0, 'Estelí, Chele Esquipula, 3c. al Este, 1c. 1/2 al Sur', NULL, '161-021293-0002E', 'viernes,jueves', 1, '2022-04-09 01:36:43', '2022-04-09 01:36:43'),
	(97, 2, 2, 27, 'Alicia Leonor Estrada Rivera', 'Alicia Estrada', 88121239, 22318674, 'De la entrada del hospital Lenin Fonseca 3 1/2 La lago MI', 'De la entrada del hospital Lenin Fonseca 3 1/2 La lago MI', '2412709810004P', 'miércoles', 1, '2022-04-09 01:49:06', '2022-04-09 01:49:06'),
	(98, 2, 1, 28, 'María Isabel Albizuga Díaz', 'Salón de Belleza María', 89221653, 0, 'Ciudad Darío, Barrio San Pedro, Casa Cural 1 1/2c. al Este', NULL, '449-281174-0000P', 'sábado', 1, '2022-04-09 20:46:14', '2022-04-09 20:46:14'),
	(99, 3, 1, 24, 'Lily Denees Webster Siles', 'Lily Denees Webster Siles', 75392789, 0, 'Semaforo del Mando Guido 1c al sur, 1 1/2c abajo', 'Semaforo del Mando Guido 1c al sur, 1 1/2c abajo', '001-130295-0017L', 'sábado', 1, '2022-04-09 21:57:06', '2022-04-09 21:57:06'),
	(100, 2, 1, 28, 'Nazarena del Rosario Rodriguez Hidalgo', 'Sala de belleza Nazarena', 57352621, 0, 'Sebaco, Barrio San Jerónimo , del puente de sobaco, 4c. al Este, 1/2c. al Norte, 1/2c. al Este', NULL, '161-010374-0003X', 'sábado', 1, '2022-04-09 22:44:45', '2022-04-11 18:51:06'),
	(101, 3, 2, 26, 'Mareling ortiz', 'Maritza', 87634534, 87634534, 'Rotonda la virgen', 'Rotonda la virgen', '0011203009865h', 'sábado', 1, '2022-04-11 17:56:55', '2022-04-11 17:56:55'),
	(102, 3, 2, 26, 'Virginia flores', 'Virginia', 88071437, 88071437, 'Maxi pali la fuente 1 kilometro abajo', 'Maxi pali la fuente', '3622706620000g', 'miércoles', 1, '2022-04-11 18:01:26', '2022-04-11 18:01:26'),
	(103, 2, 2, 26, 'Gabriela orozco arrieta', 'Koam', 78684426, 78684426, 'Semafaro el dorado 1 al sur 1 arriba', 'Semafaro el dorado 1 al sur 1 arriba', '8881605920000l', 'sábado', 1, '2022-04-11 19:12:16', '2022-04-11 19:12:16'),
	(104, 2, 2, 26, 'Oscar antonio miranda', 'Oscar salon', 88664015, 88664015, 'Villaflor contiguo a iglesia catolica', 'Villa flor sur', '0', 'miércoles', 1, '2022-04-11 19:22:03', '2022-04-11 19:22:03'),
	(105, 2, 2, 26, 'Marileth vanegas', 'Marileth', 75211206, 75211206, 'Semafaro club terraza 2 c.arriba', 'Edificio 10700', '00', 'jueves', 1, '2022-04-11 19:27:58', '2022-04-11 19:27:58'),
	(106, 2, 2, 26, 'Suyen luna', 'Suyen', 84508427, 84508427, 'Parque el madroño 2 al lago', 'Parque el madroño 2 al lago', '01', 'sábado', 1, '2022-04-11 19:41:55', '2022-04-11 19:41:55'),
	(107, 2, 2, 26, 'Cinthya telleria', 'Cinthya', 86888420, 86888420, 'Parque el madroño 1 c.al lago', 'Parque el madroño 1 c. Al lago', '002', 'viernes', 1, '2022-04-11 19:47:54', '2022-04-11 19:47:54'),
	(108, 2, 2, 27, 'Mercedes Orozco', 'Merci salón', 78028595, 78028595, 'Del súper exprés De Altagracia 1 C Al sur , 1 C Abajo , 1/2 Al lago', 'Altagracia 1 C Al sur , 1 C Abajo , 1/2 Al lago', '1', 'viernes', 1, '2022-04-11 19:49:13', '2022-04-11 19:49:13'),
	(109, 2, 2, 27, 'Lucína estrada', 'Luci Salón', 86683288, 86683288, 'Zumen , semáforos del gallo más gallo , 1 al lago , 1 Arriba , 1 1/2 al lago', 'Zumen , semáforos del gallo más gallo , 1 al lago , 1 Arriba , 1 1/2 al lago', '2', 'viernes', 1, '2022-04-11 19:52:26', '2022-04-11 19:52:26'),
	(110, 2, 2, 26, 'Karla urbina aburto', 'Karla', 89869712, 89869712, 'Reparto shick en el cine ideal', 'Reparto shick', '003', 'sábado', 1, '2022-04-11 19:54:16', '2022-04-11 19:54:16'),
	(111, 2, 2, 26, 'Darling rojas', 'Darling', 82149013, 82149013, 'Villa livertad  parada de buses la chelita 1 al sur', 'Villa livertad', '04', 'viernes', 1, '2022-04-11 20:07:38', '2022-04-11 20:07:38'),
	(112, 2, 2, 27, 'Ana Cecilia Figueroa', 'Ana Salón', 89172597, 89172597, 'Del ranchon   dela Alcadia 2 c abajo  25 baras al sur', 'Del ranchon   dela Alcadia 2 c abajo  25 baras al sur', '2020110730004N', 'domingo', 1, '2022-04-11 20:15:50', '2022-04-11 20:15:50'),
	(113, 2, 2, 26, 'Martha Hernández', 'Martha', 87603012, 87603012, 'Hotel ex 2 al lago 1 abajo', 'Hotel ex 2 al lago 1 abajo', '03', 'sábado', 1, '2022-04-11 20:16:28', '2022-04-11 20:16:28'),
	(114, 2, 2, 26, 'Georgina gamez', 'Georgina', 84758998, 84758998, 'Rotonda vello orizonte 1 al sur 2 abajo', 'Rotonda vello orizonte', 'O4', 'miércoles', 1, '2022-04-11 20:28:59', '2022-04-11 20:28:59'),
	(115, 2, 2, 26, 'Maria jose garcias', 'Maria', 88645730, 88645730, 'Contiguo al colegio luis alfonso velasque', 'Contiguo al colegio luis alfonso velasque', '05', 'sábado', 1, '2022-04-11 20:58:50', '2022-04-11 20:58:50'),
	(116, 2, 2, 26, 'Mileydi morales espinoza', 'Mileydi', 85393593, 85393593, 'Reparto shick tanque rojo 4 al sur', 'Reparto shick', '0004', 'sábado', 1, '2022-04-11 21:54:36', '2022-04-11 21:54:36'),
	(117, 2, 2, 26, 'Perla jarquin', 'Perla', 88664015, 88664015, 'Villa flor sur contiguo ala iglecia catolica', 'Villa flor sur', '004', 'miércoles', 1, '2022-04-11 22:21:06', '2022-04-11 22:21:06'),
	(118, 2, 2, 26, 'Reyna toruño', 'Reyna', 89846027, 89846027, 'Tipitapa gasolinera 1 2 cuadras abajo', 'Tipitapa', '008', 'sábado', 1, '2022-04-11 22:33:48', '2022-04-11 22:33:48'),
	(119, 3, 2, 26, 'Devora estela salinas', 'Devora', 83514647, 83514647, 'Contiguo al colegio luis alfonzo velasque', 'Contiguo al colegio luis alfonzo velasque', '09', 'viernes,sábado', 1, '2022-04-11 22:40:54', '2022-04-11 22:40:54'),
	(120, 2, 2, 26, 'Darling salazar marenco', 'Darling', 89969617, 89969617, 'Contiguo al parque los jardines de vera cruz', 'Jardines de vera cruz', '897', 'viernes', 1, '2022-04-11 22:53:26', '2022-04-11 22:53:26'),
	(121, 2, 2, 26, 'Maritza mercedes', 'Maritza', 76411376, 76411376, 'Rotonda la virgen 2 al sur 1 abajo', 'Rotonda la virgen', '890', 'martes', 1, '2022-04-11 23:03:43', '2022-04-11 23:03:43'),
	(122, 2, 2, 26, 'Brenda diaz', 'Brenda', 88806675, 88806675, 'Bario georgino andrades', 'Bario georgino andrades', '867', 'sábado', 1, '2022-04-11 23:09:27', '2022-04-11 23:09:27'),
	(123, 2, 2, 26, 'Ingrid montalvan', 'Ingrid', 81104880, 81104880, 'Residencia Praderas de cofradias', 'Praderas de cofradias', '734', 'viernes', 1, '2022-04-11 23:13:44', '2022-04-11 23:13:44'),
	(124, 2, 2, 26, 'Arlen soza', 'Arlen', 86267827, 86267827, 'Sabana grande', 'Sabana grande residencias altos de sabana grande', '46', 'viernes', 1, '2022-04-11 23:37:09', '2022-04-13 19:40:49'),
	(125, 3, 1, 24, 'Raquel Jose Lopez Gomez', 'Raquel Jose Lopez Gomez', 57325997, 0, 'B° Monseñor Lezcano porton cementerio general 1c al este', 'B° Monseñor Lezcano porton cementerio general 1c al este', '001-230486-0006H', 'sábado', 1, '2022-04-12 00:28:54', '2022-04-12 00:28:54'),
	(126, 3, 1, 24, 'Francis Audeli Baltodano Guadamuz', 'Francis Audeli Baltodano Guadamuz', 84935170, 0, 'B° Georgino Andrade', NULL, '0002', 'sábado', 1, '2022-04-12 00:32:14', '2022-04-12 00:32:14'),
	(127, 3, 1, 24, 'Lizett Carolina Peña Abarca', 'Lizett Carolina Peña Abarca', 85653636, 0, 'Ticuantepe, Villa Valeska N° 2, Km 13.2 carretera a Masaya 1200mtrs sureste. Casa N° 56', 'Ticuantepe, Villa Valeska N° 2, Km 13.2 carretera a Masaya 1200mtrs sureste. Casa N° 56', '401-110976-0004X', 'viernes', 1, '2022-04-12 00:35:33', '2022-04-12 00:35:33'),
	(128, 3, 1, 24, 'Olman Eugenio Treminio Soza', 'Olman Eugenio Treminio Soza', 86188504, 0, 'Mueye de los bueyes', 'Mueye de los bueyes', '0003', 'sábado', 1, '2022-04-12 00:43:23', '2022-04-12 00:43:23'),
	(129, 3, 1, 24, 'Karina Paola Gaitan Mendieta', 'Karina Paola Gaitan Mendieta', 86607728, 0, 'San Rafael del Sur, B° la bolsa esquina opuesta de donde fue el cine santa Marta', 'San Rafael del Sur, B° la bolsa esquina opuesta de donde fue el cine santa Marta', '001-260496-003T', 'viernes', 1, '2022-04-12 00:55:48', '2022-04-12 00:55:48'),
	(130, 3, 1, 24, 'Karen Eliett Narvaez Ampie', 'Karen Eliett Narvaez Ampie', 87545372, 0, 'B° Jonathan Gonzalez, Pricesmart 1 1/2c al este, 1 1/2c al sur', NULL, '001-280179-0042B', 'sábado', 1, '2022-04-12 01:02:37', '2022-04-12 01:02:37'),
	(131, 3, 1, 24, 'Genesis Leyton Campos', 'Genesis Leyton Campos', 78071725, 0, 'Barrio Riguero, del parque Bill stiwar 1c a lago, casa esquinera de dos piso. Mano izquierda.', NULL, '001-281296- 1015N', 'sábado', 1, '2022-04-12 01:07:34', '2022-04-12 01:07:34'),
	(132, 3, 1, 24, 'Veronica Petrona Collado Aleman', 'Veronica Petrona Collado Aleman', 86933438, 0, 'Empalme San Benito', 'Empalme San Benito', '001-290470-0044Y', 'sábado', 1, '2022-04-12 01:11:44', '2022-04-12 01:11:44'),
	(133, 3, 1, 24, 'Marbely del Socorro Sevilla', 'Marbely del Socorro Sevilla', 88317001, 0, 'Sebaco, de la cruz roja 1 1/2c al norte', NULL, '0005', 'sábado', 1, '2022-04-12 01:18:01', '2022-04-12 01:18:01'),
	(134, 2, 2, 27, 'Gelmi mejia', 'Lesecret Gelmi', 87531383, 87531383, 'Bello Manecer', 'Bello amanecer', '6', 'sábado', 1, '2022-04-12 18:26:20', '2022-04-12 18:26:20'),
	(135, 2, 2, 27, 'Karen estrada', 'Karen Salon', 88875591, 88875591, 'Mercado Israel Lewites', 'Mercado Israel Lewites', '9', 'sábado', 1, '2022-04-12 18:48:50', '2022-04-12 18:48:50'),
	(136, 2, 2, 27, 'Jessenia Reyes', 'Jessi salón', 55044793, 55044793, 'Mercado Israel Lewites', 'Mercado Israel Lewites', '7', 'jueves', 1, '2022-04-12 18:53:58', '2022-04-12 18:53:58'),
	(137, 2, 2, 27, 'Indira Reyes', 'Indira salón', 86819980, 86819980, 'Altagracia', 'Altagracia', '8', 'viernes', 1, '2022-04-12 19:25:16', '2022-04-12 19:25:16'),
	(138, 3, 2, 24, 'Fatima Zeledon', 'Fatima Zeledon', 75334634, 0, 'Semaforos de la asamblea nacaional, 800mtrs abajo', 'Semaforos de la asamblea nacaional, 800mtrs abajo', '4410211840002R', 'sábado', 1, '2022-04-12 20:31:53', '2022-04-12 20:31:53'),
	(139, 2, 2, 27, 'Gabriela De los angeles Quiroz Delgado', 'Gaby Salón', 84724076, 84724076, 'B. San Judas , del gallo más gallo zumen 8 1/2 Al sur', 'B. San Judas , del gallo más gallo zumen 8 1/2 Al sur', '0011411921003K', 'miércoles', 1, '2022-04-12 22:47:05', '2022-04-12 22:47:05'),
	(140, 2, 2, 26, 'Maria dessire sotelo', 'Merides', 85093102, 85093102, 'Villa canada anden 2 casa 44', 'Villa canada', '0011110850068t', 'sábado', 1, '2022-04-13 01:06:58', '2022-04-13 01:06:58'),
	(141, 2, 1, 28, 'Angeles Picado', 'Beauty House by Angeles', 85112527, 0, 'Matagalpa,De donde fue transitó, 1c al Oeste, 1/2c. al Sur', NULL, '241-290998-0002H', 'sábado', 1, '2022-04-13 20:49:07', '2022-04-13 20:49:07'),
	(142, 2, 2, 26, 'Valeria vanegas rocha', 'Valeria', 89583347, 89583347, 'Km.12.3 entradas los vanegas 2 km adentro callegon delos rocha 3 casa mano izquierda', 'Los vanegas', '0012802840043g', 'sábado', 1, '2022-04-19 18:38:00', '2022-04-19 18:38:00'),
	(143, 2, 1, 28, 'Rebeca del Carmen Rizo Castro', 'Sala de Belleza Rizo', 88324478, 0, 'Matiguas, del puente Central, 75 varas al Este.', NULL, '443-031174-0000F', 'lunes,martes', 1, '2022-04-19 19:49:52', '2022-04-19 19:49:52'),
	(144, 2, 1, 28, 'Geoconda Rayo Zeledon', 'Geoconda Salon', 83383913, 0, 'Matagalpa, del portón del cementerio 1 1/2c. al Este', NULL, '441-180778-0001S', 'martes,miércoles', 1, '2022-04-19 23:49:03', '2022-04-19 23:49:03'),
	(145, 2, 1, 28, 'Mayra Cruz López', 'Eryel Salón', 84092944, 0, 'Matagalpa, de la gradas de apante, 75 varas al Norte', NULL, '441-010268-0012Y', 'martes,lunes', 1, '2022-04-20 00:49:40', '2022-04-20 00:51:26'),
	(146, 2, 1, 28, 'Ileana Huete Corin', 'Sala de Belleza Mariel', 58443836, 0, 'Matagalpa, Costado Norte de la Cancha el Brigadista', 'Matagalpa, Costado Norte de la Cancha el Brigadista', '441-080695-1000W', 'lunes,martes', 1, '2022-04-20 01:05:48', '2022-04-20 01:05:48'),
	(147, 2, 2, 24, 'Ronny Romero Davila', 'Ronny Romero Davila', 78127656, 0, 'Chinandega. del supermercado Pali Santa Ana 3c abajo, 1/2c al norte', 'Chinandega. del supermercado Pali Santa Ana 3c abajo, 1/2c al norte', '0810810910002Y', 'sábado', 1, '2022-04-20 05:11:28', '2022-04-20 05:11:28'),
	(148, 2, 1, 28, 'Blanca Ena Pérez', 'Sarahí Salón', 57157841, 0, 'Somoto, Terminal de buses 1 1/2c al sur, sector 4', 'Somoto, Terminal de buses 1 1/2c al sur, sector 4', '321-270879-0000T', 'jueves,miércoles', 1, '2022-04-20 20:35:18', '2022-04-20 20:35:18'),
	(149, 2, 2, 27, 'Ingrid Valeria largaespada Hernandez', 'Beauty Art makeup salón', 89597875, 89597875, 'Ciudad el doral , calle 6 entre Avenida 11 y 12 Casa # O53', 'Ciudad el doral , calle 6 entre Avenida 11 y 12 Casa # O53', '0012109910000C', 'miércoles', 1, '2022-04-20 20:39:06', '2022-04-20 20:39:06'),
	(150, 2, 1, 27, 'Mariela Rayo', 'Peluquería Wonderlook', 88625246, 88625246, 'De los semáforos del Guanacaste 1 C arriba , 1/2  Al lago', 'De los semáforos del Guanacaste 1 C arriba , 1/2  Al lago', '0410406750007L', 'miércoles', 1, '2022-04-20 20:51:51', '2022-04-20 20:51:51'),
	(151, 2, 2, 26, 'Felicia rodriguez', 'Salon sagitario', 87825108, 87825108, 'Frente al colegio 14 de septiembre', '14 de septiembre', '7899812869087g', 'viernes', 1, '2022-04-20 21:26:22', '2022-04-20 21:26:22'),
	(152, 3, 2, 24, 'Mariela Centeno Romero', 'Mariela Centeno Romero', 88339720, 0, 'Juigalpa. Claro 2 1/2c al oeste', NULL, '1211506810000L', 'miércoles', 1, '2022-04-20 22:02:10', '2022-04-20 22:02:10'),
	(153, 2, 2, 26, 'Gladys Rodríguez brene', 'Jeremy salon', 86531585, 86531385, 'Costado sur de la pizza hat los robles', 'Los robles costado sur de la piza hat', '00114078000111E', 'jueves', 1, '2022-04-20 22:17:33', '2022-04-20 22:17:33'),
	(154, 2, 2, 27, 'Génesis Fernanda Méndez', 'Fernailsart', 82932228, 82932228, 'Bello horizonte de la taquiza 4 Al Sur', 'Multicentro las brisas', '0010105020015M', 'miércoles', 1, '2022-04-20 22:37:04', '2022-04-20 22:37:04'),
	(155, 2, 1, 28, 'Luz Faviola López Mendieta', 'Jessica Salón', 88372537, 0, 'Ocotal, del centro de Salud Dolores Fletes, 2C. al Oeste, Barrio Monseñor Madrigal', NULL, '481-170268-0001W', 'miércoles,jueves', 1, '2022-04-20 23:37:00', '2022-04-20 23:37:00'),
	(156, 2, 1, 28, 'Fanely Vanessa Obregón Valles', 'Fanely Salon’s', 88325046, 0, 'San Isidro, cotran Vieja, 2C al Norte, 3c al Este', NULL, '565-110197-1000K', 'jueves,viernes', 1, '2022-04-21 19:09:45', '2022-04-21 19:09:45'),
	(157, 2, 1, 28, 'Ana Francis Pérez Vallejo', 'Francis Salon’s', 84065411, 0, 'La Trinidad, Frente a los Bomberos ó del Hospital 250 varas al Norte.', NULL, '165-260991-0000Q', 'viernes,jueves', 1, '2022-04-21 19:49:31', '2022-04-21 19:49:31'),
	(158, 2, 1, 28, 'Wendy Carolina Gutiérrez Rivas', 'Fussion Salon', 57625578, 0, 'Estelí, Monumento Barrera 1/2C al Oesta, Barrio Omar Torrijos', NULL, '607-080589-0002A', 'viernes,jueves', 1, '2022-04-21 23:12:29', '2022-04-21 23:12:29'),
	(159, 2, 1, 28, 'Evelia Rugama', 'Sala de Belleza Venus', 77155884, 0, 'San Rafael del Norte, Del parque Urania Zelaya, 1 1/2 al Norte', NULL, '242-210780-0000Q', 'jueves,viernes', 1, '2022-04-22 22:32:41', '2022-04-22 22:32:41'),
	(160, 2, 1, 28, 'Josseling Herrera Medina', 'Velquiz Salón', 57473427, 0, 'Jinotega Del Tiptop, 1 1/2c al Oeste.', NULL, '241-120497-0001S', 'jueves,viernes', 1, '2022-04-23 00:07:21', '2022-04-23 00:07:21'),
	(161, 2, 2, 26, 'Margarita lacayo', 'Margarita', 88619302, 88619304, 'Altamira el parque 1 al sur 1 abajo', 'Altamira', '012130690785j', 'viernes', 1, '2022-04-23 00:23:38', '2022-04-23 00:23:38'),
	(162, 2, 1, 28, 'Gabriela Urbina García', 'Total Change', 87128477, 0, 'Matagalpa, de la más por menos 2 cuadras al sur 10 varas al oeste ó frente la Iglesia los Mormones', NULL, '441-271299-1005L', 'viernes', 1, '2022-04-23 02:03:25', '2022-04-23 02:12:34'),
	(163, 3, 1, 24, 'Gladys Karelyn Castellon Sequeira', 'Gladys Karelyn Castellon Sequeira', 88508919, 0, 'Managua. Tica bus 1c. al norte', NULL, '0010501750055M', 'sábado', 1, '2022-04-23 18:04:06', '2022-04-23 18:04:06'),
	(164, 2, 1, 28, 'Yunielka Flores Orozco', 'Salon Flores', 87290606, 0, 'Ciudad Darío, Mercado Municipal, esquina opuesta a sala de Belleza Chilo', NULL, '449-140998-1001D', 'sábado', 1, '2022-04-24 00:36:31', '2022-04-24 00:42:35'),
	(165, 2, 1, 28, 'Cecilia Orozco Delgadillo', 'Sala de Belleza Chilo', 87128203, 0, 'Ciudad Darío, Mercado municipal, tramo #21', NULL, '449-150567-0009U', 'sábado', 1, '2022-04-24 00:39:32', '2022-04-24 00:39:32'),
	(166, 2, 4, 28, 'Heisel Carolina Rodezno Velazquez', 'Heisel Salon’s', 84922767, 0, 'Matagalpa, Barrio Solingalpa, Colonia Hermandad Francesa Iglesia Católica 2c al Sur', NULL, '441-280475-0009J', 'viernes,sábado', 1, '2022-04-25 02:59:58', '2022-04-25 02:59:58'),
	(167, 2, 2, 27, 'Andrea del Carmen massiel Blandón', 'Andrea salón', 84564291, 22939798, 'Ciudad sandino, urbanización Valle santa Rosa bloque C-11 casa 267', 'Ciudad sandino, urbanización Valle santa Rosa bloque C-11 casa 267', '6043011700002N', 'miércoles', 1, '2022-04-25 20:00:54', '2022-04-25 20:00:54'),
	(168, 2, 4, 27, 'Yolimas torres Zamora', 'Yolima\'s Beauty nails', 81307801, 81307801, 'Ciudad Sandino , Urb valle Santa Rosa bloque B2- 60', 'Ciudad Sandino , Urb valle Santa Rosa bloque B2- 60', '6071310810001L', 'miércoles', 1, '2022-04-25 21:33:09', '2022-04-25 21:33:09'),
	(169, 2, 2, 28, 'Carla Jose Albarenga Guzmán', 'Carla Beauty Salón', 87140839, 0, 'Matiguas, Barrio 24 de Junio, de la Iglesia Guadalupe 75vrs al Sur.', NULL, '361-040389-0003B', 'lunes', 1, '2022-04-26 00:16:29', '2022-04-26 00:16:29'),
	(170, 2, 1, 28, 'María de Jesús Moran Centeno', 'D’Look Salón y Spa', 84338623, 86146711, 'Matagalpa, De casa de la novia, 75vrs al Este', NULL, '441-010174-0003E', 'lunes,martes', 1, '2022-04-27 00:08:16', '2022-04-27 00:08:16'),
	(171, 2, 1, 27, 'Katty Torrez', 'Zoe\'s Beauty salón', 78077492, 78077492, 'Raspados Lolis sumen , 1 Abajo  , 1/2 Al sur', 'Raspados Lolis sumen , 1 Abajo  , 1/2 Al sur', '0011906870057M', 'miércoles', 1, '2022-04-27 00:11:36', '2022-04-27 00:11:36'),
	(172, 2, 2, 28, 'Melba Flores', 'Nachi Melba Flores', 89029655, 0, 'Jalapa, Banco Avanz, 1c al Norte', 'Jalapa, Banco Avanz, 1c al Norte.', '488-070184-002E', 'miércoles', 1, '2022-04-27 20:18:05', '2022-04-27 20:18:05'),
	(173, 2, 2, 28, 'Claudia Patricia Martinez Torrez', 'Patry Salón (Jalapa)', 57415321, 0, 'Jalapa, del Mercado Municipal 1/2c. Al Este.', NULL, '489-100889-0000U', 'jueves,miércoles', 1, '2022-04-27 21:22:00', '2022-04-27 21:22:00');
/*!40000 ALTER TABLE `clientes` ENABLE KEYS */;

-- Volcando estructura para tabla api_maquillaje.deuda_contados
CREATE TABLE IF NOT EXISTS `deuda_contados` (
  `id` bigint(20) unsigned NOT NULL AUTO_INCREMENT,
  `devolucion_factura_id` bigint(20) unsigned NOT NULL,
  `monto` double(7,2) NOT NULL,
  `estado` int(11) NOT NULL,
  `created_at` timestamp NULL DEFAULT NULL,
  `updated_at` timestamp NULL DEFAULT NULL,
  PRIMARY KEY (`id`),
  KEY `deuda_contados_devolucion_factura_id_foreign` (`devolucion_factura_id`),
  CONSTRAINT `deuda_contados_devolucion_factura_id_foreign` FOREIGN KEY (`devolucion_factura_id`) REFERENCES `devolucion_facturas` (`id`)
) ENGINE=InnoDB DEFAULT CHARSET=utf8mb4 COLLATE=utf8mb4_unicode_ci;

-- Volcando datos para la tabla api_maquillaje.deuda_contados: ~0 rows (aproximadamente)
/*!40000 ALTER TABLE `deuda_contados` DISABLE KEYS */;
/*!40000 ALTER TABLE `deuda_contados` ENABLE KEYS */;

-- Volcando estructura para tabla api_maquillaje.deuda_contado_productos
CREATE TABLE IF NOT EXISTS `deuda_contado_productos` (
  `id` bigint(20) unsigned NOT NULL AUTO_INCREMENT,
  `devolucion_producto_id` bigint(20) unsigned NOT NULL,
  `monto` double(7,2) NOT NULL,
  `estado` int(11) NOT NULL,
  `created_at` timestamp NULL DEFAULT NULL,
  `updated_at` timestamp NULL DEFAULT NULL,
  PRIMARY KEY (`id`),
  KEY `deuda_contado_productos_devolucion_producto_id_foreign` (`devolucion_producto_id`),
  CONSTRAINT `deuda_contado_productos_devolucion_producto_id_foreign` FOREIGN KEY (`devolucion_producto_id`) REFERENCES `devolucion_productos` (`id`)
) ENGINE=InnoDB DEFAULT CHARSET=utf8mb4 COLLATE=utf8mb4_unicode_ci;

-- Volcando datos para la tabla api_maquillaje.deuda_contado_productos: ~0 rows (aproximadamente)
/*!40000 ALTER TABLE `deuda_contado_productos` DISABLE KEYS */;
/*!40000 ALTER TABLE `deuda_contado_productos` ENABLE KEYS */;

-- Volcando estructura para tabla api_maquillaje.devolucion_facturas
CREATE TABLE IF NOT EXISTS `devolucion_facturas` (
  `id` bigint(20) unsigned NOT NULL AUTO_INCREMENT,
  `factura_id` bigint(20) unsigned NOT NULL,
  `user_id` bigint(20) unsigned NOT NULL,
  `descripcion` varchar(255) COLLATE utf8mb4_unicode_ci DEFAULT NULL,
  `estado` int(11) NOT NULL,
  `created_at` timestamp NULL DEFAULT NULL,
  `updated_at` timestamp NULL DEFAULT NULL,
  PRIMARY KEY (`id`),
  KEY `devolucion_facturas_factura_id_foreign` (`factura_id`),
  KEY `devolucion_facturas_user_id_foreign` (`user_id`),
  CONSTRAINT `devolucion_facturas_factura_id_foreign` FOREIGN KEY (`factura_id`) REFERENCES `facturas` (`id`),
  CONSTRAINT `devolucion_facturas_user_id_foreign` FOREIGN KEY (`user_id`) REFERENCES `users` (`id`)
) ENGINE=InnoDB AUTO_INCREMENT=9 DEFAULT CHARSET=utf8mb4 COLLATE=utf8mb4_unicode_ci;

-- Volcando datos para la tabla api_maquillaje.devolucion_facturas: ~0 rows (aproximadamente)
/*!40000 ALTER TABLE `devolucion_facturas` DISABLE KEYS */;
INSERT INTO `devolucion_facturas` (`id`, `factura_id`, `user_id`, `descripcion`, `estado`, `created_at`, `updated_at`) VALUES
	(2, 5, 25, 'test1', 1, '2022-04-29 20:06:31', '2022-04-29 20:06:31'),
	(3, 6, 25, 'test2', 1, '2022-04-29 20:16:29', '2022-04-29 20:16:29'),
	(4, 7, 25, 'test3', 1, '2022-04-30 02:18:49', '2022-04-30 02:18:49'),
	(5, 257, 25, 'testtt', 1, '2022-04-30 13:06:37', '2022-04-30 13:06:37'),
	(6, 258, 25, 'afsasf', 1, '2022-04-30 13:30:27', '2022-04-30 13:30:27'),
	(7, 260, 25, 'prueba', 1, '2022-05-01 17:21:31', '2022-05-01 17:21:31'),
	(8, 8, 25, 'tes 22', 1, '2022-05-02 22:07:27', '2022-05-02 22:07:27');
/*!40000 ALTER TABLE `devolucion_facturas` ENABLE KEYS */;

-- Volcando estructura para tabla api_maquillaje.devolucion_productos
CREATE TABLE IF NOT EXISTS `devolucion_productos` (
  `id` bigint(20) unsigned NOT NULL AUTO_INCREMENT,
  `factura_detalle_id` bigint(20) unsigned NOT NULL,
  `user_id` bigint(20) unsigned NOT NULL,
  `descripcion` varchar(255) COLLATE utf8mb4_unicode_ci DEFAULT NULL,
  `cantidad` int(11) NOT NULL,
  `estado` int(11) NOT NULL,
  `created_at` timestamp NULL DEFAULT NULL,
  `updated_at` timestamp NULL DEFAULT NULL,
  PRIMARY KEY (`id`),
  KEY `devolucion_productos_factura_detalle_id_foreign` (`factura_detalle_id`),
  KEY `devolucion_productos_user_id_foreign` (`user_id`),
  CONSTRAINT `devolucion_productos_factura_detalle_id_foreign` FOREIGN KEY (`factura_detalle_id`) REFERENCES `factura_detalles` (`id`),
  CONSTRAINT `devolucion_productos_user_id_foreign` FOREIGN KEY (`user_id`) REFERENCES `users` (`id`)
) ENGINE=InnoDB AUTO_INCREMENT=2 DEFAULT CHARSET=utf8mb4 COLLATE=utf8mb4_unicode_ci;

-- Volcando datos para la tabla api_maquillaje.devolucion_productos: ~0 rows (aproximadamente)
/*!40000 ALTER TABLE `devolucion_productos` DISABLE KEYS */;
INSERT INTO `devolucion_productos` (`id`, `factura_detalle_id`, `user_id`, `descripcion`, `cantidad`, `estado`, `created_at`, `updated_at`) VALUES
	(1, 12, 25, NULL, 1, 1, '2022-05-01 15:06:34', '2022-05-01 15:06:34');
/*!40000 ALTER TABLE `devolucion_productos` ENABLE KEYS */;

-- Volcando estructura para tabla api_maquillaje.facturas
CREATE TABLE IF NOT EXISTS `facturas` (
  `id` bigint(20) unsigned NOT NULL AUTO_INCREMENT,
  `user_id` bigint(20) unsigned NOT NULL,
  `cliente_id` bigint(20) unsigned NOT NULL,
  `monto` double(7,2) NOT NULL,
  `saldo_restante` double(7,2) NOT NULL,
  `fecha_vencimiento` datetime NOT NULL,
  `iva` double(7,2) NOT NULL,
  `tipo_venta` int(11) NOT NULL,
  `status_pagado` int(11) NOT NULL,
  `despachado` int(11) NOT NULL DEFAULT '0',
  `status` int(11) NOT NULL,
  `created_at` timestamp NULL DEFAULT NULL,
  `updated_at` timestamp NULL DEFAULT NULL,
  PRIMARY KEY (`id`),
  KEY `facturas_user_id_foreign` (`user_id`),
  KEY `facturas_cliente_id_foreign` (`cliente_id`),
  CONSTRAINT `facturas_cliente_id_foreign` FOREIGN KEY (`cliente_id`) REFERENCES `clientes` (`id`),
  CONSTRAINT `facturas_user_id_foreign` FOREIGN KEY (`user_id`) REFERENCES `users` (`id`)
) ENGINE=InnoDB AUTO_INCREMENT=261 DEFAULT CHARSET=utf8mb4 COLLATE=utf8mb4_unicode_ci;

-- Volcando datos para la tabla api_maquillaje.facturas: ~0 rows (aproximadamente)
/*!40000 ALTER TABLE `facturas` DISABLE KEYS */;
INSERT INTO `facturas` (`id`, `user_id`, `cliente_id`, `monto`, `saldo_restante`, `fecha_vencimiento`, `iva`, `tipo_venta`, `status_pagado`, `despachado`, `status`, `created_at`, `updated_at`) VALUES
	(5, 20, 1, 80.00, 80.00, '2022-04-04 12:00:00', 0.00, 1, 0, 1, 0, '2022-03-14 20:03:21', '2022-04-29 20:06:31'),
	(6, 21, 1, 200.00, 200.00, '2022-04-04 12:00:00', 0.00, 1, 0, 1, 0, '2022-03-15 03:58:37', '2022-04-29 20:16:29'),
	(7, 21, 1, 40.00, 40.00, '2022-04-04 12:00:00', 0.00, 1, 0, 1, 0, '2022-03-15 04:31:53', '2022-04-30 02:18:49'),
	(8, 25, 3, 405.00, 405.00, '2022-03-23 12:00:00', 0.00, 2, 1, 1, 0, '2022-03-15 20:27:08', '2022-05-02 22:07:27'),
	(9, 26, 4, 80.00, 40.00, '2022-04-28 12:00:00', 0.00, 1, 0, 1, 1, '2022-03-17 23:01:05', '2022-04-29 20:14:02'),
	(10, 26, 5, 95.00, 18.00, '2022-04-28 12:00:00', 0.00, 1, 0, 1, 0, '2022-03-17 23:15:31', '2022-05-01 15:06:34'),
	(11, 27, 9, 140.00, 50.69, '2022-04-28 12:00:00', 0.00, 1, 0, 1, 1, '2022-03-18 01:15:58', '2022-04-29 20:14:02'),
	(12, 27, 6, 195.00, 0.00, '2022-04-28 12:00:00', 0.00, 1, 1, 1, 1, '2022-03-18 01:17:39', '2022-04-29 20:14:02'),
	(13, 26, 10, 210.00, 190.71, '2022-04-28 12:00:00', 0.00, 1, 0, 1, 1, '2022-03-18 01:19:18', '2022-04-29 20:14:02'),
	(14, 27, 11, 80.00, 0.00, '2022-04-28 12:00:00', 0.00, 1, 1, 1, 1, '2022-03-18 01:39:10', '2022-04-29 20:14:02'),
	(15, 26, 12, 140.00, 100.00, '2022-04-28 12:00:00', 0.00, 1, 0, 1, 1, '2022-03-18 03:57:40', '2022-04-29 20:14:02'),
	(16, 26, 14, 195.00, 0.00, '2022-04-29 12:00:00', 0.00, 1, 1, 1, 1, '2022-03-18 22:27:05', '2022-04-29 20:14:02'),
	(17, 27, 15, 46.00, 0.00, '2022-04-18 12:00:00', 0.00, 1, 1, 1, 1, '2022-03-18 23:59:21', '2022-04-29 20:14:02'),
	(18, 27, 15, 4.00, 0.00, '2022-04-18 12:00:00', 0.00, 1, 1, 1, 1, '2022-03-19 00:25:45', '2022-04-29 20:14:02'),
	(19, 27, 15, 4.00, 4.00, '2022-04-18 12:00:00', 0.00, 1, 0, 0, 0, '2022-03-19 00:25:47', '2022-04-29 20:08:49'),
	(20, 27, 17, 14.00, 0.00, '2022-03-30 12:00:00', 0.00, 1, 1, 1, 1, '2022-03-19 01:26:15', '2022-04-29 20:14:02'),
	(21, 27, 18, 195.00, 44.00, '2022-04-29 12:00:00', 0.00, 1, 0, 1, 1, '2022-03-19 22:07:05', '2022-04-29 20:14:02'),
	(22, 25, 19, 210.00, 210.00, '2022-04-29 12:00:00', 0.00, 1, 0, 1, 1, '2022-03-19 22:20:18', '2022-04-07 17:33:02'),
	(23, 25, 20, 140.00, 50.00, '2022-04-29 12:00:00', 0.00, 1, 0, 1, 1, '2022-03-19 22:21:26', '2022-04-29 20:14:02'),
	(24, 25, 21, 14.00, 0.00, '2022-04-29 12:00:00', 0.00, 1, 1, 1, 1, '2022-03-20 01:41:28', '2022-04-29 20:14:02'),
	(25, 25, 22, 33.00, 33.00, '2022-04-08 12:00:00', 0.00, 1, 0, 1, 1, '2022-03-20 03:05:01', '2022-04-07 17:33:41'),
	(26, 27, 24, 48.00, 0.00, '2022-04-21 12:00:00', 0.00, 1, 1, 1, 1, '2022-03-21 03:16:01', '2022-04-29 20:14:02'),
	(27, 27, 24, 48.00, 48.00, '2022-04-21 12:00:00', 0.00, 1, 0, 0, 0, '2022-03-21 03:16:02', '2022-04-29 20:08:49'),
	(28, 27, 25, 13.00, 0.00, '2022-04-11 12:00:00', 0.00, 1, 1, 1, 1, '2022-03-21 19:28:39', '2022-04-29 20:14:02'),
	(29, 27, 23, 29.00, 0.00, '2022-05-31 12:00:00', 0.00, 1, 1, 1, 1, '2022-03-21 19:43:00', '2022-04-29 20:14:02'),
	(30, 25, 26, 75.00, 0.00, '2022-05-02 12:00:00', 0.00, 1, 1, 1, 1, '2022-03-21 22:19:23', '2022-04-29 20:14:02'),
	(31, 26, 27, 66.00, 0.00, '2022-05-02 12:00:00', 0.00, 1, 1, 1, 1, '2022-03-21 23:00:33', '2022-04-29 20:14:02'),
	(32, 26, 29, 21.00, 21.00, '2022-05-02 12:00:00', 0.00, 2, 1, 1, 1, '2022-03-22 00:14:26', '2022-04-29 20:08:49'),
	(33, 26, 28, 31.00, 0.00, '2022-05-02 12:00:00', 0.00, 1, 1, 1, 1, '2022-03-22 00:19:40', '2022-04-29 20:14:02'),
	(34, 27, 24, 3.00, 0.00, '2022-04-02 12:00:00', 0.00, 1, 1, 1, 1, '2022-03-22 00:29:04', '2022-04-29 20:14:02'),
	(35, 27, 24, 22.00, 0.00, '2022-05-02 12:00:00', 0.00, 1, 1, 1, 1, '2022-03-22 00:43:00', '2022-04-29 20:14:02'),
	(36, 26, 28, 36.00, 3.94, '2022-05-02 12:00:00', 0.00, 1, 0, 1, 1, '2022-03-22 01:10:19', '2022-04-29 20:14:02'),
	(37, 26, 30, 138.00, 8.00, '2022-05-02 12:00:00', 0.00, 1, 0, 1, 1, '2022-03-22 02:05:37', '2022-04-29 20:14:02'),
	(38, 27, 32, 22.00, 0.00, '2022-04-15 12:00:00', 0.00, 1, 1, 1, 1, '2022-03-22 03:10:28', '2022-04-29 20:14:02'),
	(39, 26, 27, 9.00, 0.00, '2022-05-02 12:00:00', 0.00, 1, 1, 1, 1, '2022-03-22 04:23:20', '2022-04-29 20:14:02'),
	(40, 26, 33, 54.00, 15.90, '2022-05-02 12:00:00', 0.00, 1, 0, 1, 1, '2022-03-22 04:29:21', '2022-04-29 20:14:02'),
	(41, 27, 34, 57.00, 17.00, '2022-04-10 12:00:00', 0.00, 1, 0, 1, 1, '2022-03-22 05:34:35', '2022-04-29 20:14:02'),
	(42, 26, 27, 195.00, 170.00, '2022-05-03 12:00:00', 0.00, 1, 0, 1, 1, '2022-03-22 22:59:06', '2022-04-29 20:14:02'),
	(43, 25, 35, 40.00, 40.00, '2022-04-12 12:00:00', 0.00, 2, 1, 1, 1, '2022-03-22 23:11:26', '2022-04-29 20:08:49'),
	(44, 25, 36, 195.00, 195.00, '2022-04-12 12:00:00', 0.00, 2, 1, 1, 1, '2022-03-22 23:15:19', '2022-04-29 20:08:49'),
	(45, 27, 23, 9.00, 9.00, '2022-04-21 12:00:00', 0.00, 2, 1, 1, 1, '2022-03-23 00:22:51', '2022-04-29 20:08:49'),
	(46, 25, 37, 524.80, 0.00, '2022-05-03 12:00:00', 0.00, 1, 1, 1, 1, '2022-03-23 02:04:19', '2022-04-29 20:14:02'),
	(47, 26, 12, 45.00, 45.00, '2022-05-03 12:00:00', 0.00, 1, 0, 1, 1, '2022-03-23 03:43:23', '2022-04-07 17:40:49'),
	(48, 27, 39, 17.00, 0.00, '2022-05-03 12:00:00', 0.00, 1, 1, 1, 1, '2022-03-23 03:58:55', '2022-04-29 20:14:02'),
	(49, 25, 40, 40.00, 40.00, '2022-04-13 12:00:00', 0.00, 1, 0, 1, 1, '2022-03-23 22:01:19', '2022-04-07 17:41:00'),
	(50, 25, 41, 18.00, 0.00, '2022-04-13 12:00:00', 0.00, 1, 1, 1, 1, '2022-03-23 22:02:23', '2022-04-29 20:14:02'),
	(51, 25, 42, 38.00, 38.00, '2022-04-13 12:00:00', 0.00, 1, 0, 1, 1, '2022-03-23 22:03:26', '2022-04-07 17:41:16'),
	(52, 27, 43, 41.00, 0.00, '2022-04-23 12:00:00', 0.00, 1, 1, 1, 1, '2022-03-24 01:54:04', '2022-04-29 20:14:02'),
	(54, 25, 44, 44.00, 44.00, '2022-05-05 12:00:00', 0.00, 1, 0, 1, 1, '2022-03-24 21:53:19', '2022-04-07 17:41:41'),
	(55, 25, 45, 9.00, 0.00, '2022-05-05 12:00:00', 0.00, 1, 1, 1, 1, '2022-03-24 21:54:34', '2022-04-29 20:14:02'),
	(56, 25, 46, 13.00, 0.00, '2022-05-05 12:00:00', 0.00, 1, 1, 1, 1, '2022-03-24 21:55:44', '2022-04-29 20:14:02'),
	(57, 26, 47, 22.00, 0.00, '2022-05-05 12:00:00', 0.00, 1, 1, 1, 1, '2022-03-24 22:20:50', '2022-04-29 20:14:02'),
	(58, 26, 48, 119.00, 28.66, '2022-05-05 12:00:00', 0.00, 1, 0, 1, 1, '2022-03-24 23:18:47', '2022-04-29 20:14:02'),
	(59, 26, 48, 22.00, 22.00, '2022-05-05 12:00:00', 0.00, 1, 0, 1, 1, '2022-03-24 23:21:44', '2022-04-07 17:42:07'),
	(60, 27, 49, 21.00, 21.00, '2022-03-31 12:00:00', 0.00, 1, 0, 1, 1, '2022-03-24 23:55:39', '2022-04-07 17:42:17'),
	(61, 26, 50, 80.00, 25.00, '2022-05-05 12:00:00', 0.00, 1, 0, 1, 1, '2022-03-25 00:10:11', '2022-04-29 20:14:02'),
	(62, 25, 37, 224.00, 0.00, '2022-05-05 12:00:00', 0.00, 1, 1, 1, 1, '2022-03-25 00:15:45', '2022-04-29 20:14:02'),
	(63, 27, 39, 29.00, 29.00, '2022-04-22 12:00:00', 0.00, 1, 0, 0, 0, '2022-03-25 01:38:02', '2022-04-29 20:08:50'),
	(64, 27, 39, 29.00, 29.00, '2022-04-22 12:00:00', 0.00, 1, 0, 0, 0, '2022-03-25 01:38:03', '2022-04-29 20:08:50'),
	(65, 27, 52, 140.00, 20.00, '2022-04-24 12:00:00', 0.00, 1, 0, 1, 1, '2022-03-25 04:03:43', '2022-04-29 20:14:02'),
	(66, 25, 53, 9.00, 9.00, '2022-04-15 12:00:00', 0.00, 1, 0, 1, 1, '2022-03-25 23:29:39', '2022-04-07 17:42:35'),
	(67, 25, 3, 4.00, 4.00, '2022-04-04 12:00:00', 0.00, 2, 1, 1, 1, '2022-03-25 23:30:11', '2022-04-29 20:08:50'),
	(69, 26, 54, 27.00, 0.00, '2022-05-06 12:00:00', 0.00, 1, 1, 1, 1, '2022-03-25 23:42:42', '2022-04-29 20:14:02'),
	(70, 26, 54, 195.00, 76.83, '2022-05-06 12:00:00', 0.00, 1, 0, 1, 1, '2022-03-26 00:01:48', '2022-04-29 20:14:02'),
	(71, 25, 3, 170.00, 170.00, '2022-04-05 12:00:00', 0.00, 1, 0, 0, 0, '2022-03-28 20:38:50', '2022-04-29 20:08:50'),
	(72, 25, 37, 88.80, 0.00, '2022-05-09 12:00:00', 0.00, 1, 1, 1, 1, '2022-03-28 20:57:26', '2022-04-29 20:14:02'),
	(73, 27, 38, 210.00, 36.00, '2022-04-28 12:00:00', 0.00, 1, 0, 1, 1, '2022-03-28 22:53:26', '2022-04-29 20:14:02'),
	(74, 27, 38, 0.00, 0.00, '2022-05-09 12:00:00', 0.00, 1, 0, 1, 1, '2022-03-28 23:21:09', '2022-04-29 20:08:50'),
	(75, 27, 39, 29.00, 16.00, '2022-04-28 12:00:00', 0.00, 1, 0, 1, 1, '2022-03-28 23:28:39', '2022-04-29 20:14:02'),
	(76, 27, 55, 26.00, 0.00, '2022-04-28 12:00:00', 0.00, 1, 1, 1, 1, '2022-03-29 01:09:36', '2022-04-29 20:14:02'),
	(77, 26, 57, 140.00, 80.00, '2022-05-10 12:00:00', 0.00, 1, 0, 1, 1, '2022-03-29 23:47:54', '2022-04-29 20:14:02'),
	(78, 26, 57, 8.00, 8.00, '2022-05-10 12:00:00', 0.00, 1, 0, 1, 1, '2022-03-29 23:52:50', '2022-04-07 17:44:27'),
	(79, 27, 58, 22.00, 22.00, '2022-04-15 12:00:00', 0.00, 1, 0, 0, 0, '2022-03-30 00:12:20', '2022-04-29 20:08:50'),
	(80, 25, 21, 35.00, 6.04, '2022-05-10 12:00:00', 0.00, 1, 0, 1, 1, '2022-03-30 00:20:32', '2022-04-29 20:14:02'),
	(81, 27, 58, 22.00, 13.73, '2022-04-15 12:00:00', 0.00, 1, 0, 1, 1, '2022-03-30 01:08:59', '2022-04-29 20:14:02'),
	(82, 27, 58, 20.00, 20.00, '2022-04-15 12:00:00', 0.00, 1, 0, 1, 1, '2022-03-30 01:11:58', '2022-04-07 17:44:45'),
	(83, 26, 59, 164.00, 24.00, '2022-05-10 12:00:00', 0.00, 1, 0, 1, 1, '2022-03-30 03:12:06', '2022-04-29 20:14:02'),
	(84, 26, 59, 164.00, 164.00, '2022-05-10 12:00:00', 0.00, 1, 0, 0, 0, '2022-03-30 03:12:07', '2022-04-29 20:08:50'),
	(85, 27, 60, 31.00, 0.00, '2022-04-30 12:00:00', 0.00, 1, 1, 1, 1, '2022-03-31 00:29:01', '2022-04-29 20:14:02'),
	(86, 25, 53, 11.00, 11.00, '2022-04-21 12:00:00', 0.00, 1, 0, 1, 1, '2022-03-31 21:09:31', '2022-04-07 17:45:16'),
	(87, 25, 37, 224.00, 0.00, '2022-05-12 12:00:00', 0.00, 1, 1, 1, 1, '2022-03-31 21:17:55', '2022-04-29 20:14:02'),
	(88, 25, 61, 112.00, 112.00, '2022-04-21 12:00:00', 0.00, 2, 1, 1, 1, '2022-03-31 22:30:55', '2022-04-29 20:08:50'),
	(89, 25, 62, 67.00, 27.00, '2022-05-12 12:00:00', 0.00, 1, 0, 1, 1, '2022-03-31 23:39:50', '2022-04-29 20:14:02'),
	(90, 26, 63, 27.00, 0.00, '2022-05-13 12:00:00', 0.00, 1, 1, 1, 1, '2022-04-01 21:25:03', '2022-04-29 20:14:02'),
	(91, 26, 4, 17.00, 17.00, '2022-05-13 12:00:00', 0.00, 1, 0, 1, 1, '2022-04-01 21:25:42', '2022-04-07 17:45:55'),
	(92, 26, 65, 17.00, 0.00, '2022-05-13 12:00:00', 0.00, 1, 1, 1, 1, '2022-04-01 22:14:30', '2022-04-29 20:14:02'),
	(93, 26, 66, 6.00, 0.00, '2022-05-13 12:00:00', 0.00, 1, 1, 1, 1, '2022-04-01 22:23:02', '2022-04-29 20:14:02'),
	(94, 26, 63, 210.00, 100.00, '2022-05-13 12:00:00', 0.00, 1, 0, 1, 1, '2022-04-01 22:24:06', '2022-04-29 20:14:02'),
	(95, 26, 67, 15.00, 0.00, '2022-05-13 12:00:00', 0.00, 1, 1, 1, 1, '2022-04-02 01:12:46', '2022-04-29 20:14:02'),
	(96, 27, 69, 20.00, 20.00, '2022-04-10 12:00:00', 0.00, 1, 0, 0, 0, '2022-04-02 02:04:50', '2022-04-29 20:08:50'),
	(97, 26, 70, 55.00, 55.00, '2022-05-13 12:00:00', 0.00, 1, 0, 1, 1, '2022-04-02 02:59:23', '2022-04-07 17:53:28'),
	(98, 27, 18, 98.00, 98.00, '2022-05-01 12:00:00', 0.00, 1, 0, 1, 1, '2022-04-02 09:12:53', '2022-04-07 17:53:48'),
	(99, 27, 71, 18.00, 4.21, '2022-04-17 12:00:00', 0.00, 1, 0, 1, 1, '2022-04-02 20:03:27', '2022-04-29 20:14:02'),
	(100, 27, 25, 17.00, 0.00, '2022-04-15 12:00:00', 0.00, 1, 1, 1, 1, '2022-04-02 21:42:03', '2022-04-29 20:14:02'),
	(101, 25, 72, 4.00, 4.00, '2022-04-22 12:00:00', 0.00, 1, 0, 1, 1, '2022-04-02 21:58:39', '2022-04-07 17:54:22'),
	(102, 25, 3, 59.50, 59.50, '2022-04-11 12:00:00', 0.00, 2, 1, 1, 1, '2022-04-02 22:21:02', '2022-04-29 20:08:50'),
	(103, 26, 73, 40.00, 40.00, '2022-05-16 12:00:00', 0.00, 1, 0, 1, 1, '2022-04-04 22:56:18', '2022-04-07 17:54:38'),
	(104, 26, 76, 130.00, 100.00, '2022-05-16 12:00:00', 0.00, 1, 0, 1, 1, '2022-04-04 23:41:22', '2022-04-29 20:14:02'),
	(105, 26, 77, 23.00, 0.00, '2022-05-17 12:00:00', 0.00, 1, 1, 1, 1, '2022-04-05 18:40:35', '2022-04-29 20:14:02'),
	(106, 26, 70, 63.50, 63.50, '2022-05-17 12:00:00', 0.00, 1, 0, 1, 1, '2022-04-05 18:43:37', '2022-04-07 17:54:57'),
	(107, 26, 79, 179.00, 179.00, '2022-05-17 12:00:00', 0.00, 1, 0, 1, 0, '2022-04-05 20:33:44', '2022-04-07 20:27:35'),
	(108, 26, 80, 40.00, 0.00, '2022-05-17 12:00:00', 0.00, 1, 1, 1, 1, '2022-04-05 21:08:54', '2022-04-29 20:14:02'),
	(109, 26, 81, 22.00, 22.00, '2022-05-17 12:00:00', 0.00, 1, 0, 1, 1, '2022-04-05 21:51:51', '2022-04-07 17:55:15'),
	(110, 27, 82, 56.00, 6.35, '2022-04-20 12:00:00', 0.00, 1, 0, 1, 1, '2022-04-06 00:41:42', '2022-04-29 20:14:02'),
	(111, 27, 23, 90.00, 0.00, '2022-05-06 12:00:00', 0.00, 1, 1, 1, 1, '2022-04-06 19:40:47', '2022-04-29 20:14:02'),
	(112, 26, 83, 174.00, 29.00, '2022-05-18 12:00:00', 0.00, 1, 0, 1, 1, '2022-04-06 20:20:28', '2022-04-29 20:14:02'),
	(113, 26, 84, 60.00, 0.00, '2022-05-18 12:00:00', 0.00, 1, 1, 1, 1, '2022-04-06 21:53:45', '2022-04-29 20:14:02'),
	(114, 25, 85, 106.00, 78.42, '2022-05-18 12:00:00', 0.00, 1, 0, 1, 1, '2022-04-06 21:56:51', '2022-04-29 20:14:02'),
	(115, 27, 86, 30.00, 30.00, '2022-04-06 12:00:00', 0.00, 2, 1, 1, 1, '2022-04-06 22:04:53', '2022-04-07 17:56:26'),
	(116, 25, 87, 208.00, 178.00, '2022-05-18 12:00:00', 0.00, 1, 0, 1, 1, '2022-04-06 22:25:59', '2022-04-29 20:14:02'),
	(117, 25, 3, 19.50, 19.50, '2022-04-15 12:00:00', 0.00, 2, 1, 1, 1, '2022-04-07 17:57:10', '2022-04-07 17:58:45'),
	(118, 27, 38, 40.00, 40.00, '2022-04-30 12:00:00', 0.00, 1, 0, 1, 1, '2022-04-08 21:05:03', '2022-04-08 21:09:14'),
	(119, 28, 88, 80.00, 60.00, '2022-05-29 12:00:00', 0.00, 1, 0, 1, 1, '2022-04-08 21:40:49', '2022-04-29 20:14:02'),
	(120, 28, 90, 210.00, 210.00, '2022-05-29 12:00:00', 0.00, 1, 0, 1, 1, '2022-04-08 23:02:59', '2022-04-09 19:36:42'),
	(121, 28, 91, 152.00, 132.00, '2022-05-29 12:00:00', 0.00, 1, 0, 1, 1, '2022-04-08 23:57:40', '2022-04-29 20:14:02'),
	(122, 26, 93, 135.00, 95.00, '2022-05-20 12:00:00', 0.00, 1, 0, 1, 1, '2022-04-09 00:19:53', '2022-04-29 20:14:02'),
	(123, 26, 94, 95.00, 70.18, '2022-05-20 12:00:00', 0.00, 1, 0, 1, 1, '2022-04-09 00:29:02', '2022-04-29 20:14:03'),
	(124, 28, 95, 115.00, 65.00, '2022-05-29 12:00:00', 0.00, 1, 0, 1, 1, '2022-04-09 00:49:07', '2022-04-29 20:14:03'),
	(125, 28, 96, 21.00, 0.00, '2022-05-29 12:00:00', 0.00, 1, 1, 1, 1, '2022-04-09 01:38:45', '2022-04-29 20:14:03'),
	(126, 27, 97, 154.00, 114.00, '2022-05-08 12:00:00', 0.00, 1, 0, 1, 1, '2022-04-09 01:56:39', '2022-04-29 20:14:03'),
	(127, 28, 98, 33.00, 33.00, '2022-05-09 12:00:00', 0.00, 1, 0, 1, 1, '2022-04-09 20:48:32', '2022-04-11 18:28:20'),
	(128, 25, 99, 95.00, 0.00, '2022-04-29 12:00:00', 0.00, 1, 1, 1, 1, '2022-04-09 21:58:00', '2022-04-29 20:14:03'),
	(129, 25, 21, 21.00, 21.00, '2022-05-20 12:00:00', 0.00, 1, 0, 1, 1, '2022-04-09 22:29:08', '2022-04-09 22:38:31'),
	(130, 25, 3, 0.00, 0.00, '2022-04-18 12:00:00', 0.00, 2, 1, 0, 1, '2022-04-09 22:40:22', '2022-04-29 20:08:50'),
	(131, 28, 100, 37.00, 37.00, '2022-05-09 12:00:00', 0.00, 1, 0, 1, 1, '2022-04-09 22:45:31', '2022-04-11 18:28:25'),
	(132, 26, 101, 155.00, 0.00, '2022-05-23 12:00:00', 0.00, 1, 1, 1, 1, '2022-04-11 17:57:58', '2022-04-29 20:14:03'),
	(133, 26, 102, 246.00, 136.69, '2022-05-23 12:00:00', 0.00, 1, 0, 1, 1, '2022-04-11 19:14:39', '2022-04-29 20:14:03'),
	(134, 26, 103, 210.00, 210.00, '2022-05-23 12:00:00', 0.00, 1, 0, 1, 0, '2022-04-11 19:15:29', '2022-04-11 21:45:54'),
	(135, 26, 104, 140.00, 0.00, '2022-05-23 12:00:00', 0.00, 1, 1, 1, 1, '2022-04-11 19:24:07', '2022-04-29 20:14:03'),
	(136, 27, 69, 170.00, 100.00, '2022-05-20 12:00:00', 0.00, 1, 0, 1, 1, '2022-04-11 19:33:37', '2022-04-29 20:14:03'),
	(137, 26, 105, 140.00, 0.00, '2022-05-23 12:00:00', 0.00, 1, 1, 1, 1, '2022-04-11 19:34:02', '2022-04-29 20:14:03'),
	(138, 26, 106, 160.00, 0.00, '2022-05-23 12:00:00', 0.00, 1, 1, 1, 1, '2022-04-11 19:43:02', '2022-04-29 20:14:03'),
	(139, 26, 107, 31.00, 0.00, '2022-05-23 12:00:00', 0.00, 1, 1, 1, 1, '2022-04-11 19:51:06', '2022-04-29 20:14:03'),
	(140, 26, 107, 160.00, 0.00, '2022-05-23 12:00:00', 0.00, 1, 1, 1, 1, '2022-04-11 19:56:58', '2022-04-29 20:14:03'),
	(141, 26, 110, 195.00, 45.00, '2022-05-23 12:00:00', 0.00, 1, 0, 1, 1, '2022-04-11 20:03:57', '2022-04-29 20:14:03'),
	(142, 26, 111, 160.00, 30.00, '2022-05-23 12:00:00', 0.00, 1, 0, 1, 1, '2022-04-11 20:08:22', '2022-04-29 20:14:03'),
	(143, 26, 113, 40.00, 0.00, '2022-05-23 12:00:00', 0.00, 1, 1, 1, 1, '2022-04-11 20:20:25', '2022-04-29 20:14:03'),
	(144, 27, 112, 116.00, 116.00, '2022-04-11 12:00:00', 0.00, 2, 1, 1, 1, '2022-04-11 20:25:57', '2022-04-11 21:15:03'),
	(145, 26, 114, 80.00, 0.00, '2022-05-23 12:00:00', 0.00, 1, 1, 1, 1, '2022-04-11 20:29:48', '2022-04-29 20:14:03'),
	(146, 26, 77, 96.00, 65.21, '2022-05-23 12:00:00', 0.00, 1, 0, 1, 1, '2022-04-11 20:32:59', '2022-04-29 20:14:03'),
	(147, 26, 77, 7.58, 7.58, '2022-05-23 12:00:00', 0.00, 1, 0, 1, 1, '2022-04-11 20:39:58', '2022-04-11 20:41:13'),
	(148, 27, 112, 95.00, 95.00, '2022-04-11 12:00:00', 0.00, 2, 1, 1, 1, '2022-04-11 20:46:20', '2022-04-29 20:08:50'),
	(149, 26, 115, 140.00, 122.00, '2022-05-23 12:00:00', 0.00, 1, 0, 1, 1, '2022-04-11 21:51:18', '2022-04-29 20:14:03'),
	(150, 26, 116, 40.00, 31.16, '2022-05-23 12:00:00', 0.00, 1, 0, 1, 1, '2022-04-11 21:55:48', '2022-04-29 20:14:03'),
	(151, 26, 14, 320.00, 220.00, '2022-05-23 12:00:00', 0.00, 1, 0, 1, 1, '2022-04-11 22:13:11', '2022-04-29 20:14:03'),
	(152, 26, 102, 78.00, 78.00, '2022-05-23 12:00:00', 0.00, 1, 0, 1, 1, '2022-04-11 22:13:52', '2022-04-11 22:18:14'),
	(153, 26, 81, 12.55, 12.55, '2022-05-23 12:00:00', 0.00, 1, 0, 1, 1, '2022-04-11 22:18:27', '2022-04-11 22:19:27'),
	(154, 26, 117, 80.00, 80.00, '2022-05-23 12:00:00', 0.00, 1, 0, 1, 0, '2022-04-11 22:22:37', '2022-04-11 22:23:42'),
	(155, 26, 117, 65.00, 45.00, '2022-05-23 12:00:00', 0.00, 1, 0, 1, 1, '2022-04-11 22:23:58', '2022-04-29 20:14:03'),
	(156, 26, 118, 20.00, 0.00, '2022-05-23 12:00:00', 0.00, 1, 1, 1, 1, '2022-04-11 22:37:22', '2022-04-29 20:14:03'),
	(157, 26, 119, 93.14, 49.83, '2022-05-23 12:00:00', 0.00, 1, 0, 1, 1, '2022-04-11 22:41:26', '2022-04-29 20:14:03'),
	(158, 26, 120, 42.00, 22.00, '2022-05-23 12:00:00', 0.00, 1, 0, 1, 1, '2022-04-11 22:53:45', '2022-04-29 20:14:03'),
	(159, 26, 66, 44.00, 20.50, '2022-05-23 12:00:00', 0.00, 1, 0, 1, 1, '2022-04-11 22:57:28', '2022-04-29 20:14:03'),
	(160, 26, 10, 21.10, 21.10, '2022-05-23 12:00:00', 0.00, 1, 0, 1, 1, '2022-04-11 23:01:38', '2022-04-11 23:04:36'),
	(161, 26, 121, 93.00, 53.00, '2022-05-23 12:00:00', 0.00, 1, 0, 1, 1, '2022-04-11 23:04:50', '2022-04-29 20:14:03'),
	(162, 26, 70, 13.00, 13.00, '2022-05-23 12:00:00', 0.00, 1, 0, 1, 1, '2022-04-11 23:07:02', '2022-04-11 23:12:16'),
	(163, 26, 122, 55.00, 0.00, '2022-05-23 12:00:00', 0.00, 1, 1, 1, 1, '2022-04-11 23:11:07', '2022-04-29 20:14:03'),
	(164, 26, 123, 40.00, 0.00, '2022-05-23 12:00:00', 0.00, 1, 1, 1, 1, '2022-04-11 23:14:13', '2022-04-29 20:14:03'),
	(165, 26, 65, 173.00, 148.45, '2022-05-23 12:00:00', 0.00, 1, 0, 1, 1, '2022-04-11 23:31:12', '2022-04-29 20:14:03'),
	(166, 26, 124, 123.00, 83.00, '2022-05-23 12:00:00', 0.00, 1, 0, 1, 1, '2022-04-11 23:38:23', '2022-04-29 20:14:03'),
	(167, 25, 125, 80.00, 80.00, '2022-05-02 12:00:00', 0.00, 1, 0, 1, 1, '2022-04-12 00:30:32', '2022-04-12 02:00:05'),
	(168, 25, 126, 8.00, 8.00, '2022-05-02 12:00:00', 0.00, 1, 0, 1, 1, '2022-04-12 00:33:41', '2022-04-12 02:00:10'),
	(169, 25, 127, 48.20, 48.20, '2022-05-02 12:00:00', 0.00, 1, 0, 1, 1, '2022-04-12 00:37:10', '2022-04-12 02:00:15'),
	(170, 25, 53, 100.00, 100.00, '2022-05-02 12:00:00', 0.00, 1, 0, 1, 1, '2022-04-12 00:40:58', '2022-04-12 02:00:19'),
	(171, 25, 128, 94.98, 94.98, '2022-05-02 12:00:00', 0.00, 2, 1, 0, 0, '2022-04-12 00:45:31', '2022-04-12 00:47:09'),
	(172, 25, 128, 94.98, 0.00, '2022-05-02 12:00:00', 0.00, 1, 1, 1, 1, '2022-04-12 00:48:02', '2022-04-29 20:14:03'),
	(173, 25, 129, 134.99, 101.20, '2022-05-02 12:00:00', 0.00, 1, 0, 1, 1, '2022-04-12 00:58:16', '2022-04-29 20:14:03'),
	(174, 25, 130, 122.00, 0.00, '2022-05-02 12:00:00', 0.00, 1, 1, 1, 1, '2022-04-12 01:03:56', '2022-04-29 20:14:03'),
	(175, 25, 131, 18.57, 18.57, '2022-05-02 12:00:00', 0.00, 1, 0, 1, 1, '2022-04-12 01:10:04', '2022-04-12 01:51:16'),
	(176, 25, 132, 190.00, 190.00, '2022-05-02 12:00:00', 0.00, 1, 0, 1, 1, '2022-04-12 01:13:17', '2022-04-12 01:51:22'),
	(177, 25, 133, 28.00, 28.00, '2022-05-02 12:00:00', 0.00, 1, 0, 1, 1, '2022-04-12 01:20:41', '2022-04-12 01:51:27'),
	(178, 27, 109, 85.51, 65.51, '2022-04-30 12:00:00', 0.00, 1, 0, 1, 1, '2022-04-12 18:09:39', '2022-04-29 20:14:03'),
	(179, 27, 8, 107.50, 67.50, '2022-05-28 12:00:00', 0.00, 1, 0, 1, 1, '2022-04-12 18:14:49', '2022-04-29 20:14:03'),
	(180, 27, 134, 16.00, 0.00, '2022-05-28 12:00:00', 0.00, 1, 1, 1, 1, '2022-04-12 18:27:22', '2022-04-29 20:14:03'),
	(181, 27, 56, 83.00, 0.00, '2022-05-28 12:00:00', 0.00, 1, 1, 1, 1, '2022-04-12 18:35:48', '2022-04-29 20:14:03'),
	(182, 27, 108, 22.21, 22.21, '2022-05-24 12:00:00', 0.00, 1, 0, 1, 1, '2022-04-12 18:40:21', '2022-04-12 19:29:46'),
	(183, 27, 55, 87.86, 73.86, '2022-05-24 12:00:00', 0.00, 1, 0, 1, 1, '2022-04-12 18:44:46', '2022-04-29 20:14:03'),
	(184, 27, 135, 10.00, 10.00, '2022-05-24 12:00:00', 0.00, 1, 0, 1, 1, '2022-04-12 18:50:43', '2022-04-12 19:29:28'),
	(185, 27, 136, 16.61, 0.00, '2022-05-24 12:00:00', 0.00, 1, 1, 1, 1, '2022-04-12 19:02:26', '2022-04-29 20:14:03'),
	(186, 27, 32, 142.60, 120.00, '2022-05-24 12:00:00', 0.00, 1, 0, 1, 1, '2022-04-12 19:07:09', '2022-04-29 20:14:03'),
	(187, 27, 58, 16.45, 16.45, '2022-05-24 12:00:00', 0.00, 1, 0, 1, 1, '2022-04-12 19:13:39', '2022-04-12 19:29:04'),
	(189, 27, 17, 147.00, 117.00, '2022-05-24 12:00:00', 0.00, 1, 0, 1, 1, '2022-04-12 19:17:17', '2022-04-29 20:14:03'),
	(190, 27, 137, 106.44, 86.44, '2022-05-24 12:00:00', 0.00, 1, 0, 1, 1, '2022-04-12 19:31:23', '2022-04-29 20:14:03'),
	(191, 25, 138, 46.00, 46.00, '2022-05-24 12:00:00', 0.00, 1, 0, 1, 1, '2022-04-12 20:33:07', '2022-04-12 20:36:46'),
	(192, 27, 139, 60.00, 45.00, '2022-04-29 12:00:00', 0.00, 1, 0, 1, 1, '2022-04-12 22:50:26', '2022-04-29 20:14:03'),
	(193, 26, 140, 200.00, 58.63, '2022-05-24 12:00:00', 0.00, 1, 0, 1, 1, '2022-04-13 01:08:34', '2022-04-29 20:14:03'),
	(194, 26, 118, 160.00, 100.00, '2022-05-25 12:00:00', 0.00, 1, 0, 1, 1, '2022-04-13 18:45:42', '2022-04-29 20:14:03'),
	(195, 25, 3, 4.00, 0.00, '2022-04-21 12:00:00', 0.00, 1, 1, 1, 1, '2022-04-13 19:02:47', '2022-04-29 20:14:03'),
	(196, 26, 123, 200.00, 140.00, '2022-05-25 12:00:00', 0.00, 1, 0, 1, 1, '2022-04-13 19:18:54', '2022-04-29 20:14:03'),
	(197, 28, 141, 86.50, 86.50, '2022-05-16 12:00:00', 0.00, 1, 0, 1, 1, '2022-04-13 20:54:43', '2022-04-18 19:11:52'),
	(198, 26, 142, 210.00, 160.00, '2022-05-31 12:00:00', 0.00, 1, 0, 1, 1, '2022-04-19 18:39:21', '2022-04-29 20:14:03'),
	(199, 25, 37, 580.80, 222.57, '2022-05-31 12:00:00', 0.00, 1, 0, 1, 1, '2022-04-19 18:57:29', '2022-04-29 20:14:03'),
	(200, 26, 101, 55.00, 55.00, '2022-05-31 12:00:00', 0.00, 1, 0, 1, 1, '2022-04-19 19:15:02', '2022-04-19 19:19:35'),
	(201, 26, 101, 210.00, 210.00, '2022-05-31 12:00:00', 0.00, 1, 0, 1, 0, '2022-04-19 19:18:56', '2022-04-19 19:21:08'),
	(202, 28, 143, 73.50, 0.00, '2022-04-19 12:00:00', 0.00, 1, 1, 1, 1, '2022-04-19 19:54:55', '2022-04-29 20:14:03'),
	(203, 28, 144, 40.00, 0.00, '2022-05-10 12:00:00', 0.00, 1, 1, 1, 1, '2022-04-19 23:50:32', '2022-04-29 20:14:03'),
	(204, 28, 145, 64.00, 64.00, '2022-05-10 12:00:00', 0.00, 1, 0, 1, 1, '2022-04-20 00:51:52', '2022-04-20 18:51:33'),
	(205, 28, 146, 40.00, 40.00, '2022-05-10 12:00:00', 0.00, 1, 0, 1, 1, '2022-04-20 01:06:59', '2022-04-20 18:51:27'),
	(206, 25, 147, 393.75, 0.00, '2022-05-31 12:00:00', 0.00, 1, 1, 1, 1, '2022-04-20 05:20:28', '2022-04-29 20:14:03'),
	(207, 25, 45, 44.00, 44.00, '2022-06-01 12:00:00', 0.00, 1, 0, 1, 1, '2022-04-20 18:40:23', '2022-04-20 18:41:27'),
	(208, 26, 84, 54.00, 54.00, '2022-06-01 12:00:00', 0.00, 1, 0, 1, 1, '2022-04-20 19:04:28', '2022-04-20 20:16:33'),
	(209, 25, 19, 45.00, 45.00, '2022-06-01 12:00:00', 0.00, 1, 0, 1, 1, '2022-04-20 20:14:39', '2022-04-20 20:15:26'),
	(210, 28, 148, 59.50, 59.50, '2022-05-16 12:00:00', 0.00, 1, 0, 1, 1, '2022-04-20 20:36:17', '2022-04-20 21:05:54'),
	(211, 27, 149, 64.00, 44.00, '2022-05-05 12:00:00', 0.00, 1, 0, 1, 1, '2022-04-20 20:40:05', '2022-04-29 20:14:03'),
	(212, 27, 150, 9.00, 9.00, '2022-04-30 12:00:00', 0.00, 1, 0, 1, 1, '2022-04-20 20:53:23', '2022-04-20 21:05:38'),
	(213, 26, 151, 23.00, 23.00, '2022-06-01 12:00:00', 0.00, 2, 1, 1, 1, '2022-04-20 21:27:00', '2022-04-20 22:43:57'),
	(214, 25, 152, 48.00, 48.00, '2022-06-01 12:00:00', 0.00, 1, 0, 1, 1, '2022-04-20 22:03:05', '2022-04-20 22:04:11'),
	(215, 25, 85, 30.00, 30.00, '2022-06-01 12:00:00', 0.00, 1, 0, 1, 1, '2022-04-20 22:07:18', '2022-04-20 22:08:04'),
	(216, 26, 153, 160.00, 120.00, '2022-06-01 12:00:00', 0.00, 1, 0, 1, 1, '2022-04-20 22:18:40', '2022-04-29 20:14:03'),
	(217, 27, 154, 87.00, 47.00, '2022-05-18 12:00:00', 0.00, 1, 0, 1, 1, '2022-04-20 22:37:52', '2022-04-29 20:14:03'),
	(218, 28, 155, 169.00, 149.00, '2022-05-30 12:00:00', 0.00, 1, 0, 1, 1, '2022-04-20 23:38:01', '2022-04-29 20:14:03'),
	(219, 28, 156, 160.00, 160.00, '2022-05-15 12:00:00', 0.00, 1, 0, 1, 1, '2022-04-21 19:10:32', '2022-04-21 19:56:10'),
	(220, 28, 157, 21.00, 21.00, '2022-05-20 12:00:00', 0.00, 1, 0, 1, 1, '2022-04-21 19:50:34', '2022-04-21 19:56:05'),
	(221, 26, 50, 210.00, 210.00, '2022-06-02 12:00:00', 0.00, 1, 0, 1, 0, '2022-04-21 21:31:33', '2022-04-22 19:46:13'),
	(222, 26, 122, 160.00, 160.00, '2022-06-02 12:00:00', 0.00, 1, 0, 1, 1, '2022-04-21 21:42:01', '2022-04-21 21:47:13'),
	(223, 26, 28, 19.50, 19.50, '2022-06-02 12:00:00', 0.00, 1, 0, 1, 1, '2022-04-21 21:48:41', '2022-04-22 18:15:35'),
	(224, 28, 158, 259.00, 259.00, '2022-05-20 12:00:00', 0.00, 1, 0, 1, 1, '2022-04-21 23:13:17', '2022-04-22 18:17:03'),
	(225, 26, 83, 400.00, 400.00, '2022-06-03 12:00:00', 0.00, 1, 0, 1, 0, '2022-04-22 23:30:57', '2022-04-23 18:52:17'),
	(226, 26, 12, 90.00, 90.00, '2022-06-03 12:00:00', 0.00, 1, 0, 1, 1, '2022-04-22 23:54:17', '2022-04-23 19:05:40'),
	(227, 28, 160, 80.00, 80.00, '2022-05-20 12:00:00', 0.00, 1, 0, 1, 1, '2022-04-23 00:08:29', '2022-04-23 19:15:37'),
	(228, 26, 161, 297.00, 297.00, '2022-06-03 12:00:00', 0.00, 1, 0, 1, 0, '2022-04-23 00:23:59', '2022-04-26 20:36:11'),
	(229, 28, 162, 178.00, 178.00, '2022-05-20 12:00:00', 0.00, 1, 0, 1, 1, '2022-04-23 02:04:04', '2022-04-23 19:15:47'),
	(230, 25, 147, 18.00, 1.75, '2022-06-03 12:00:00', 0.00, 1, 0, 1, 1, '2022-04-23 17:59:01', '2022-04-29 20:14:03'),
	(231, 25, 163, 3.00, 0.00, '2022-05-13 12:00:00', 0.00, 1, 1, 1, 1, '2022-04-23 18:06:04', '2022-04-29 20:14:03'),
	(232, 26, 83, 200.00, 200.00, '2022-06-03 12:00:00', 0.00, 1, 0, 1, 1, '2022-04-23 18:53:57', '2022-04-23 19:10:41'),
	(233, 26, 54, 40.00, 40.00, '2022-06-03 12:00:00', 0.00, 1, 0, 1, 1, '2022-04-23 21:25:31', '2022-04-25 19:08:35'),
	(234, 25, 99, 200.00, 80.00, '2022-05-13 12:00:00', 0.00, 1, 0, 1, 1, '2022-04-23 22:50:55', '2022-04-29 20:14:03'),
	(235, 28, 165, 155.00, 155.00, '2022-05-30 12:00:00', 0.00, 1, 0, 1, 0, '2022-04-24 00:41:23', '2022-04-26 18:31:09'),
	(236, 28, 164, 315.00, 315.00, '2022-05-30 12:00:00', 0.00, 1, 0, 1, 0, '2022-04-24 00:44:07', '2022-04-26 18:31:38'),
	(237, 28, 166, 160.00, 160.00, '2022-05-30 12:00:00', 0.00, 1, 0, 1, 1, '2022-04-25 03:00:29', '2022-04-26 18:42:29'),
	(238, 26, 79, 265.00, 265.00, '2022-06-06 12:00:00', 0.00, 2, 1, 1, 1, '2022-04-25 19:32:08', '2022-04-25 19:33:59'),
	(239, 27, 167, 270.00, 230.00, '2022-05-24 12:00:00', 0.00, 1, 0, 1, 1, '2022-04-25 20:03:43', '2022-04-29 20:14:03'),
	(240, 27, 56, 87.00, 66.97, '2022-05-23 12:00:00', 0.00, 1, 0, 1, 1, '2022-04-25 20:51:40', '2022-04-29 20:14:03'),
	(241, 27, 168, 60.00, 40.00, '2022-05-10 12:00:00', 0.00, 1, 0, 1, 1, '2022-04-25 21:38:01', '2022-04-29 20:14:03'),
	(242, 27, 6, 160.00, 135.00, '2022-05-25 12:00:00', 0.00, 1, 0, 1, 1, '2022-04-25 23:45:37', '2022-04-29 20:14:03'),
	(243, 28, 169, 7.00, 7.00, '2022-06-15 12:00:00', 0.00, 1, 0, 1, 1, '2022-04-26 00:17:12', '2022-04-26 18:42:35'),
	(244, 28, 143, 98.00, 58.00, '2022-05-31 12:00:00', 0.00, 1, 0, 1, 1, '2022-04-26 01:27:57', '2022-04-29 20:14:03'),
	(245, 28, 164, 160.00, 160.00, '2022-05-31 12:00:00', 0.00, 1, 0, 1, 1, '2022-04-26 18:33:17', '2022-04-26 18:42:49'),
	(246, 26, 79, 80.00, 0.00, '2022-06-07 12:00:00', 0.00, 1, 1, 1, 1, '2022-04-26 20:39:35', '2022-04-29 20:14:03'),
	(247, 26, 59, 200.00, 200.00, '2022-06-07 12:00:00', 0.00, 1, 0, 1, 0, '2022-04-26 20:41:08', '2022-04-26 21:52:21'),
	(248, 26, 59, 20.00, 20.00, '2022-06-07 12:00:00', 0.00, 1, 0, 1, 1, '2022-04-26 20:41:57', '2022-04-26 20:53:36'),
	(249, 26, 161, 87.00, 4.26, '2022-06-07 12:00:00', 0.00, 1, 0, 1, 1, '2022-04-26 20:42:42', '2022-04-29 20:14:03'),
	(250, 27, 171, 20.00, 20.00, '2022-05-02 12:00:00', 0.00, 1, 0, 1, 1, '2022-04-27 00:12:26', '2022-04-27 18:16:33'),
	(251, 28, 170, 421.00, 421.00, '2022-06-15 12:00:00', 0.00, 1, 0, 1, 1, '2022-04-27 00:27:00', '2022-04-27 19:41:18'),
	(252, 28, 158, 22.00, 22.00, '2022-05-31 12:00:00', 0.00, 1, 0, 1, 1, '2022-04-27 18:47:45', '2022-04-27 19:41:40'),
	(253, 28, 172, 48.00, 48.00, '2022-06-15 12:00:00', 0.00, 1, 0, 1, 1, '2022-04-27 20:18:57', '2022-04-27 21:01:33'),
	(254, 28, 173, 296.00, 256.00, '2022-06-15 12:00:00', 0.00, 1, 0, 0, 1, '2022-04-27 21:25:09', '2022-04-29 20:14:03'),
	(255, 25, 85, 28.00, 28.00, '2022-06-08 12:00:00', 0.00, 1, 0, 1, 1, '2022-04-27 22:18:08', '2022-04-27 22:18:41'),
	(256, 25, 1, 210.00, 0.00, '2022-05-20 12:00:00', 0.00, 1, 1, 0, 1, '2022-04-30 13:04:15', '2022-04-30 13:05:33'),
	(257, 25, 1, 80.00, 50.00, '2022-05-20 12:00:00', 0.00, 1, 0, 0, 0, '2022-04-30 13:04:44', '2022-04-30 13:06:37'),
	(258, 25, 1, 40.00, 0.00, '2022-05-20 12:00:00', 0.00, 1, 1, 0, 0, '2022-04-30 13:11:34', '2022-04-30 13:30:27'),
	(259, 25, 1, 140.00, 0.00, '2022-05-20 12:00:00', 0.00, 1, 1, 0, 1, '2022-04-30 13:13:10', '2022-04-30 13:30:27'),
	(260, 25, 1, 40.00, 40.00, '2022-05-20 12:00:00', 0.00, 2, 1, 0, 0, '2022-04-30 13:50:10', '2022-05-01 17:21:31');
/*!40000 ALTER TABLE `facturas` ENABLE KEYS */;

-- Volcando estructura para tabla api_maquillaje.factura_detalles
CREATE TABLE IF NOT EXISTS `factura_detalles` (
  `id` bigint(20) unsigned NOT NULL AUTO_INCREMENT,
  `producto_id` bigint(20) unsigned NOT NULL,
  `factura_id` bigint(20) unsigned NOT NULL,
  `cantidad` int(11) NOT NULL,
  `precio` double(7,2) NOT NULL,
  `precio_unidad` double(7,2) NOT NULL DEFAULT '0.00',
  `estado` int(11) NOT NULL,
  `created_at` timestamp NULL DEFAULT NULL,
  `updated_at` timestamp NULL DEFAULT NULL,
  PRIMARY KEY (`id`),
  KEY `factura_detalles_producto_id_foreign` (`producto_id`),
  KEY `factura_detalles_factura_id_foreign` (`factura_id`),
  CONSTRAINT `factura_detalles_factura_id_foreign` FOREIGN KEY (`factura_id`) REFERENCES `facturas` (`id`),
  CONSTRAINT `factura_detalles_producto_id_foreign` FOREIGN KEY (`producto_id`) REFERENCES `productos` (`id`)
) ENGINE=InnoDB AUTO_INCREMENT=462 DEFAULT CHARSET=utf8mb4 COLLATE=utf8mb4_unicode_ci;

-- Volcando datos para la tabla api_maquillaje.factura_detalles: ~0 rows (aproximadamente)
/*!40000 ALTER TABLE `factura_detalles` DISABLE KEYS */;
INSERT INTO `factura_detalles` (`id`, `producto_id`, `factura_id`, `cantidad`, `precio`, `precio_unidad`, `estado`, `created_at`, `updated_at`) VALUES
	(6, 7, 5, 2, 80.00, 0.00, 0, '2022-03-14 20:03:21', '2022-04-29 20:06:31'),
	(7, 7, 6, 5, 200.00, 40.00, 0, '2022-03-15 03:58:37', '2022-04-29 20:16:29'),
	(8, 7, 7, 1, 40.00, 40.00, 0, '2022-03-15 04:31:53', '2022-04-30 02:18:49'),
	(9, 11, 8, 1, 210.00, 210.00, 0, '2022-03-15 20:27:08', '2022-05-02 22:07:27'),
	(10, 8, 8, 1, 195.00, 195.00, 0, '2022-03-15 20:27:08', '2022-05-02 22:07:27'),
	(11, 22, 9, 1, 80.00, 80.00, 1, '2022-03-17 23:01:05', '2022-04-29 20:14:02'),
	(12, 15, 10, 0, 95.00, 95.00, 0, '2022-03-17 23:15:31', '2022-05-01 15:06:34'),
	(13, 9, 11, 1, 140.00, 140.00, 1, '2022-03-18 01:15:58', '2022-04-29 20:14:02'),
	(14, 8, 12, 1, 195.00, 195.00, 1, '2022-03-18 01:17:39', '2022-04-29 20:14:02'),
	(15, 11, 13, 1, 210.00, 210.00, 1, '2022-03-18 01:19:18', '2022-04-29 20:14:02'),
	(16, 13, 14, 1, 80.00, 80.00, 1, '2022-03-18 01:39:10', '2022-04-29 20:14:02'),
	(17, 9, 15, 1, 140.00, 140.00, 1, '2022-03-18 03:57:40', '2022-04-29 20:14:02'),
	(18, 8, 16, 1, 195.00, 195.00, 1, '2022-03-18 22:27:05', '2022-04-29 20:14:02'),
	(19, 16, 17, 1, 18.00, 18.00, 1, '2022-03-18 23:59:21', '2022-04-29 20:14:02'),
	(20, 31, 17, 1, 4.00, 4.00, 1, '2022-03-18 23:59:21', '2022-04-29 20:14:02'),
	(21, 32, 17, 1, 4.00, 4.00, 1, '2022-03-18 23:59:21', '2022-04-29 20:14:02'),
	(22, 40, 17, 1, 20.00, 20.00, 1, '2022-03-18 23:59:21', '2022-04-29 20:14:02'),
	(23, 35, 18, 1, 4.00, 4.00, 1, '2022-03-19 00:25:45', '2022-04-29 20:14:02'),
	(24, 35, 19, 1, 4.00, 4.00, 1, '2022-03-19 00:25:47', '2022-04-29 20:14:02'),
	(25, 26, 20, 2, 14.00, 7.00, 1, '2022-03-19 01:26:15', '2022-04-29 20:14:02'),
	(26, 8, 21, 1, 195.00, 195.00, 1, '2022-03-19 22:07:05', '2022-04-29 20:14:02'),
	(27, 11, 22, 1, 210.00, 210.00, 1, '2022-03-19 22:20:18', '2022-04-29 20:14:02'),
	(28, 9, 23, 1, 140.00, 140.00, 1, '2022-03-19 22:21:26', '2022-04-29 20:14:02'),
	(29, 56, 24, 1, 14.00, 14.00, 1, '2022-03-20 01:41:28', '2022-04-29 20:14:02'),
	(30, 25, 25, 1, 33.00, 33.00, 1, '2022-03-20 03:05:01', '2022-04-29 20:14:02'),
	(31, 64, 26, 1, 9.00, 9.00, 1, '2022-03-21 03:16:01', '2022-04-29 20:14:02'),
	(32, 61, 26, 1, 4.00, 4.00, 1, '2022-03-21 03:16:01', '2022-04-29 20:14:02'),
	(33, 55, 26, 1, 20.00, 20.00, 1, '2022-03-21 03:16:01', '2022-04-29 20:14:02'),
	(34, 54, 26, 1, 15.00, 15.00, 1, '2022-03-21 03:16:01', '2022-04-29 20:14:02'),
	(35, 64, 27, 1, 9.00, 9.00, 1, '2022-03-21 03:16:02', '2022-04-29 20:14:02'),
	(36, 61, 27, 1, 4.00, 4.00, 1, '2022-03-21 03:16:02', '2022-04-29 20:14:02'),
	(37, 55, 27, 1, 20.00, 20.00, 1, '2022-03-21 03:16:02', '2022-04-29 20:14:02'),
	(38, 54, 27, 1, 15.00, 15.00, 1, '2022-03-21 03:16:02', '2022-04-29 20:14:02'),
	(39, 64, 28, 1, 9.00, 9.00, 1, '2022-03-21 19:28:39', '2022-04-29 20:14:02'),
	(40, 61, 28, 1, 4.00, 4.00, 1, '2022-03-21 19:28:39', '2022-04-29 20:14:02'),
	(41, 61, 29, 3, 12.00, 4.00, 1, '2022-03-21 19:43:00', '2022-04-29 20:14:02'),
	(42, 65, 29, 1, 17.00, 17.00, 1, '2022-03-21 19:43:00', '2022-04-29 20:14:02'),
	(43, 65, 30, 1, 15.00, 15.00, 1, '2022-03-21 22:19:23', '2022-04-29 20:14:02'),
	(44, 29, 30, 1, 20.00, 20.00, 1, '2022-03-21 22:19:23', '2022-04-29 20:14:02'),
	(45, 58, 30, 1, 18.00, 18.00, 1, '2022-03-21 22:19:23', '2022-04-29 20:14:02'),
	(46, 70, 30, 1, 22.00, 22.00, 1, '2022-03-21 22:19:23', '2022-04-29 20:14:02'),
	(47, 53, 31, 1, 18.00, 18.00, 1, '2022-03-21 23:00:33', '2022-04-29 20:14:02'),
	(48, 29, 31, 1, 23.00, 23.00, 1, '2022-03-21 23:00:33', '2022-04-29 20:14:02'),
	(49, 28, 31, 1, 25.00, 25.00, 1, '2022-03-21 23:00:33', '2022-04-29 20:14:02'),
	(50, 65, 32, 1, 17.00, 17.00, 1, '2022-03-22 00:14:26', '2022-04-29 20:14:02'),
	(51, 61, 32, 1, 4.00, 4.00, 1, '2022-03-22 00:14:26', '2022-04-29 20:14:02'),
	(52, 70, 33, 1, 22.00, 22.00, 1, '2022-03-22 00:19:40', '2022-04-29 20:14:02'),
	(53, 64, 33, 1, 9.00, 9.00, 1, '2022-03-22 00:19:40', '2022-04-29 20:14:02'),
	(54, 62, 34, 1, 3.00, 3.00, 1, '2022-03-22 00:29:04', '2022-04-29 20:14:02'),
	(55, 70, 35, 1, 22.00, 22.00, 1, '2022-03-22 00:43:00', '2022-04-29 20:14:02'),
	(56, 51, 36, 1, 14.00, 14.00, 1, '2022-03-22 01:10:19', '2022-04-29 20:14:02'),
	(57, 52, 36, 1, 22.00, 22.00, 1, '2022-03-22 01:10:19', '2022-04-29 20:14:02'),
	(58, 58, 37, 1, 18.00, 18.00, 1, '2022-03-22 02:05:37', '2022-04-29 20:14:02'),
	(59, 57, 37, 1, 18.00, 18.00, 1, '2022-03-22 02:05:37', '2022-04-29 20:14:02'),
	(60, 70, 37, 2, 44.00, 22.00, 1, '2022-03-22 02:05:37', '2022-04-29 20:14:02'),
	(61, 63, 37, 1, 9.00, 9.00, 1, '2022-03-22 02:05:37', '2022-04-29 20:14:02'),
	(62, 26, 37, 1, 7.00, 7.00, 1, '2022-03-22 02:05:37', '2022-04-29 20:14:02'),
	(63, 62, 37, 1, 3.00, 3.00, 1, '2022-03-22 02:05:37', '2022-04-29 20:14:02'),
	(64, 61, 37, 1, 4.00, 4.00, 1, '2022-03-22 02:05:37', '2022-04-29 20:14:02'),
	(65, 18, 37, 1, 35.00, 35.00, 1, '2022-03-22 02:05:37', '2022-04-29 20:14:02'),
	(66, 70, 38, 1, 22.00, 22.00, 1, '2022-03-22 03:10:28', '2022-04-29 20:14:02'),
	(67, 64, 39, 1, 9.00, 9.00, 1, '2022-03-22 04:23:20', '2022-04-29 20:14:02'),
	(68, 27, 40, 1, 45.00, 45.00, 1, '2022-03-22 04:29:21', '2022-04-29 20:14:02'),
	(69, 64, 40, 1, 9.00, 9.00, 1, '2022-03-22 04:29:21', '2022-04-29 20:14:02'),
	(70, 67, 41, 1, 40.00, 40.00, 1, '2022-03-22 05:34:35', '2022-04-29 20:14:02'),
	(71, 65, 41, 1, 17.00, 17.00, 1, '2022-03-22 05:34:35', '2022-04-29 20:14:02'),
	(72, 8, 42, 1, 195.00, 195.00, 1, '2022-03-22 22:59:06', '2022-04-29 20:14:02'),
	(73, 68, 43, 1, 40.00, 40.00, 1, '2022-03-22 23:11:26', '2022-04-29 20:14:02'),
	(74, 8, 44, 1, 195.00, 195.00, 1, '2022-03-22 23:15:19', '2022-04-29 20:14:02'),
	(75, 63, 45, 1, 9.00, 9.00, 1, '2022-03-23 00:22:51', '2022-04-29 20:14:02'),
	(76, 65, 46, 4, 54.40, 13.60, 1, '2022-03-23 02:04:19', '2022-04-29 20:14:02'),
	(77, 13, 46, 1, 64.00, 64.00, 1, '2022-03-23 02:04:19', '2022-04-29 20:14:02'),
	(78, 61, 46, 10, 32.00, 3.20, 1, '2022-03-23 02:04:19', '2022-04-29 20:14:02'),
	(79, 27, 46, 2, 72.00, 36.00, 1, '2022-03-23 02:04:19', '2022-04-29 20:14:02'),
	(80, 59, 46, 1, 11.20, 11.20, 1, '2022-03-23 02:04:19', '2022-04-29 20:14:02'),
	(81, 51, 46, 2, 22.40, 11.20, 1, '2022-03-23 02:04:19', '2022-04-29 20:14:02'),
	(82, 63, 46, 2, 14.40, 7.20, 1, '2022-03-23 02:04:19', '2022-04-29 20:14:02'),
	(83, 64, 46, 1, 7.20, 7.20, 1, '2022-03-23 02:04:19', '2022-04-29 20:14:02'),
	(84, 8, 46, 1, 156.00, 156.00, 1, '2022-03-23 02:04:19', '2022-04-29 20:14:02'),
	(85, 71, 46, 3, 52.80, 17.60, 1, '2022-03-23 02:04:19', '2022-04-29 20:14:02'),
	(86, 66, 46, 1, 19.20, 19.20, 1, '2022-03-23 02:04:19', '2022-04-29 20:14:02'),
	(87, 35, 46, 2, 6.40, 3.20, 1, '2022-03-23 02:04:19', '2022-04-29 20:14:02'),
	(88, 31, 46, 2, 6.40, 3.20, 1, '2022-03-23 02:04:19', '2022-04-29 20:14:02'),
	(89, 34, 46, 2, 6.40, 3.20, 1, '2022-03-23 02:04:19', '2022-04-29 20:14:02'),
	(90, 28, 47, 1, 25.00, 25.00, 1, '2022-03-23 03:43:23', '2022-04-29 20:14:02'),
	(91, 31, 47, 1, 4.00, 4.00, 1, '2022-03-23 03:43:23', '2022-04-29 20:14:02'),
	(92, 32, 47, 1, 4.00, 4.00, 1, '2022-03-23 03:43:23', '2022-04-29 20:14:02'),
	(93, 33, 47, 1, 4.00, 4.00, 1, '2022-03-23 03:43:23', '2022-04-29 20:14:02'),
	(94, 34, 47, 1, 4.00, 4.00, 1, '2022-03-23 03:43:23', '2022-04-29 20:14:02'),
	(95, 35, 47, 1, 4.00, 4.00, 1, '2022-03-23 03:43:23', '2022-04-29 20:14:02'),
	(96, 65, 48, 1, 17.00, 17.00, 1, '2022-03-23 03:58:55', '2022-04-29 20:14:02'),
	(97, 61, 49, 1, 4.00, 4.00, 1, '2022-03-23 22:01:19', '2022-04-29 20:14:02'),
	(98, 57, 49, 1, 18.00, 18.00, 1, '2022-03-23 22:01:19', '2022-04-29 20:14:02'),
	(99, 58, 49, 1, 18.00, 18.00, 1, '2022-03-23 22:01:19', '2022-04-29 20:14:02'),
	(100, 58, 50, 1, 18.00, 18.00, 1, '2022-03-23 22:02:23', '2022-04-29 20:14:02'),
	(101, 55, 51, 1, 20.00, 20.00, 1, '2022-03-23 22:03:26', '2022-04-29 20:14:02'),
	(102, 58, 51, 1, 18.00, 18.00, 1, '2022-03-23 22:03:26', '2022-04-29 20:14:02'),
	(103, 65, 52, 1, 17.00, 17.00, 1, '2022-03-24 01:54:04', '2022-04-29 20:14:02'),
	(104, 31, 52, 1, 4.00, 4.00, 1, '2022-03-24 01:54:04', '2022-04-29 20:14:02'),
	(105, 33, 52, 1, 4.00, 4.00, 1, '2022-03-24 01:54:04', '2022-04-29 20:14:02'),
	(106, 34, 52, 1, 4.00, 4.00, 1, '2022-03-24 01:54:04', '2022-04-29 20:14:02'),
	(107, 61, 52, 1, 4.00, 4.00, 1, '2022-03-24 01:54:04', '2022-04-29 20:14:02'),
	(108, 35, 52, 2, 8.00, 4.00, 1, '2022-03-24 01:54:04', '2022-04-29 20:14:02'),
	(109, 63, 54, 1, 9.00, 9.00, 1, '2022-03-24 21:53:19', '2022-04-29 20:14:02'),
	(110, 17, 54, 1, 35.00, 35.00, 1, '2022-03-24 21:53:19', '2022-04-29 20:14:02'),
	(111, 64, 55, 1, 9.00, 9.00, 1, '2022-03-24 21:54:34', '2022-04-29 20:14:02'),
	(112, 64, 56, 1, 9.00, 9.00, 1, '2022-03-24 21:55:44', '2022-04-29 20:14:02'),
	(113, 61, 56, 1, 4.00, 4.00, 1, '2022-03-24 21:55:44', '2022-04-29 20:14:02'),
	(114, 70, 57, 1, 22.00, 22.00, 1, '2022-03-24 22:20:50', '2022-04-29 20:14:02'),
	(115, 50, 58, 1, 40.00, 40.00, 1, '2022-03-24 23:18:47', '2022-04-29 20:14:02'),
	(116, 33, 58, 1, 4.00, 4.00, 1, '2022-03-24 23:18:47', '2022-04-29 20:14:02'),
	(117, 52, 58, 1, 22.00, 22.00, 1, '2022-03-24 23:18:47', '2022-04-29 20:14:02'),
	(118, 67, 58, 1, 40.00, 40.00, 1, '2022-03-24 23:18:47', '2022-04-29 20:14:02'),
	(119, 63, 58, 1, 9.00, 9.00, 1, '2022-03-24 23:18:47', '2022-04-29 20:14:02'),
	(120, 61, 58, 1, 4.00, 4.00, 1, '2022-03-24 23:18:47', '2022-04-29 20:14:02'),
	(121, 70, 59, 1, 22.00, 22.00, 1, '2022-03-24 23:21:44', '2022-04-29 20:14:02'),
	(122, 65, 60, 1, 17.00, 17.00, 1, '2022-03-24 23:55:39', '2022-04-29 20:14:02'),
	(123, 33, 60, 1, 4.00, 4.00, 1, '2022-03-24 23:55:39', '2022-04-29 20:14:02'),
	(124, 22, 61, 1, 80.00, 80.00, 1, '2022-03-25 00:10:11', '2022-04-29 20:14:02'),
	(125, 9, 62, 2, 224.00, 112.00, 1, '2022-03-25 00:15:45', '2022-04-29 20:14:02'),
	(126, 51, 63, 1, 14.00, 14.00, 1, '2022-03-25 01:38:02', '2022-04-29 20:14:02'),
	(127, 23, 63, 1, 15.00, 15.00, 1, '2022-03-25 01:38:02', '2022-04-29 20:14:02'),
	(128, 51, 64, 1, 14.00, 14.00, 1, '2022-03-25 01:38:03', '2022-04-29 20:14:02'),
	(129, 23, 64, 1, 15.00, 15.00, 1, '2022-03-25 01:38:03', '2022-04-29 20:14:02'),
	(130, 44, 65, 1, 140.00, 140.00, 1, '2022-03-25 04:03:43', '2022-04-29 20:14:02'),
	(131, 64, 66, 1, 9.00, 9.00, 1, '2022-03-25 23:29:39', '2022-04-29 20:14:02'),
	(132, 61, 67, 1, 4.00, 4.00, 1, '2022-03-25 23:30:11', '2022-04-29 20:14:02'),
	(133, 20, 69, 1, 20.00, 20.00, 1, '2022-03-25 23:42:42', '2022-04-29 20:14:02'),
	(134, 26, 69, 1, 7.00, 7.00, 1, '2022-03-25 23:42:42', '2022-04-29 20:14:02'),
	(135, 8, 70, 1, 195.00, 195.00, 1, '2022-03-26 00:01:48', '2022-04-29 20:14:02'),
	(136, 12, 71, 1, 170.00, 170.00, 1, '2022-03-28 20:38:50', '2022-04-29 20:14:02'),
	(137, 55, 72, 2, 32.00, 16.00, 1, '2022-03-28 20:57:26', '2022-04-29 20:14:02'),
	(138, 59, 72, 1, 11.20, 11.20, 1, '2022-03-28 20:57:26', '2022-04-29 20:14:02'),
	(139, 65, 72, 1, 13.60, 13.60, 1, '2022-03-28 20:57:26', '2022-04-29 20:14:02'),
	(140, 72, 72, 1, 32.00, 32.00, 1, '2022-03-28 20:57:26', '2022-04-29 20:14:02'),
	(141, 11, 73, 1, 210.00, 210.00, 1, '2022-03-28 22:53:26', '2022-04-29 20:14:02'),
	(142, 69, 74, 1, 0.00, 0.00, 1, '2022-03-28 23:21:09', '2022-04-29 20:14:02'),
	(143, 51, 75, 1, 14.00, 14.00, 1, '2022-03-28 23:28:39', '2022-04-29 20:14:02'),
	(144, 54, 75, 1, 15.00, 15.00, 1, '2022-03-28 23:28:39', '2022-04-29 20:14:02'),
	(145, 70, 76, 1, 22.00, 22.00, 1, '2022-03-29 01:09:36', '2022-04-29 20:14:02'),
	(146, 61, 76, 1, 4.00, 4.00, 1, '2022-03-29 01:09:36', '2022-04-29 20:14:02'),
	(147, 44, 77, 1, 140.00, 140.00, 1, '2022-03-29 23:47:54', '2022-04-29 20:14:02'),
	(148, 32, 78, 1, 4.00, 4.00, 1, '2022-03-29 23:52:50', '2022-04-29 20:14:02'),
	(149, 33, 78, 1, 4.00, 4.00, 1, '2022-03-29 23:52:50', '2022-04-29 20:14:02'),
	(150, 70, 79, 1, 22.00, 22.00, 1, '2022-03-30 00:12:20', '2022-04-29 20:14:02'),
	(151, 52, 80, 1, 22.00, 22.00, 1, '2022-03-30 00:20:32', '2022-04-29 20:14:02'),
	(152, 63, 80, 1, 9.00, 9.00, 1, '2022-03-30 00:20:32', '2022-04-29 20:14:02'),
	(153, 33, 80, 1, 4.00, 4.00, 1, '2022-03-30 00:20:32', '2022-04-29 20:14:02'),
	(154, 71, 81, 1, 22.00, 22.00, 1, '2022-03-30 01:08:59', '2022-04-29 20:14:02'),
	(155, 19, 82, 1, 20.00, 20.00, 1, '2022-03-30 01:11:58', '2022-04-29 20:14:02'),
	(156, 14, 83, 1, 90.00, 90.00, 1, '2022-03-30 03:12:06', '2022-04-29 20:14:02'),
	(157, 72, 83, 1, 40.00, 40.00, 1, '2022-03-30 03:12:06', '2022-04-29 20:14:02'),
	(158, 63, 83, 1, 9.00, 9.00, 1, '2022-03-30 03:12:06', '2022-04-29 20:14:02'),
	(159, 28, 83, 1, 25.00, 25.00, 1, '2022-03-30 03:12:06', '2022-04-29 20:14:02'),
	(160, 14, 84, 1, 90.00, 90.00, 1, '2022-03-30 03:12:07', '2022-04-29 20:14:02'),
	(161, 72, 84, 1, 40.00, 40.00, 1, '2022-03-30 03:12:07', '2022-04-29 20:14:02'),
	(162, 63, 84, 1, 9.00, 9.00, 1, '2022-03-30 03:12:07', '2022-04-29 20:14:02'),
	(163, 28, 84, 1, 25.00, 25.00, 1, '2022-03-30 03:12:07', '2022-04-29 20:14:02'),
	(164, 65, 85, 1, 17.00, 17.00, 1, '2022-03-31 00:29:01', '2022-04-29 20:14:02'),
	(165, 56, 85, 1, 14.00, 14.00, 1, '2022-03-31 00:29:01', '2022-04-29 20:14:02'),
	(166, 73, 86, 1, 11.00, 11.00, 1, '2022-03-31 21:09:31', '2022-04-29 20:14:02'),
	(167, 9, 87, 2, 224.00, 112.00, 1, '2022-03-31 21:17:55', '2022-04-29 20:14:02'),
	(168, 9, 88, 1, 112.00, 112.00, 1, '2022-03-31 22:30:55', '2022-04-29 20:14:02'),
	(169, 77, 89, 1, 40.00, 40.00, 1, '2022-03-31 23:39:50', '2022-04-29 20:14:02'),
	(170, 57, 89, 1, 18.00, 18.00, 1, '2022-03-31 23:39:50', '2022-04-29 20:14:02'),
	(171, 64, 89, 1, 9.00, 9.00, 1, '2022-03-31 23:39:50', '2022-04-29 20:14:02'),
	(172, 58, 90, 1, 18.00, 18.00, 1, '2022-04-01 21:25:03', '2022-04-29 20:14:02'),
	(173, 63, 90, 1, 9.00, 9.00, 1, '2022-04-01 21:25:03', '2022-04-29 20:14:02'),
	(174, 65, 91, 1, 17.00, 17.00, 1, '2022-04-01 21:25:42', '2022-04-29 20:14:02'),
	(175, 65, 92, 1, 17.00, 17.00, 1, '2022-04-01 22:14:30', '2022-04-29 20:14:02'),
	(176, 80, 93, 1, 6.00, 6.00, 1, '2022-04-01 22:23:02', '2022-04-29 20:14:02'),
	(177, 82, 94, 1, 210.00, 210.00, 1, '2022-04-01 22:24:06', '2022-04-29 20:14:02'),
	(178, 63, 95, 1, 9.00, 9.00, 1, '2022-04-02 01:12:46', '2022-04-29 20:14:02'),
	(179, 79, 95, 1, 6.00, 6.00, 1, '2022-04-02 01:12:46', '2022-04-29 20:14:02'),
	(180, 20, 96, 1, 20.00, 20.00, 1, '2022-04-02 02:04:50', '2022-04-29 20:14:02'),
	(181, 66, 97, 1, 24.00, 24.00, 1, '2022-04-02 02:59:23', '2022-04-29 20:14:02'),
	(182, 63, 97, 1, 9.00, 9.00, 1, '2022-04-02 02:59:23', '2022-04-29 20:14:02'),
	(183, 71, 97, 1, 22.00, 22.00, 1, '2022-04-02 02:59:23', '2022-04-29 20:14:02'),
	(184, 78, 98, 1, 98.00, 98.00, 1, '2022-04-02 09:12:53', '2022-04-29 20:14:02'),
	(185, 69, 98, 1, 0.00, 0.00, 1, '2022-04-02 09:12:53', '2022-04-29 20:14:02'),
	(186, 79, 99, 3, 18.00, 6.00, 1, '2022-04-02 20:03:27', '2022-04-29 20:14:02'),
	(187, 73, 100, 1, 11.00, 11.00, 1, '2022-04-02 21:42:03', '2022-04-29 20:14:02'),
	(188, 79, 100, 1, 6.00, 6.00, 1, '2022-04-02 21:42:03', '2022-04-29 20:14:02'),
	(189, 46, 101, 1, 4.00, 4.00, 1, '2022-04-02 21:58:39', '2022-04-29 20:14:02'),
	(190, 42, 102, 1, 12.75, 12.75, 1, '2022-04-02 22:21:02', '2022-04-29 20:08:50'),
	(191, 40, 102, 1, 17.00, 17.00, 1, '2022-04-02 22:21:02', '2022-04-29 20:14:02'),
	(192, 46, 102, 1, 0.00, 0.00, 1, '2022-04-02 22:21:02', '2022-04-29 20:14:02'),
	(193, 17, 102, 1, 29.75, 29.75, 1, '2022-04-02 22:21:02', '2022-04-29 20:08:50'),
	(194, 72, 103, 1, 40.00, 40.00, 1, '2022-04-04 22:56:18', '2022-04-29 20:14:02'),
	(195, 77, 104, 1, 40.00, 40.00, 1, '2022-04-04 23:41:22', '2022-04-29 20:14:02'),
	(196, 14, 104, 1, 90.00, 90.00, 1, '2022-04-04 23:41:22', '2022-04-29 20:14:02'),
	(197, 29, 105, 1, 23.00, 23.00, 1, '2022-04-05 18:40:35', '2022-04-29 20:14:02'),
	(198, 51, 106, 1, 14.00, 14.00, 1, '2022-04-05 18:43:37', '2022-04-29 20:14:02'),
	(199, 54, 106, 1, 15.00, 15.00, 1, '2022-04-05 18:43:37', '2022-04-29 20:14:02'),
	(200, 24, 106, 1, 15.00, 15.00, 1, '2022-04-05 18:43:37', '2022-04-29 20:14:02'),
	(201, 81, 106, 1, 19.50, 19.50, 1, '2022-04-05 18:43:37', '2022-04-29 20:14:02'),
	(202, 72, 107, 1, 40.00, 40.00, 1, '2022-04-05 20:33:44', '2022-04-29 20:14:02'),
	(203, 77, 107, 1, 40.00, 40.00, 1, '2022-04-05 20:33:44', '2022-04-29 20:14:02'),
	(204, 14, 107, 1, 90.00, 90.00, 1, '2022-04-05 20:33:44', '2022-04-29 20:14:02'),
	(205, 63, 107, 1, 9.00, 9.00, 1, '2022-04-05 20:33:44', '2022-04-29 20:14:02'),
	(206, 77, 108, 1, 40.00, 40.00, 1, '2022-04-05 21:08:54', '2022-04-29 20:14:02'),
	(207, 70, 109, 1, 22.00, 22.00, 1, '2022-04-05 21:51:51', '2022-04-29 20:14:02'),
	(208, 58, 110, 1, 18.00, 18.00, 1, '2022-04-06 00:41:42', '2022-04-29 20:14:02'),
	(209, 57, 110, 1, 18.00, 18.00, 1, '2022-04-06 00:41:42', '2022-04-29 20:14:02'),
	(210, 55, 110, 1, 20.00, 20.00, 1, '2022-04-06 00:41:42', '2022-04-29 20:14:02'),
	(211, 14, 111, 1, 90.00, 90.00, 1, '2022-04-06 19:40:47', '2022-04-29 20:14:02'),
	(212, 71, 112, 2, 44.00, 22.00, 1, '2022-04-06 20:20:28', '2022-04-29 20:14:02'),
	(213, 66, 112, 2, 48.00, 24.00, 1, '2022-04-06 20:20:28', '2022-04-29 20:14:02'),
	(214, 25, 112, 1, 33.00, 33.00, 1, '2022-04-06 20:20:28', '2022-04-29 20:14:02'),
	(215, 63, 112, 1, 9.00, 9.00, 1, '2022-04-06 20:20:28', '2022-04-29 20:14:02'),
	(216, 77, 112, 1, 40.00, 40.00, 1, '2022-04-06 20:20:28', '2022-04-29 20:14:02'),
	(217, 72, 113, 1, 40.00, 40.00, 1, '2022-04-06 21:53:45', '2022-04-29 20:14:02'),
	(218, 55, 113, 1, 20.00, 20.00, 1, '2022-04-06 21:53:45', '2022-04-29 20:14:02'),
	(219, 15, 114, 1, 95.00, 95.00, 1, '2022-04-06 21:56:51', '2022-04-29 20:14:02'),
	(220, 74, 114, 1, 11.00, 11.00, 1, '2022-04-06 21:56:51', '2022-04-29 20:14:02'),
	(221, 17, 115, 1, 30.00, 30.00, 1, '2022-04-06 22:04:53', '2022-04-29 20:14:02'),
	(222, 15, 116, 1, 95.00, 95.00, 1, '2022-04-06 22:25:59', '2022-04-29 20:14:02'),
	(223, 71, 116, 1, 22.00, 22.00, 1, '2022-04-06 22:25:59', '2022-04-29 20:14:02'),
	(224, 67, 116, 1, 40.00, 40.00, 1, '2022-04-06 22:25:59', '2022-04-29 20:14:02'),
	(225, 16, 116, 1, 18.00, 18.00, 1, '2022-04-06 22:25:59', '2022-04-29 20:14:02'),
	(226, 25, 116, 1, 33.00, 33.00, 1, '2022-04-06 22:25:59', '2022-04-29 20:14:02'),
	(227, 69, 116, 2, 0.00, 0.00, 1, '2022-04-06 22:25:59', '2022-04-29 20:14:02'),
	(228, 81, 117, 1, 19.50, 19.50, 1, '2022-04-07 17:57:10', '2022-04-29 20:14:02'),
	(229, 77, 118, 1, 40.00, 40.00, 1, '2022-04-08 21:05:03', '2022-04-29 20:14:02'),
	(230, 22, 119, 1, 80.00, 80.00, 1, '2022-04-08 21:40:49', '2022-04-29 20:14:02'),
	(231, 21, 120, 1, 20.00, 20.00, 1, '2022-04-08 23:02:59', '2022-04-29 20:14:02'),
	(232, 22, 120, 1, 80.00, 80.00, 1, '2022-04-08 23:02:59', '2022-04-29 20:14:02'),
	(233, 68, 120, 1, 40.00, 40.00, 1, '2022-04-08 23:02:59', '2022-04-29 20:14:02'),
	(234, 16, 120, 1, 18.00, 18.00, 1, '2022-04-08 23:02:59', '2022-04-29 20:14:02'),
	(235, 64, 120, 1, 9.00, 9.00, 1, '2022-04-08 23:02:59', '2022-04-29 20:14:02'),
	(236, 26, 120, 1, 7.00, 7.00, 1, '2022-04-08 23:02:59', '2022-04-29 20:14:02'),
	(237, 57, 120, 1, 18.00, 18.00, 1, '2022-04-08 23:02:59', '2022-04-29 20:14:02'),
	(238, 58, 120, 1, 18.00, 18.00, 1, '2022-04-08 23:02:59', '2022-04-29 20:14:02'),
	(239, 57, 121, 1, 18.00, 18.00, 1, '2022-04-08 23:57:40', '2022-04-29 20:14:02'),
	(240, 52, 121, 1, 22.00, 22.00, 1, '2022-04-08 23:57:40', '2022-04-29 20:14:02'),
	(241, 51, 121, 1, 14.00, 14.00, 1, '2022-04-08 23:57:40', '2022-04-29 20:14:02'),
	(242, 58, 121, 1, 18.00, 18.00, 1, '2022-04-08 23:57:40', '2022-04-29 20:14:02'),
	(243, 77, 121, 1, 40.00, 40.00, 1, '2022-04-08 23:57:40', '2022-04-29 20:14:02'),
	(244, 67, 121, 1, 40.00, 40.00, 1, '2022-04-08 23:57:40', '2022-04-29 20:14:02'),
	(245, 15, 122, 1, 95.00, 95.00, 1, '2022-04-09 00:19:53', '2022-04-29 20:14:02'),
	(246, 77, 122, 1, 40.00, 40.00, 1, '2022-04-09 00:19:53', '2022-04-29 20:14:02'),
	(247, 15, 123, 1, 95.00, 95.00, 1, '2022-04-09 00:29:02', '2022-04-29 20:14:02'),
	(248, 51, 124, 1, 14.00, 14.00, 1, '2022-04-09 00:49:07', '2022-04-29 20:14:03'),
	(249, 52, 124, 1, 22.00, 22.00, 1, '2022-04-09 00:49:07', '2022-04-29 20:14:03'),
	(250, 56, 124, 1, 14.00, 14.00, 1, '2022-04-09 00:49:07', '2022-04-29 20:14:03'),
	(251, 16, 124, 1, 18.00, 18.00, 1, '2022-04-09 00:49:07', '2022-04-29 20:14:03'),
	(252, 26, 124, 1, 7.00, 7.00, 1, '2022-04-09 00:49:07', '2022-04-29 20:14:03'),
	(253, 77, 124, 1, 40.00, 40.00, 1, '2022-04-09 00:49:07', '2022-04-29 20:14:03'),
	(254, 83, 125, 1, 21.00, 21.00, 1, '2022-04-09 01:38:45', '2022-04-29 20:14:03'),
	(255, 15, 126, 1, 95.00, 95.00, 1, '2022-04-09 01:56:39', '2022-04-29 20:14:03'),
	(256, 83, 126, 1, 21.00, 21.00, 1, '2022-04-09 01:56:39', '2022-04-29 20:14:03'),
	(257, 41, 126, 1, 27.00, 27.00, 1, '2022-04-09 01:56:39', '2022-04-29 20:14:03'),
	(258, 35, 126, 1, 4.00, 4.00, 1, '2022-04-09 01:56:39', '2022-04-29 20:14:03'),
	(259, 33, 126, 1, 4.00, 4.00, 1, '2022-04-09 01:56:39', '2022-04-29 20:14:03'),
	(260, 62, 126, 1, 3.00, 3.00, 1, '2022-04-09 01:56:39', '2022-04-29 20:14:03'),
	(261, 23, 127, 1, 15.00, 15.00, 1, '2022-04-09 20:48:32', '2022-04-29 20:14:03'),
	(262, 57, 127, 1, 18.00, 18.00, 1, '2022-04-09 20:48:32', '2022-04-29 20:14:03'),
	(263, 15, 128, 1, 95.00, 95.00, 1, '2022-04-09 21:58:00', '2022-04-29 20:14:03'),
	(264, 83, 129, 1, 21.00, 21.00, 1, '2022-04-09 22:29:08', '2022-04-29 20:14:03'),
	(265, 32, 130, 1, 0.00, 0.00, 1, '2022-04-09 22:40:22', '2022-04-29 20:14:03'),
	(266, 83, 131, 1, 21.00, 21.00, 1, '2022-04-09 22:45:31', '2022-04-29 20:14:03'),
	(267, 60, 131, 1, 16.00, 16.00, 1, '2022-04-09 22:45:31', '2022-04-29 20:14:03'),
	(268, 85, 132, 1, 155.00, 155.00, 1, '2022-04-11 17:57:58', '2022-04-29 20:14:03'),
	(269, 90, 133, 1, 160.00, 160.00, 1, '2022-04-11 19:14:39', '2022-04-29 20:14:03'),
	(270, 43, 133, 1, 41.00, 41.00, 1, '2022-04-11 19:14:39', '2022-04-29 20:14:03'),
	(271, 66, 133, 1, 24.00, 24.00, 1, '2022-04-11 19:14:39', '2022-04-29 20:14:03'),
	(272, 83, 133, 1, 21.00, 21.00, 1, '2022-04-11 19:14:39', '2022-04-29 20:14:03'),
	(273, 82, 134, 1, 210.00, 210.00, 1, '2022-04-11 19:15:29', '2022-04-29 20:14:03'),
	(274, 9, 135, 1, 140.00, 140.00, 1, '2022-04-11 19:24:07', '2022-04-29 20:14:03'),
	(275, 92, 136, 1, 170.00, 170.00, 1, '2022-04-11 19:33:37', '2022-04-29 20:14:03'),
	(276, 44, 137, 1, 140.00, 140.00, 1, '2022-04-11 19:34:03', '2022-04-29 20:14:03'),
	(277, 86, 138, 1, 160.00, 160.00, 1, '2022-04-11 19:43:02', '2022-04-29 20:14:03'),
	(278, 37, 139, 2, 8.00, 4.00, 1, '2022-04-11 19:51:06', '2022-04-29 20:14:03'),
	(279, 29, 139, 1, 23.00, 23.00, 1, '2022-04-11 19:51:06', '2022-04-29 20:14:03'),
	(280, 86, 140, 1, 160.00, 160.00, 1, '2022-04-11 19:56:58', '2022-04-29 20:14:03'),
	(281, 8, 141, 1, 195.00, 195.00, 1, '2022-04-11 20:03:57', '2022-04-29 20:14:03'),
	(282, 86, 142, 1, 160.00, 160.00, 1, '2022-04-11 20:08:22', '2022-04-29 20:14:03'),
	(283, 72, 143, 1, 40.00, 40.00, 1, '2022-04-11 20:20:25', '2022-04-29 20:14:03'),
	(284, 63, 144, 1, 9.00, 9.00, 1, '2022-04-11 20:25:57', '2022-04-29 20:14:03'),
	(285, 41, 144, 1, 27.00, 27.00, 1, '2022-04-11 20:25:57', '2022-04-29 20:14:03'),
	(286, 22, 144, 1, 80.00, 80.00, 1, '2022-04-11 20:25:57', '2022-04-29 20:14:03'),
	(287, 22, 145, 1, 80.00, 80.00, 1, '2022-04-11 20:29:48', '2022-04-29 20:14:03'),
	(288, 97, 146, 1, 17.00, 17.00, 1, '2022-04-11 20:32:59', '2022-04-29 20:14:03'),
	(289, 77, 146, 1, 40.00, 40.00, 1, '2022-04-11 20:32:59', '2022-04-29 20:14:03'),
	(290, 81, 146, 2, 39.00, 19.50, 1, '2022-04-11 20:32:59', '2022-04-29 20:14:03'),
	(291, 26, 147, 1, 7.58, 7.58, 1, '2022-04-11 20:39:58', '2022-04-29 20:08:50'),
	(292, 15, 148, 1, 95.00, 95.00, 1, '2022-04-11 20:46:20', '2022-04-29 20:14:03'),
	(293, 56, 148, 1, 0.00, 0.00, 1, '2022-04-11 20:46:20', '2022-04-29 20:14:03'),
	(294, 9, 149, 1, 140.00, 140.00, 1, '2022-04-11 21:51:18', '2022-04-29 20:14:03'),
	(295, 72, 150, 1, 40.00, 40.00, 1, '2022-04-11 21:55:48', '2022-04-29 20:14:03'),
	(296, 86, 151, 2, 320.00, 160.00, 1, '2022-04-11 22:13:11', '2022-04-29 20:14:03'),
	(297, 9, 152, 1, 78.00, 78.00, 1, '2022-04-11 22:13:52', '2022-04-29 20:14:03'),
	(298, 23, 153, 1, 12.55, 12.55, 1, '2022-04-11 22:18:27', '2022-04-29 20:08:50'),
	(299, 22, 154, 1, 80.00, 80.00, 1, '2022-04-11 22:22:37', '2022-04-29 20:14:03'),
	(300, 22, 155, 1, 65.00, 65.00, 1, '2022-04-11 22:23:58', '2022-04-29 20:14:03'),
	(301, 58, 156, 1, 20.00, 20.00, 1, '2022-04-11 22:37:22', '2022-04-29 20:14:03'),
	(302, 15, 157, 1, 93.14, 93.14, 1, '2022-04-11 22:41:26', '2022-04-29 20:08:50'),
	(303, 77, 158, 1, 42.00, 42.00, 1, '2022-04-11 22:53:45', '2022-04-29 20:14:03'),
	(304, 77, 159, 1, 44.00, 44.00, 1, '2022-04-11 22:57:28', '2022-04-29 20:14:03'),
	(305, 58, 160, 1, 21.10, 21.10, 1, '2022-04-11 23:01:38', '2022-04-29 20:14:03'),
	(306, 15, 161, 1, 93.00, 93.00, 1, '2022-04-11 23:04:50', '2022-04-29 20:14:03'),
	(307, 23, 162, 1, 13.00, 13.00, 1, '2022-04-11 23:07:02', '2022-04-29 20:14:03'),
	(308, 77, 163, 1, 55.00, 55.00, 1, '2022-04-11 23:11:07', '2022-04-29 20:14:03'),
	(309, 77, 164, 1, 40.00, 40.00, 1, '2022-04-11 23:14:13', '2022-04-29 20:14:03'),
	(310, 8, 165, 1, 173.00, 173.00, 1, '2022-04-11 23:31:12', '2022-04-29 20:14:03'),
	(311, 9, 166, 1, 123.00, 123.00, 1, '2022-04-11 23:38:23', '2022-04-29 20:14:03'),
	(312, 22, 167, 1, 80.00, 80.00, 1, '2022-04-12 00:30:32', '2022-04-29 20:14:03'),
	(313, 36, 168, 1, 4.00, 4.00, 1, '2022-04-12 00:33:41', '2022-04-29 20:14:03'),
	(314, 39, 168, 1, 4.00, 4.00, 1, '2022-04-12 00:33:41', '2022-04-29 20:14:03'),
	(315, 77, 169, 1, 48.20, 48.20, 1, '2022-04-12 00:37:10', '2022-04-29 20:14:03'),
	(316, 15, 170, 1, 100.00, 100.00, 1, '2022-04-12 00:40:58', '2022-04-29 20:14:03'),
	(317, 15, 171, 1, 94.98, 94.98, 1, '2022-04-12 00:45:31', '2022-04-29 20:08:50'),
	(318, 15, 172, 1, 94.98, 94.98, 1, '2022-04-12 00:48:02', '2022-04-29 20:08:50'),
	(319, 9, 173, 1, 134.99, 134.99, 1, '2022-04-12 00:58:16', '2022-04-29 20:08:50'),
	(320, 9, 174, 1, 122.00, 122.00, 1, '2022-04-12 01:03:56', '2022-04-29 20:14:03'),
	(321, 58, 175, 1, 18.57, 18.57, 1, '2022-04-12 01:10:04', '2022-04-29 20:08:50'),
	(322, 8, 176, 1, 190.00, 190.00, 1, '2022-04-12 01:13:17', '2022-04-29 20:14:03'),
	(323, 19, 177, 1, 28.00, 28.00, 1, '2022-04-12 01:20:41', '2022-04-29 20:14:03'),
	(324, 15, 178, 1, 85.51, 85.51, 1, '2022-04-12 18:09:39', '2022-04-29 20:08:50'),
	(325, 15, 179, 1, 107.50, 107.50, 1, '2022-04-12 18:14:49', '2022-04-29 20:14:03'),
	(326, 15, 180, 1, 16.00, 16.00, 1, '2022-04-12 18:27:22', '2022-04-29 20:14:03'),
	(327, 15, 181, 1, 83.00, 83.00, 1, '2022-04-12 18:35:48', '2022-04-29 20:14:03'),
	(328, 15, 182, 1, 22.21, 22.21, 1, '2022-04-12 18:40:21', '2022-04-29 20:08:50'),
	(329, 15, 183, 1, 87.86, 87.86, 1, '2022-04-12 18:44:46', '2022-04-29 20:08:50'),
	(330, 15, 184, 1, 10.00, 10.00, 1, '2022-04-12 18:50:43', '2022-04-29 20:14:03'),
	(331, 15, 185, 1, 16.61, 16.61, 1, '2022-04-12 19:02:26', '2022-04-29 20:08:50'),
	(332, 15, 186, 1, 142.60, 142.60, 1, '2022-04-12 19:07:09', '2022-04-29 20:14:03'),
	(333, 15, 187, 1, 16.45, 16.45, 1, '2022-04-12 19:13:39', '2022-04-29 20:08:50'),
	(334, 15, 189, 1, 147.00, 147.00, 1, '2022-04-12 19:17:17', '2022-04-29 20:14:03'),
	(335, 15, 190, 1, 106.44, 106.44, 1, '2022-04-12 19:31:23', '2022-04-29 20:08:50'),
	(336, 28, 191, 1, 25.00, 25.00, 1, '2022-04-12 20:33:07', '2022-04-29 20:14:03'),
	(337, 83, 191, 1, 21.00, 21.00, 1, '2022-04-12 20:33:07', '2022-04-29 20:14:03'),
	(338, 72, 192, 1, 40.00, 40.00, 1, '2022-04-12 22:50:26', '2022-04-29 20:14:03'),
	(339, 19, 192, 1, 20.00, 20.00, 1, '2022-04-12 22:50:26', '2022-04-29 20:14:03'),
	(340, 95, 193, 1, 200.00, 200.00, 1, '2022-04-13 01:08:34', '2022-04-29 20:14:03'),
	(341, 86, 194, 1, 160.00, 160.00, 1, '2022-04-13 18:45:42', '2022-04-29 20:14:03'),
	(342, 37, 195, 1, 4.00, 4.00, 1, '2022-04-13 19:02:47', '2022-04-29 20:14:03'),
	(343, 95, 196, 1, 200.00, 200.00, 1, '2022-04-13 19:18:54', '2022-04-29 20:14:03'),
	(344, 77, 197, 1, 40.00, 40.00, 1, '2022-04-13 20:54:43', '2022-04-29 20:14:03'),
	(345, 83, 197, 1, 21.00, 21.00, 1, '2022-04-13 20:54:43', '2022-04-29 20:14:03'),
	(346, 79, 197, 1, 6.00, 6.00, 1, '2022-04-13 20:54:43', '2022-04-29 20:14:03'),
	(347, 81, 197, 1, 19.50, 19.50, 1, '2022-04-13 20:54:43', '2022-04-29 20:14:03'),
	(348, 82, 198, 1, 210.00, 210.00, 1, '2022-04-19 18:39:21', '2022-04-29 20:14:03'),
	(349, 82, 199, 2, 336.00, 168.00, 1, '2022-04-19 18:57:29', '2022-04-29 20:14:03'),
	(350, 72, 199, 2, 64.00, 32.00, 1, '2022-04-19 18:57:29', '2022-04-29 20:14:03'),
	(351, 83, 199, 2, 33.60, 16.80, 1, '2022-04-19 18:57:29', '2022-04-29 20:14:03'),
	(352, 66, 199, 1, 19.20, 19.20, 1, '2022-04-19 18:57:29', '2022-04-29 20:14:03'),
	(353, 86, 199, 1, 128.00, 128.00, 1, '2022-04-19 18:57:29', '2022-04-29 20:14:03'),
	(354, 15, 200, 1, 55.00, 55.00, 1, '2022-04-19 19:15:02', '2022-04-29 20:14:03'),
	(355, 82, 201, 1, 210.00, 210.00, 1, '2022-04-19 19:18:56', '2022-04-29 20:14:03'),
	(356, 73, 202, 3, 33.00, 11.00, 1, '2022-04-19 19:54:55', '2022-04-29 20:14:03'),
	(357, 81, 202, 1, 19.50, 19.50, 1, '2022-04-19 19:54:55', '2022-04-29 20:14:03'),
	(358, 83, 202, 1, 21.00, 21.00, 1, '2022-04-19 19:54:55', '2022-04-29 20:14:03'),
	(359, 77, 203, 1, 40.00, 40.00, 1, '2022-04-19 23:50:32', '2022-04-29 20:14:03'),
	(360, 75, 204, 1, 11.00, 11.00, 1, '2022-04-20 00:51:52', '2022-04-29 20:14:03'),
	(361, 63, 204, 1, 9.00, 9.00, 1, '2022-04-20 00:51:52', '2022-04-29 20:14:03'),
	(362, 77, 204, 1, 40.00, 40.00, 1, '2022-04-20 00:51:52', '2022-04-29 20:14:03'),
	(363, 47, 204, 1, 4.00, 4.00, 1, '2022-04-20 00:51:52', '2022-04-29 20:14:03'),
	(364, 77, 205, 1, 40.00, 40.00, 1, '2022-04-20 01:06:59', '2022-04-29 20:14:03'),
	(365, 66, 206, 4, 72.00, 18.00, 1, '2022-04-20 05:20:28', '2022-04-29 20:14:03'),
	(366, 86, 206, 1, 120.00, 120.00, 1, '2022-04-20 05:20:28', '2022-04-29 20:14:03'),
	(367, 83, 206, 5, 78.75, 15.75, 1, '2022-04-20 05:20:28', '2022-04-29 20:08:50'),
	(368, 81, 206, 2, 29.25, 14.63, 1, '2022-04-20 05:20:28', '2022-04-29 20:08:50'),
	(369, 63, 206, 2, 13.50, 6.75, 1, '2022-04-20 05:20:28', '2022-04-29 20:08:50'),
	(370, 64, 206, 3, 20.25, 6.75, 1, '2022-04-20 05:20:28', '2022-04-29 20:08:50'),
	(371, 72, 206, 2, 60.00, 30.00, 1, '2022-04-20 05:20:28', '2022-04-29 20:14:03'),
	(372, 54, 207, 1, 15.00, 15.00, 1, '2022-04-20 18:40:23', '2022-04-29 20:14:03'),
	(373, 26, 207, 1, 7.00, 7.00, 1, '2022-04-20 18:40:23', '2022-04-29 20:14:03'),
	(374, 71, 207, 1, 22.00, 22.00, 1, '2022-04-20 18:40:23', '2022-04-29 20:14:03'),
	(375, 28, 208, 1, 25.00, 25.00, 1, '2022-04-20 19:04:28', '2022-04-29 20:14:03'),
	(376, 63, 208, 1, 9.00, 9.00, 1, '2022-04-20 19:04:28', '2022-04-29 20:14:03'),
	(377, 21, 208, 1, 20.00, 20.00, 1, '2022-04-20 19:04:28', '2022-04-29 20:14:03'),
	(378, 27, 209, 1, 45.00, 45.00, 1, '2022-04-20 20:14:39', '2022-04-29 20:14:03'),
	(379, 77, 210, 1, 40.00, 40.00, 1, '2022-04-20 20:36:17', '2022-04-29 20:14:03'),
	(380, 81, 210, 1, 19.50, 19.50, 1, '2022-04-20 20:36:17', '2022-04-29 20:14:03'),
	(381, 66, 211, 1, 24.00, 24.00, 1, '2022-04-20 20:40:05', '2022-04-29 20:14:03'),
	(382, 67, 211, 1, 40.00, 40.00, 1, '2022-04-20 20:40:05', '2022-04-29 20:14:03'),
	(383, 64, 212, 1, 9.00, 9.00, 1, '2022-04-20 20:53:23', '2022-04-29 20:14:03'),
	(384, 29, 213, 1, 23.00, 23.00, 1, '2022-04-20 21:27:00', '2022-04-29 20:14:03'),
	(385, 25, 214, 1, 33.00, 33.00, 1, '2022-04-20 22:03:05', '2022-04-29 20:14:03'),
	(386, 54, 214, 1, 15.00, 15.00, 1, '2022-04-20 22:03:05', '2022-04-29 20:14:03'),
	(387, 54, 215, 1, 15.00, 15.00, 1, '2022-04-20 22:07:18', '2022-04-29 20:14:03'),
	(388, 100, 215, 1, 15.00, 15.00, 1, '2022-04-20 22:07:18', '2022-04-29 20:14:03'),
	(389, 86, 216, 1, 160.00, 160.00, 1, '2022-04-20 22:18:40', '2022-04-29 20:14:03'),
	(390, 89, 217, 1, 87.00, 87.00, 1, '2022-04-20 22:37:52', '2022-04-29 20:14:03'),
	(391, 86, 218, 1, 160.00, 160.00, 1, '2022-04-20 23:38:01', '2022-04-29 20:14:03'),
	(392, 64, 218, 1, 9.00, 9.00, 1, '2022-04-20 23:38:01', '2022-04-29 20:14:03'),
	(393, 86, 219, 1, 160.00, 160.00, 1, '2022-04-21 19:10:32', '2022-04-29 20:14:03'),
	(394, 83, 220, 1, 21.00, 21.00, 1, '2022-04-21 19:50:34', '2022-04-29 20:14:03'),
	(395, 82, 221, 1, 210.00, 210.00, 1, '2022-04-21 21:31:33', '2022-04-29 20:14:03'),
	(396, 86, 222, 1, 160.00, 160.00, 1, '2022-04-21 21:42:01', '2022-04-29 20:14:03'),
	(397, 81, 223, 1, 19.50, 19.50, 1, '2022-04-21 21:48:41', '2022-04-29 20:14:03'),
	(398, 51, 224, 1, 14.00, 14.00, 1, '2022-04-21 23:13:17', '2022-04-29 20:14:03'),
	(399, 18, 224, 1, 35.00, 35.00, 1, '2022-04-21 23:13:17', '2022-04-29 20:14:03'),
	(400, 82, 224, 1, 210.00, 210.00, 1, '2022-04-21 23:13:17', '2022-04-29 20:14:03'),
	(401, 96, 225, 1, 400.00, 400.00, 1, '2022-04-22 23:30:57', '2022-04-29 20:14:03'),
	(402, 98, 226, 1, 90.00, 90.00, 1, '2022-04-22 23:54:17', '2022-04-29 20:14:03'),
	(403, 22, 227, 1, 80.00, 80.00, 1, '2022-04-23 00:08:29', '2022-04-29 20:14:03'),
	(404, 82, 228, 1, 210.00, 210.00, 1, '2022-04-23 00:23:59', '2022-04-29 20:14:03'),
	(405, 89, 228, 1, 87.00, 87.00, 1, '2022-04-23 00:23:59', '2022-04-29 20:14:03'),
	(406, 78, 229, 1, 98.00, 98.00, 1, '2022-04-23 02:04:04', '2022-04-29 20:14:03'),
	(407, 22, 229, 1, 80.00, 80.00, 1, '2022-04-23 02:04:04', '2022-04-29 20:14:03'),
	(408, 66, 230, 1, 18.00, 18.00, 1, '2022-04-23 17:59:01', '2022-04-29 20:14:03'),
	(409, 62, 231, 1, 3.00, 3.00, 1, '2022-04-23 18:06:04', '2022-04-29 20:14:03'),
	(410, 96, 232, 1, 200.00, 200.00, 1, '2022-04-23 18:53:57', '2022-04-29 20:14:03'),
	(411, 21, 233, 1, 20.00, 20.00, 1, '2022-04-23 21:25:31', '2022-04-29 20:14:03'),
	(412, 20, 233, 1, 20.00, 20.00, 1, '2022-04-23 21:25:31', '2022-04-29 20:14:03'),
	(413, 96, 234, 1, 200.00, 200.00, 1, '2022-04-23 22:50:55', '2022-04-29 20:14:03'),
	(414, 85, 235, 1, 155.00, 155.00, 1, '2022-04-24 00:41:23', '2022-04-29 20:14:03'),
	(415, 85, 236, 1, 155.00, 155.00, 1, '2022-04-24 00:44:07', '2022-04-29 20:14:03'),
	(416, 86, 236, 1, 160.00, 160.00, 1, '2022-04-24 00:44:07', '2022-04-29 20:14:03'),
	(417, 86, 237, 1, 160.00, 160.00, 1, '2022-04-25 03:00:29', '2022-04-29 20:14:03'),
	(418, 15, 238, 1, 95.00, 95.00, 1, '2022-04-25 19:32:08', '2022-04-29 20:14:03'),
	(419, 98, 238, 1, 90.00, 90.00, 1, '2022-04-25 19:32:08', '2022-04-29 20:14:03'),
	(420, 77, 238, 1, 40.00, 40.00, 1, '2022-04-25 19:32:08', '2022-04-29 20:14:03'),
	(421, 99, 238, 1, 40.00, 40.00, 1, '2022-04-25 19:32:08', '2022-04-29 20:14:03'),
	(422, 69, 238, 1, 0.00, 0.00, 1, '2022-04-25 19:32:08', '2022-04-29 20:14:03'),
	(423, 82, 239, 1, 210.00, 210.00, 1, '2022-04-25 20:03:43', '2022-04-29 20:14:03'),
	(424, 20, 239, 3, 60.00, 20.00, 1, '2022-04-25 20:03:43', '2022-04-29 20:14:03'),
	(425, 89, 240, 1, 87.00, 87.00, 1, '2022-04-25 20:51:40', '2022-04-29 20:14:03'),
	(426, 20, 241, 1, 20.00, 20.00, 1, '2022-04-25 21:38:01', '2022-04-29 20:14:03'),
	(427, 21, 241, 1, 20.00, 20.00, 1, '2022-04-25 21:38:01', '2022-04-29 20:14:03'),
	(428, 31, 241, 1, 4.00, 4.00, 1, '2022-04-25 21:38:01', '2022-04-29 20:14:03'),
	(429, 32, 241, 1, 4.00, 4.00, 1, '2022-04-25 21:38:01', '2022-04-29 20:14:03'),
	(430, 33, 241, 1, 4.00, 4.00, 1, '2022-04-25 21:38:01', '2022-04-29 20:14:03'),
	(431, 34, 241, 1, 4.00, 4.00, 1, '2022-04-25 21:38:01', '2022-04-29 20:14:03'),
	(432, 35, 241, 1, 4.00, 4.00, 1, '2022-04-25 21:38:01', '2022-04-29 20:14:03'),
	(433, 86, 242, 1, 160.00, 160.00, 1, '2022-04-25 23:45:37', '2022-04-29 20:14:03'),
	(434, 47, 243, 1, 4.00, 4.00, 1, '2022-04-26 00:17:12', '2022-04-29 20:14:03'),
	(435, 48, 243, 1, 3.00, 3.00, 1, '2022-04-26 00:17:12', '2022-04-29 20:14:03'),
	(436, 78, 244, 1, 98.00, 98.00, 1, '2022-04-26 01:27:57', '2022-04-29 20:14:03'),
	(437, 86, 245, 1, 160.00, 160.00, 1, '2022-04-26 18:33:17', '2022-04-29 20:14:03'),
	(438, 13, 246, 1, 80.00, 80.00, 1, '2022-04-26 20:39:35', '2022-04-29 20:14:03'),
	(439, 95, 247, 1, 200.00, 200.00, 1, '2022-04-26 20:41:08', '2022-04-29 20:14:03'),
	(440, 20, 248, 1, 20.00, 20.00, 1, '2022-04-26 20:41:57', '2022-04-29 20:14:03'),
	(441, 89, 249, 1, 87.00, 87.00, 1, '2022-04-26 20:42:42', '2022-04-29 20:14:03'),
	(442, 20, 250, 1, 20.00, 20.00, 1, '2022-04-27 00:12:26', '2022-04-29 20:14:03'),
	(443, 22, 251, 2, 160.00, 80.00, 1, '2022-04-27 00:27:00', '2022-04-29 20:14:03'),
	(444, 23, 251, 2, 30.00, 15.00, 1, '2022-04-27 00:27:00', '2022-04-29 20:14:03'),
	(445, 18, 251, 1, 35.00, 35.00, 1, '2022-04-27 00:27:00', '2022-04-29 20:14:03'),
	(446, 57, 251, 1, 18.00, 18.00, 1, '2022-04-27 00:27:00', '2022-04-29 20:14:03'),
	(447, 68, 251, 2, 80.00, 40.00, 1, '2022-04-27 00:27:00', '2022-04-29 20:14:03'),
	(448, 78, 251, 1, 98.00, 98.00, 1, '2022-04-27 00:27:00', '2022-04-29 20:14:03'),
	(449, 52, 252, 1, 22.00, 22.00, 1, '2022-04-27 18:47:45', '2022-04-29 20:14:03'),
	(450, 23, 253, 2, 30.00, 15.00, 1, '2022-04-27 20:18:57', '2022-04-29 20:14:03'),
	(451, 57, 253, 1, 18.00, 18.00, 1, '2022-04-27 20:18:57', '2022-04-29 20:14:03'),
	(452, 82, 254, 1, 210.00, 210.00, 1, '2022-04-27 21:25:09', '2022-04-29 20:14:03'),
	(453, 77, 254, 1, 40.00, 40.00, 1, '2022-04-27 21:25:09', '2022-04-29 20:14:03'),
	(454, 29, 254, 2, 46.00, 23.00, 1, '2022-04-27 21:25:09', '2022-04-29 20:14:03'),
	(455, 66, 255, 1, 24.00, 24.00, 1, '2022-04-27 22:18:08', '2022-04-29 20:14:03'),
	(456, 34, 255, 1, 4.00, 4.00, 1, '2022-04-27 22:18:08', '2022-04-29 20:14:03'),
	(457, 11, 256, 1, 210.00, 210.00, 1, '2022-04-30 13:04:15', '2022-04-30 13:04:15'),
	(458, 13, 257, 1, 80.00, 80.00, 0, '2022-04-30 13:04:44', '2022-04-30 13:06:37'),
	(459, 7, 258, 1, 40.00, 40.00, 0, '2022-04-30 13:11:34', '2022-04-30 13:30:27'),
	(460, 9, 259, 1, 140.00, 140.00, 1, '2022-04-30 13:13:10', '2022-04-30 13:13:10'),
	(461, 7, 260, 1, 40.00, 40.00, 0, '2022-04-30 13:50:10', '2022-05-01 17:21:31');
/*!40000 ALTER TABLE `factura_detalles` ENABLE KEYS */;

-- Volcando estructura para tabla api_maquillaje.factura_historials
CREATE TABLE IF NOT EXISTS `factura_historials` (
  `id` bigint(20) unsigned NOT NULL AUTO_INCREMENT,
  `cliente_id` bigint(20) unsigned NOT NULL,
  `user_id` bigint(20) unsigned NOT NULL,
  `precio` double(7,2) NOT NULL,
  `debitado` int(11) NOT NULL DEFAULT '0',
  `estado` int(11) NOT NULL,
  `created_at` timestamp NULL DEFAULT NULL,
  `updated_at` timestamp NULL DEFAULT NULL,
  PRIMARY KEY (`id`),
  KEY `factura_historials_cliente_id_foreign` (`cliente_id`),
  KEY `factura_historials_user_id_foreign` (`user_id`),
  CONSTRAINT `factura_historials_cliente_id_foreign` FOREIGN KEY (`cliente_id`) REFERENCES `clientes` (`id`),
  CONSTRAINT `factura_historials_user_id_foreign` FOREIGN KEY (`user_id`) REFERENCES `users` (`id`)
) ENGINE=InnoDB AUTO_INCREMENT=193 DEFAULT CHARSET=utf8mb4 COLLATE=utf8mb4_unicode_ci;

-- Volcando datos para la tabla api_maquillaje.factura_historials: ~0 rows (aproximadamente)
/*!40000 ALTER TABLE `factura_historials` DISABLE KEYS */;
INSERT INTO `factura_historials` (`id`, `cliente_id`, `user_id`, `precio`, `debitado`, `estado`, `created_at`, `updated_at`) VALUES
	(1, 96, 28, 21.00, 1, 1, '2022-04-09 01:51:32', '2022-04-09 01:51:32'),
	(2, 33, 25, 20.00, 1, 1, '2022-04-11 19:08:43', '2022-04-11 19:08:43'),
	(3, 104, 25, 70.00, 1, 1, '2022-04-11 19:26:39', '2022-04-11 19:26:39'),
	(4, 104, 25, 21.00, 1, 1, '2022-04-11 19:28:22', '2022-04-11 19:28:22'),
	(5, 105, 25, 135.00, 1, 1, '2022-04-11 19:38:34', '2022-04-11 19:38:34'),
	(6, 106, 25, 110.00, 1, 1, '2022-04-11 19:44:31', '2022-04-11 19:44:31'),
	(7, 30, 25, 40.00, 1, 1, '2022-04-11 19:47:00', '2022-04-11 19:47:00'),
	(8, 107, 25, 174.00, 1, 1, '2022-04-11 20:02:16', '2022-04-11 20:02:16'),
	(9, 110, 25, 110.00, 1, 1, '2022-04-11 20:04:50', '2022-04-11 20:04:50'),
	(10, 111, 25, 90.00, 1, 1, '2022-04-11 20:09:49', '2022-04-11 20:09:49'),
	(11, 80, 25, 20.00, 1, 1, '2022-04-11 20:19:18', '2022-04-11 20:19:18'),
	(12, 83, 25, 65.00, 1, 1, '2022-04-11 20:20:59', '2022-04-11 20:20:59'),
	(13, 113, 25, 30.00, 1, 1, '2022-04-11 20:42:20', '2022-04-11 20:42:20'),
	(14, 114, 25, 40.00, 1, 1, '2022-04-11 20:45:06', '2022-04-11 20:45:06'),
	(15, 28, 25, 43.06, 1, 1, '2022-04-11 21:48:40', '2022-04-11 21:48:40'),
	(16, 115, 25, 18.00, 1, 1, '2022-04-11 21:52:34', '2022-04-11 21:52:34'),
	(17, 116, 25, 8.84, 1, 1, '2022-04-11 21:58:27', '2022-04-11 21:58:27'),
	(18, 59, 25, 30.00, 1, 1, '2022-04-11 22:05:33', '2022-04-11 22:05:33'),
	(19, 5, 25, 56.00, 1, 1, '2022-04-11 22:06:51', '2022-04-11 22:06:51'),
	(20, 47, 25, 7.51, 1, 1, '2022-04-11 22:08:28', '2022-04-11 22:08:28'),
	(21, 27, 25, 100.00, 1, 1, '2022-04-11 22:10:22', '2022-04-11 22:10:22'),
	(22, 4, 25, 40.00, 1, 1, '2022-04-11 22:28:37', '2022-04-11 22:28:37'),
	(23, 63, 25, 40.00, 1, 1, '2022-04-11 22:31:39', '2022-04-11 22:31:39'),
	(24, 54, 25, 85.17, 1, 1, '2022-04-11 22:44:00', '2022-04-11 22:44:00'),
	(25, 48, 25, 60.34, 1, 1, '2022-04-11 22:46:40', '2022-04-11 22:46:40'),
	(26, 50, 25, 20.00, 1, 1, '2022-04-11 22:47:56', '2022-04-11 22:47:56'),
	(27, 14, 25, 99.32, 1, 1, '2022-04-11 23:25:29', '2022-04-11 23:25:29'),
	(28, 94, 25, 8.27, 1, 1, '2022-04-11 23:33:13', '2022-04-11 23:33:13'),
	(29, 101, 25, 65.00, 1, 1, '2022-04-11 23:34:16', '2022-04-11 23:34:16'),
	(30, 57, 25, 40.00, 1, 1, '2022-04-11 23:35:45', '2022-04-11 23:35:45'),
	(31, 14, 26, 95.68, 1, 1, '2022-04-12 00:26:23', '2022-04-12 00:26:23'),
	(32, 99, 25, 40.00, 1, 1, '2022-04-12 00:26:50', '2022-04-12 00:26:50'),
	(33, 102, 26, 59.31, 1, 1, '2022-04-12 01:01:44', '2022-04-12 01:01:44'),
	(34, 128, 25, 94.98, 1, 1, '2022-04-12 02:39:21', '2022-04-12 02:39:21'),
	(35, 46, 25, 13.00, 1, 1, '2022-04-12 02:41:07', '2022-04-12 02:41:07'),
	(36, 26, 25, 40.00, 1, 1, '2022-04-12 02:42:13', '2022-04-12 02:42:13'),
	(37, 41, 25, 18.00, 1, 1, '2022-04-12 02:43:11', '2022-04-12 02:43:11'),
	(38, 20, 25, 50.00, 1, 1, '2022-04-12 02:44:27', '2022-04-12 02:44:27'),
	(39, 21, 25, 22.96, 1, 1, '2022-04-12 02:46:17', '2022-04-12 02:46:17'),
	(40, 37, 25, 689.83, 1, 1, '2022-04-12 02:47:31', '2022-04-12 02:47:31'),
	(41, 6, 25, 160.00, 1, 1, '2022-04-12 18:03:18', '2022-04-12 18:03:18'),
	(42, 24, 25, 53.79, 1, 1, '2022-04-12 18:06:20', '2022-04-12 18:06:20'),
	(43, 43, 25, 21.00, 1, 1, '2022-04-12 18:19:00', '2022-04-12 18:19:00'),
	(44, 18, 25, 111.00, 1, 1, '2022-04-12 18:21:09', '2022-04-12 18:21:09'),
	(45, 25, 25, 13.00, 1, 1, '2022-04-12 18:23:12', '2022-04-12 18:23:12'),
	(46, 38, 25, 94.00, 1, 1, '2022-04-12 18:31:08', '2022-04-12 18:31:08'),
	(47, 34, 25, 20.00, 1, 1, '2022-04-12 18:46:18', '2022-04-12 18:46:18'),
	(48, 9, 25, 59.31, 1, 1, '2022-04-12 18:49:37', '2022-04-12 18:49:37'),
	(49, 69, 25, 30.00, 1, 1, '2022-04-12 19:03:54', '2022-04-12 19:03:54'),
	(50, 52, 25, 100.00, 1, 1, '2022-04-12 19:11:44', '2022-04-12 19:11:44'),
	(51, 17, 25, 14.00, 1, 1, '2022-04-12 19:16:13', '2022-04-12 19:16:13'),
	(52, 39, 25, 15.00, 1, 1, '2022-04-12 19:19:36', '2022-04-12 19:19:36'),
	(53, 15, 25, 46.00, 1, 1, '2022-04-12 19:38:52', '2022-04-12 19:38:52'),
	(54, 28, 26, 20.00, 1, 1, '2022-04-12 21:06:36', '2022-04-12 21:06:36'),
	(55, 30, 26, 90.00, 1, 1, '2022-04-12 21:14:29', '2022-04-12 21:14:29'),
	(56, 34, 27, 20.00, 1, 1, '2022-04-12 21:39:12', '2022-04-12 21:39:12'),
	(57, 63, 26, 60.00, 1, 1, '2022-04-12 21:51:19', '2022-04-12 21:51:19'),
	(58, 107, 26, 17.00, 1, 1, '2022-04-12 21:59:51', '2022-04-12 21:59:51'),
	(59, 106, 26, 50.00, 1, 1, '2022-04-12 22:05:55', '2022-04-12 22:05:55'),
	(60, 139, 27, 15.00, 1, 1, '2022-04-12 22:53:55', '2022-04-12 22:53:55'),
	(61, 15, 27, 4.00, 1, 1, '2022-04-13 00:35:00', '2022-04-13 00:35:00'),
	(62, 56, 27, 47.58, 1, 1, '2022-04-13 00:42:13', '2022-04-13 00:42:13'),
	(63, 140, 26, 100.00, 1, 1, '2022-04-13 01:10:38', '2022-04-13 01:10:38'),
	(64, 83, 26, 50.00, 1, 1, '2022-04-13 18:43:13', '2022-04-13 18:43:13'),
	(65, 3, 25, 4.00, 1, 1, '2022-04-13 19:04:13', '2022-04-13 19:04:13'),
	(66, 37, 25, 318.00, 1, 1, '2022-04-13 19:19:37', '2022-04-13 19:19:37'),
	(67, 105, 25, 0.21, 1, 1, '2022-04-13 19:22:28', '2022-04-13 19:22:28'),
	(68, 124, 26, 40.00, 1, 1, '2022-04-13 19:42:40', '2022-04-13 19:42:40'),
	(69, 38, 27, 20.00, 1, 1, '2022-04-13 19:55:29', '2022-04-13 19:55:29'),
	(70, 38, 27, 20.00, 1, 1, '2022-04-13 19:55:29', '2022-04-13 19:55:29'),
	(71, 118, 26, 60.00, 1, 1, '2022-04-13 20:21:25', '2022-04-13 20:21:25'),
	(72, 71, 27, 13.79, 1, 1, '2022-04-13 20:25:17', '2022-04-13 20:25:17'),
	(73, 55, 27, 20.00, 1, 1, '2022-04-13 20:33:43', '2022-04-13 20:33:43'),
	(74, 84, 26, 40.00, 1, 1, '2022-04-13 20:56:20', '2022-04-13 20:56:20'),
	(75, 77, 26, 13.79, 1, 1, '2022-04-13 21:15:06', '2022-04-13 21:15:06'),
	(76, 121, 26, 20.00, 1, 1, '2022-04-13 21:30:56', '2022-04-13 21:30:56'),
	(77, 114, 26, 20.00, 1, 1, '2022-04-13 21:42:44', '2022-04-13 21:42:44'),
	(78, 10, 26, 19.29, 1, 1, '2022-04-13 21:54:24', '2022-04-13 21:54:24'),
	(79, 123, 26, 40.00, 1, 1, '2022-04-13 21:57:21', '2022-04-13 21:57:21'),
	(80, 134, 27, 16.00, 1, 1, '2022-04-14 00:08:40', '2022-04-14 00:08:40'),
	(81, 17, 27, 30.00, 1, 1, '2022-04-14 00:29:11', '2022-04-14 00:29:11'),
	(82, 8, 27, 20.00, 1, 1, '2022-04-14 00:45:45', '2022-04-14 00:45:45'),
	(83, 60, 27, 15.00, 1, 1, '2022-04-14 01:15:36', '2022-04-14 01:15:36'),
	(84, 87, 27, 30.00, 1, 1, '2022-04-14 03:25:26', '2022-04-14 03:25:26'),
	(85, 59, 26, 20.00, 1, 1, '2022-04-18 20:05:21', '2022-04-18 20:05:21'),
	(86, 57, 26, 20.00, 1, 1, '2022-04-18 21:00:13', '2022-04-18 21:00:13'),
	(87, 43, 27, 20.00, 1, 1, '2022-04-19 01:26:47', '2022-04-19 01:26:47'),
	(88, 136, 27, 16.61, 1, 1, '2022-04-19 01:27:11', '2022-04-19 01:27:11'),
	(89, 56, 27, 30.00, 1, 1, '2022-04-19 01:27:31', '2022-04-19 01:27:31'),
	(90, 21, 25, 20.00, 1, 1, '2022-04-19 18:32:14', '2022-04-19 18:32:14'),
	(91, 23, 25, 92.79, 1, 1, '2022-04-19 18:34:12', '2022-04-19 18:34:12'),
	(92, 62, 25, 40.00, 1, 1, '2022-04-19 18:44:40', '2022-04-19 18:44:40'),
	(93, 26, 25, 35.00, 1, 1, '2022-04-19 18:47:13', '2022-04-19 18:47:13'),
	(94, 37, 25, 53.77, 1, 1, '2022-04-19 18:49:21', '2022-04-19 18:49:21'),
	(95, 37, 25, 6.23, 1, 1, '2022-04-19 19:05:26', '2022-04-19 19:05:26'),
	(96, 101, 26, 90.00, 1, 1, '2022-04-19 19:17:39', '2022-04-19 19:17:39'),
	(97, 142, 26, 50.00, 1, 1, '2022-04-19 20:30:02', '2022-04-19 20:30:02'),
	(98, 130, 25, 122.00, 1, 1, '2022-04-19 20:30:12', '2022-04-19 20:30:12'),
	(99, 65, 26, 41.55, 1, 1, '2022-04-19 20:58:34', '2022-04-19 20:58:34'),
	(100, 82, 27, 13.79, 1, 1, '2022-04-19 21:35:39', '2022-04-19 21:35:39'),
	(101, 55, 27, 20.00, 1, 1, '2022-04-19 21:48:44', '2022-04-19 21:48:44'),
	(102, 104, 26, 40.00, 1, 1, '2022-04-19 22:04:09', '2022-04-19 22:04:09'),
	(103, 111, 26, 40.00, 1, 1, '2022-04-19 22:14:32', '2022-04-19 22:14:33'),
	(104, 143, 28, 73.50, 1, 1, '2022-04-19 23:06:17', '2022-04-19 23:06:17'),
	(105, 23, 27, 26.21, 1, 1, '2022-04-19 23:43:01', '2022-04-19 23:43:01'),
	(106, 39, 27, 15.00, 1, 1, '2022-04-19 23:44:02', '2022-04-19 23:44:02'),
	(107, 122, 26, 20.00, 1, 1, '2022-04-19 23:52:17', '2022-04-19 23:52:17'),
	(108, 45, 25, 9.00, 1, 1, '2022-04-20 18:36:39', '2022-04-20 18:36:39'),
	(109, 85, 25, 27.58, 1, 1, '2022-04-20 18:44:09', '2022-04-20 18:44:09'),
	(110, 20, 25, 40.00, 1, 1, '2022-04-20 20:19:43', '2022-04-20 20:19:43'),
	(111, 151, 26, 23.00, 1, 1, '2022-04-20 21:29:14', '2022-04-20 21:29:14'),
	(112, 93, 26, 40.00, 1, 1, '2022-04-20 21:47:39', '2022-04-20 21:47:39'),
	(113, 59, 26, 40.00, 1, 1, '2022-04-20 22:22:19', '2022-04-20 22:22:19'),
	(114, 153, 26, 40.00, 1, 1, '2022-04-20 22:57:34', '2022-04-20 22:57:34'),
	(115, 11, 27, 80.00, 1, 1, '2022-04-21 20:18:49', '2022-04-21 20:18:49'),
	(116, 58, 27, 8.27, 1, 1, '2022-04-21 20:19:21', '2022-04-21 20:19:21'),
	(117, 52, 27, 20.00, 1, 1, '2022-04-21 20:19:38', '2022-04-21 20:19:38'),
	(118, 18, 27, 40.00, 1, 1, '2022-04-21 20:20:06', '2022-04-21 20:20:06'),
	(119, 121, 26, 20.00, 1, 1, '2022-04-21 20:21:34', '2022-04-21 20:21:34'),
	(120, 94, 26, 16.55, 1, 1, '2022-04-21 20:41:08', '2022-04-21 20:41:08'),
	(121, 50, 26, 35.00, 1, 1, '2022-04-21 21:08:53', '2022-04-21 21:08:53'),
	(122, 5, 26, 21.00, 1, 1, '2022-04-21 21:15:30', '2022-04-21 21:15:30'),
	(123, 105, 26, 4.79, 1, 1, '2022-04-21 21:23:56', '2022-04-21 21:23:56'),
	(124, 24, 27, 19.21, 1, 1, '2022-04-21 21:36:02', '2022-04-21 21:36:02'),
	(125, 154, 27, 20.00, 1, 1, '2022-04-21 21:51:41', '2022-04-21 21:51:41'),
	(126, 9, 27, 30.00, 1, 1, '2022-04-21 22:00:33', '2022-04-21 22:00:33'),
	(127, 47, 26, 14.49, 1, 1, '2022-04-21 22:04:55', '2022-04-21 22:04:55'),
	(128, 122, 26, 35.00, 1, 1, '2022-04-21 22:25:25', '2022-04-21 22:25:25'),
	(129, 88, 28, 20.00, 1, 1, '2022-04-22 00:02:52', '2022-04-22 00:02:52'),
	(130, 97, 27, 40.00, 1, 1, '2022-04-22 00:19:04', '2022-04-22 00:19:04'),
	(131, 129, 25, 33.79, 1, 1, '2022-04-22 19:08:43', '2022-04-22 19:08:44'),
	(132, 95, 28, 50.00, 1, 1, '2022-04-22 20:22:21', '2022-04-22 20:22:21'),
	(133, 91, 28, 20.00, 1, 1, '2022-04-22 20:53:33', '2022-04-22 20:53:34'),
	(134, 63, 26, 37.00, 1, 1, '2022-04-22 21:14:42', '2022-04-22 21:14:42'),
	(135, 33, 26, 18.10, 1, 1, '2022-04-22 21:36:04', '2022-04-22 21:36:04'),
	(136, 77, 26, 20.00, 1, 1, '2022-04-22 22:06:46', '2022-04-22 22:06:46'),
	(137, 76, 26, 30.00, 1, 1, '2022-04-22 22:16:36', '2022-04-22 22:16:36'),
	(138, 67, 26, 15.00, 1, 1, '2022-04-22 22:32:31', '2022-04-22 22:32:31'),
	(139, 80, 26, 20.00, 1, 1, '2022-04-22 22:43:57', '2022-04-22 22:43:57'),
	(140, 25, 27, 17.00, 1, 1, '2022-04-22 22:57:14', '2022-04-22 22:57:14'),
	(141, 137, 27, 20.00, 1, 1, '2022-04-22 23:04:41', '2022-04-22 23:04:41'),
	(142, 120, 26, 20.00, 1, 1, '2022-04-22 23:05:55', '2022-04-22 23:05:55'),
	(143, 66, 26, 29.50, 1, 1, '2022-04-22 23:13:12', '2022-04-22 23:13:12'),
	(144, 83, 26, 30.00, 1, 1, '2022-04-22 23:28:15', '2022-04-22 23:28:15'),
	(145, 117, 26, 20.00, 1, 1, '2022-04-23 19:28:12', '2022-04-23 19:28:12'),
	(146, 147, 25, 410.00, 1, 1, '2022-04-23 19:32:39', '2022-04-23 19:32:39'),
	(147, 123, 26, 60.00, 1, 1, '2022-04-23 20:21:48', '2022-04-23 20:21:48'),
	(148, 118, 26, 20.00, 1, 1, '2022-04-23 21:13:25', '2022-04-23 21:13:25'),
	(149, 54, 26, 60.00, 1, 1, '2022-04-23 21:18:50', '2022-04-23 21:18:50'),
	(150, 104, 26, 9.00, 1, 1, '2022-04-23 21:50:40', '2022-04-23 21:50:40'),
	(151, 48, 26, 30.00, 1, 1, '2022-04-23 22:10:47', '2022-04-23 22:10:47'),
	(152, 119, 26, 22.31, 1, 1, '2022-04-23 22:26:27', '2022-04-23 22:26:27'),
	(153, 99, 25, 55.00, 1, 1, '2022-04-23 22:40:38', '2022-04-23 22:40:38'),
	(154, 99, 25, 120.00, 1, 1, '2022-04-23 22:51:38', '2022-04-23 22:51:38'),
	(155, 110, 26, 40.00, 1, 1, '2022-04-23 23:28:26', '2022-04-23 23:28:26'),
	(156, 102, 26, 50.00, 1, 1, '2022-04-23 23:41:32', '2022-04-23 23:41:32'),
	(157, 14, 26, 100.00, 1, 1, '2022-04-23 23:56:18', '2022-04-23 23:56:18'),
	(158, 163, 25, 3.00, 1, 1, '2022-04-25 18:43:38', '2022-04-25 18:43:38'),
	(159, 140, 26, 41.37, 1, 1, '2022-04-25 18:59:00', '2022-04-25 18:59:00'),
	(160, 37, 25, 124.00, 1, 1, '2022-04-25 19:02:55', '2022-04-25 19:02:55'),
	(161, 143, 28, 40.00, 1, 1, '2022-04-26 01:33:48', '2022-04-26 01:33:48'),
	(162, 37, 25, 228.00, 1, 1, '2022-04-26 20:24:28', '2022-04-26 20:24:28'),
	(163, 69, 27, 40.00, 1, 1, '2022-04-26 20:50:12', '2022-04-26 20:50:12'),
	(164, 56, 27, 5.45, 1, 1, '2022-04-26 20:50:59', '2022-04-26 20:50:59'),
	(165, 168, 27, 20.00, 1, 1, '2022-04-26 20:51:19', '2022-04-26 20:51:19'),
	(166, 8, 27, 20.00, 1, 1, '2022-04-26 20:51:45', '2022-04-26 20:51:45'),
	(167, 32, 27, 44.60, 1, 1, '2022-04-26 20:52:16', '2022-04-26 20:52:16'),
	(168, 82, 27, 35.86, 1, 1, '2022-04-26 20:52:49', '2022-04-26 20:52:49'),
	(169, 109, 27, 20.00, 1, 1, '2022-04-26 20:53:23', '2022-04-26 20:53:23'),
	(170, 56, 27, 20.00, 1, 1, '2022-04-26 20:53:59', '2022-04-26 20:53:59'),
	(171, 6, 27, 60.00, 1, 1, '2022-04-26 20:54:24', '2022-04-26 20:54:24'),
	(172, 154, 27, 20.00, 1, 1, '2022-04-26 20:55:21', '2022-04-26 20:55:21'),
	(173, 38, 27, 40.00, 1, 1, '2022-04-26 20:55:58', '2022-04-26 20:55:58'),
	(174, 161, 26, 41.37, 1, 1, '2022-04-26 20:57:38', '2022-04-26 20:57:38'),
	(175, 161, 26, 41.37, 1, 1, '2022-04-26 20:57:38', '2022-04-26 20:57:38'),
	(176, 84, 26, 20.00, 1, 1, '2022-04-26 21:44:12', '2022-04-26 21:44:12'),
	(177, 60, 27, 16.00, 1, 1, '2022-04-26 21:46:24', '2022-04-26 21:46:24'),
	(178, 59, 26, 50.00, 1, 1, '2022-04-26 21:55:02', '2022-04-26 21:55:02'),
	(179, 77, 26, 20.00, 1, 1, '2022-04-26 22:08:25', '2022-04-26 22:08:25'),
	(180, 114, 26, 20.00, 1, 1, '2022-04-26 22:17:51', '2022-04-26 22:17:51'),
	(181, 113, 26, 10.00, 1, 1, '2022-04-26 22:28:04', '2022-04-26 22:28:04'),
	(182, 167, 27, 40.00, 1, 1, '2022-04-26 22:49:04', '2022-04-26 22:49:04'),
	(183, 79, 26, 80.00, 1, 1, '2022-04-26 22:58:17', '2022-04-26 22:58:17'),
	(184, 12, 26, 20.00, 1, 1, '2022-04-26 23:12:44', '2022-04-26 23:12:44'),
	(185, 12, 26, 20.00, 1, 1, '2022-04-26 23:12:44', '2022-04-26 23:12:44'),
	(186, 119, 26, 21.00, 1, 1, '2022-04-27 00:00:28', '2022-04-27 00:00:28'),
	(187, 144, 28, 40.00, 1, 1, '2022-04-27 01:07:48', '2022-04-27 01:07:48'),
	(188, 173, 28, 40.00, 1, 1, '2022-04-27 21:40:57', '2022-04-27 21:40:57'),
	(189, 149, 27, 20.00, 1, 1, '2022-04-27 22:04:58', '2022-04-27 22:04:58'),
	(190, 155, 28, 20.00, 1, 1, '2022-04-28 01:36:29', '2022-04-28 01:36:29'),
	(191, 1, 25, 240.00, 1, 1, '2022-04-30 13:05:33', '2022-04-30 13:05:33'),
	(192, 1, 25, 120.00, 1, 1, '2022-04-30 13:25:39', '2022-04-30 13:25:39');
/*!40000 ALTER TABLE `factura_historials` ENABLE KEYS */;

-- Volcando estructura para tabla api_maquillaje.failed_jobs
CREATE TABLE IF NOT EXISTS `failed_jobs` (
  `id` bigint(20) unsigned NOT NULL AUTO_INCREMENT,
  `uuid` varchar(255) COLLATE utf8mb4_unicode_ci NOT NULL,
  `connection` text COLLATE utf8mb4_unicode_ci NOT NULL,
  `queue` text COLLATE utf8mb4_unicode_ci NOT NULL,
  `payload` longtext COLLATE utf8mb4_unicode_ci NOT NULL,
  `exception` longtext COLLATE utf8mb4_unicode_ci NOT NULL,
  `failed_at` timestamp NOT NULL DEFAULT CURRENT_TIMESTAMP,
  PRIMARY KEY (`id`),
  UNIQUE KEY `failed_jobs_uuid_unique` (`uuid`)
) ENGINE=InnoDB DEFAULT CHARSET=utf8mb4 COLLATE=utf8mb4_unicode_ci;

-- Volcando datos para la tabla api_maquillaje.failed_jobs: ~0 rows (aproximadamente)
/*!40000 ALTER TABLE `failed_jobs` DISABLE KEYS */;
/*!40000 ALTER TABLE `failed_jobs` ENABLE KEYS */;

-- Volcando estructura para tabla api_maquillaje.frecuencias
CREATE TABLE IF NOT EXISTS `frecuencias` (
  `id` bigint(20) unsigned NOT NULL AUTO_INCREMENT,
  `descripcion` varchar(80) COLLATE utf8mb4_unicode_ci NOT NULL,
  `dias` int(11) NOT NULL,
  `estado` int(11) NOT NULL,
  `created_at` timestamp NULL DEFAULT NULL,
  `updated_at` timestamp NULL DEFAULT NULL,
  PRIMARY KEY (`id`)
) ENGINE=InnoDB AUTO_INCREMENT=5 DEFAULT CHARSET=utf8mb4 COLLATE=utf8mb4_unicode_ci;

-- Volcando datos para la tabla api_maquillaje.frecuencias: ~0 rows (aproximadamente)
/*!40000 ALTER TABLE `frecuencias` DISABLE KEYS */;
INSERT INTO `frecuencias` (`id`, `descripcion`, `dias`, `estado`, `created_at`, `updated_at`) VALUES
	(1, 'quincenal', 15, 1, '2022-01-25 09:38:13', '2022-01-27 13:36:20'),
	(2, 'mensual', 30, 1, '2022-01-27 13:28:49', '2022-02-09 06:35:49'),
	(4, 'Semanal', 6, 1, '2022-03-15 09:29:58', '2022-03-15 09:29:58');
/*!40000 ALTER TABLE `frecuencias` ENABLE KEYS */;

-- Volcando estructura para tabla api_maquillaje.migrations
CREATE TABLE IF NOT EXISTS `migrations` (
  `id` int(10) unsigned NOT NULL AUTO_INCREMENT,
  `migration` varchar(255) COLLATE utf8mb4_unicode_ci NOT NULL,
  `batch` int(11) NOT NULL,
  PRIMARY KEY (`id`)
) ENGINE=InnoDB AUTO_INCREMENT=20 DEFAULT CHARSET=utf8mb4 COLLATE=utf8mb4_unicode_ci;

-- Volcando datos para la tabla api_maquillaje.migrations: ~19 rows (aproximadamente)
/*!40000 ALTER TABLE `migrations` DISABLE KEYS */;
INSERT INTO `migrations` (`id`, `migration`, `batch`) VALUES
	(1, '2014_10_12_000000_create_users_table', 1),
	(2, '2014_10_12_100000_create_password_resets_table', 1),
	(3, '2019_08_19_000000_create_failed_jobs_table', 1),
	(4, '2019_12_14_000001_create_personal_access_tokens_table', 1),
	(5, '2022_01_20_233955_create_permission_tables', 1),
	(6, '2022_01_21_011111_create_categorias_table', 1),
	(7, '2022_01_21_011120_create_frecuencias_table', 1),
	(8, '2022_01_21_141652_create_clientes_table', 1),
	(9, '2022_01_21_145924_create_facturas_table', 1),
	(10, '2022_01_21_153506_create_productos_table', 1),
	(11, '2022_01_21_161644_create_factura_detalles_table', 1),
	(12, '2022_01_22_135510_create_factura_historials_table', 1),
	(13, '2022_03_27_211640_create_recibos_table', 1),
	(14, '2022_03_27_212326_create_recibo_historials_table', 1),
	(15, '2022_04_23_164447_create_devolucion_facturas_table', 1),
	(16, '2022_04_23_164459_create_devolucion_productos_table', 1),
	(17, '2022_04_26_015601_recibo_historial_contado', 1),
	(18, '2022_05_02_221132_create_deuda_contados_table', 1),
	(19, '2022_05_02_222236_create_deuda_contado_productos_table', 1);
/*!40000 ALTER TABLE `migrations` ENABLE KEYS */;

-- Volcando estructura para tabla api_maquillaje.model_has_permissions
CREATE TABLE IF NOT EXISTS `model_has_permissions` (
  `permission_id` bigint(20) unsigned NOT NULL,
  `model_type` varchar(255) COLLATE utf8mb4_unicode_ci NOT NULL,
  `model_id` bigint(20) unsigned NOT NULL,
  PRIMARY KEY (`permission_id`,`model_id`,`model_type`),
  KEY `model_has_permissions_model_id_model_type_index` (`model_id`,`model_type`),
  CONSTRAINT `model_has_permissions_permission_id_foreign` FOREIGN KEY (`permission_id`) REFERENCES `permissions` (`id`) ON DELETE CASCADE
) ENGINE=InnoDB DEFAULT CHARSET=utf8mb4 COLLATE=utf8mb4_unicode_ci;

-- Volcando datos para la tabla api_maquillaje.model_has_permissions: ~0 rows (aproximadamente)
/*!40000 ALTER TABLE `model_has_permissions` DISABLE KEYS */;
/*!40000 ALTER TABLE `model_has_permissions` ENABLE KEYS */;

-- Volcando estructura para tabla api_maquillaje.model_has_roles
CREATE TABLE IF NOT EXISTS `model_has_roles` (
  `role_id` bigint(20) unsigned NOT NULL,
  `model_type` varchar(255) COLLATE utf8mb4_unicode_ci NOT NULL,
  `model_id` bigint(20) unsigned NOT NULL,
  PRIMARY KEY (`role_id`,`model_id`,`model_type`),
  KEY `model_has_roles_model_id_model_type_index` (`model_id`,`model_type`),
  CONSTRAINT `model_has_roles_role_id_foreign` FOREIGN KEY (`role_id`) REFERENCES `roles` (`id`) ON DELETE CASCADE
) ENGINE=InnoDB DEFAULT CHARSET=utf8mb4 COLLATE=utf8mb4_unicode_ci;

-- Volcando datos para la tabla api_maquillaje.model_has_roles: ~0 rows (aproximadamente)
/*!40000 ALTER TABLE `model_has_roles` DISABLE KEYS */;
INSERT INTO `model_has_roles` (`role_id`, `model_type`, `model_id`) VALUES
	(2, 'App\\Models\\User', 20),
	(2, 'App\\Models\\User', 21),
	(2, 'App\\Models\\User', 23),
	(2, 'App\\Models\\User', 24),
	(2, 'App\\Models\\User', 25),
	(3, 'App\\Models\\User', 26),
	(3, 'App\\Models\\User', 27),
	(3, 'App\\Models\\User', 28);
/*!40000 ALTER TABLE `model_has_roles` ENABLE KEYS */;

-- Volcando estructura para tabla api_maquillaje.password_resets
CREATE TABLE IF NOT EXISTS `password_resets` (
  `email` varchar(255) COLLATE utf8mb4_unicode_ci NOT NULL,
  `token` varchar(255) COLLATE utf8mb4_unicode_ci NOT NULL,
  `created_at` timestamp NULL DEFAULT NULL,
  KEY `password_resets_email_index` (`email`)
) ENGINE=InnoDB DEFAULT CHARSET=utf8mb4 COLLATE=utf8mb4_unicode_ci;

-- Volcando datos para la tabla api_maquillaje.password_resets: ~0 rows (aproximadamente)
/*!40000 ALTER TABLE `password_resets` DISABLE KEYS */;
/*!40000 ALTER TABLE `password_resets` ENABLE KEYS */;

-- Volcando estructura para tabla api_maquillaje.permissions
CREATE TABLE IF NOT EXISTS `permissions` (
  `id` bigint(20) unsigned NOT NULL AUTO_INCREMENT,
  `name` varchar(255) COLLATE utf8mb4_unicode_ci NOT NULL,
  `guard_name` varchar(255) COLLATE utf8mb4_unicode_ci NOT NULL,
  `created_at` timestamp NULL DEFAULT NULL,
  `updated_at` timestamp NULL DEFAULT NULL,
  PRIMARY KEY (`id`),
  UNIQUE KEY `permissions_name_guard_name_unique` (`name`,`guard_name`)
) ENGINE=InnoDB DEFAULT CHARSET=utf8mb4 COLLATE=utf8mb4_unicode_ci;

-- Volcando datos para la tabla api_maquillaje.permissions: ~0 rows (aproximadamente)
/*!40000 ALTER TABLE `permissions` DISABLE KEYS */;
/*!40000 ALTER TABLE `permissions` ENABLE KEYS */;

-- Volcando estructura para tabla api_maquillaje.personal_access_tokens
CREATE TABLE IF NOT EXISTS `personal_access_tokens` (
  `id` bigint(20) unsigned NOT NULL AUTO_INCREMENT,
  `tokenable_type` varchar(255) COLLATE utf8mb4_unicode_ci NOT NULL,
  `tokenable_id` bigint(20) unsigned NOT NULL,
  `name` varchar(255) COLLATE utf8mb4_unicode_ci NOT NULL,
  `token` varchar(64) COLLATE utf8mb4_unicode_ci NOT NULL,
  `abilities` text COLLATE utf8mb4_unicode_ci,
  `last_used_at` timestamp NULL DEFAULT NULL,
  `created_at` timestamp NULL DEFAULT NULL,
  `updated_at` timestamp NULL DEFAULT NULL,
  PRIMARY KEY (`id`),
  UNIQUE KEY `personal_access_tokens_token_unique` (`token`),
  KEY `personal_access_tokens_tokenable_type_tokenable_id_index` (`tokenable_type`,`tokenable_id`)
) ENGINE=InnoDB AUTO_INCREMENT=459 DEFAULT CHARSET=utf8mb4 COLLATE=utf8mb4_unicode_ci;

-- Volcando datos para la tabla api_maquillaje.personal_access_tokens: ~0 rows (aproximadamente)
/*!40000 ALTER TABLE `personal_access_tokens` DISABLE KEYS */;
INSERT INTO `personal_access_tokens` (`id`, `tokenable_type`, `tokenable_id`, `name`, `token`, `abilities`, `last_used_at`, `created_at`, `updated_at`) VALUES
	(1, 'App\\Models\\User', 18, 'tokens', '542377f36a759959b225a9d1050fc73b3f9b1d628a188c58c4cb96d7954eb1ba', '["*"]', NULL, '2022-02-20 13:08:49', '2022-02-20 13:08:49'),
	(2, 'App\\Models\\User', 19, 'tokens', '1037f773e18d1b49ec0d2fda200bbe36f28b79da86acf2160b17a217133a5c0d', '["*"]', NULL, '2022-02-20 15:19:44', '2022-02-20 15:19:44'),
	(3, 'App\\Models\\User', 6, 'tokens', '4134f8ceefc11ce5e0a614ce04e9cf5a0d28fde6e307e5854a065babdaad27b7', '["*"]', NULL, '2022-02-21 06:14:26', '2022-02-21 06:14:26'),
	(4, 'App\\Models\\User', 6, 'tokens', '473566e86d963d674a483491ad44cf351f256f7b9ae0c2f90745d0b9a2a0bfd9', '["*"]', NULL, '2022-02-21 07:40:33', '2022-02-21 07:40:33'),
	(5, 'App\\Models\\User', 6, 'tokens', '6e1746b5b2feea1136271f569431f087669828b9a4fc0dc5bc82ac48a1dd71fd', '["*"]', NULL, '2022-02-21 07:41:52', '2022-02-21 07:41:52'),
	(6, 'App\\Models\\User', 20, 'tokens', '15615d97e8c6da2cac9f739c92ed14e15cf96bb9bf45cb8502835d78d1a91d44', '["*"]', NULL, '2022-03-05 03:27:40', '2022-03-05 03:27:40'),
	(7, 'App\\Models\\User', 20, 'tokens', 'b13fa9edcf5b6e9885a84fb9245bb64e2bc9b82567293c7243909a9477d58388', '["*"]', NULL, '2022-03-05 03:31:39', '2022-03-05 03:31:39'),
	(8, 'App\\Models\\User', 21, 'tokens', '7052753e7b40852447ec8046f8aaea48631513d974409fad7b94715df59d457a', '["*"]', NULL, '2022-03-05 03:34:04', '2022-03-05 03:34:04'),
	(9, 'App\\Models\\User', 20, 'tokens', '625ca44a3b9c022112e3bcff1a27e14781ffdd82f071a88d6f2b1ecd7aaba163', '["*"]', NULL, '2022-03-11 22:36:37', '2022-03-11 22:36:37'),
	(10, 'App\\Models\\User', 22, 'tokens', '72cd51187a5dc93dd366da9490859da560edd24dd9307b1ad3f18af0ec6ef25f', '["*"]', NULL, '2022-03-11 22:37:40', '2022-03-11 22:37:40'),
	(11, 'App\\Models\\User', 22, 'tokens', '06825a8d8f29580cc04f9250d1b5363d07877c091fdaaead8a333c079ad96366', '["*"]', NULL, '2022-03-11 22:38:00', '2022-03-11 22:38:00'),
	(12, 'App\\Models\\User', 22, 'tokens', 'd7a46f2b0b813c729abe9cd404d029f6756f1a434a7770c1db07d56d291b95ea', '["*"]', NULL, '2022-03-11 22:38:14', '2022-03-11 22:38:14'),
	(13, 'App\\Models\\User', 22, 'tokens', '0283fc2984c1542ac9c847ea4d5b25828ee715c4d43db8b0389ec58ebf57ecb1', '["*"]', NULL, '2022-03-11 22:38:23', '2022-03-11 22:38:23'),
	(14, 'App\\Models\\User', 22, 'tokens', 'f3eba9ca6f79d6a07c45a20f97ed031568a8dd0e8df5f16713fc1a726b0e33c0', '["*"]', NULL, '2022-03-11 22:45:27', '2022-03-11 22:45:27'),
	(15, 'App\\Models\\User', 20, 'tokens', '2fdbdd2da319f9ace58690d59c266bcf3d6f444461fa85fb65c33dae5d527a6b', '["*"]', NULL, '2022-03-11 22:45:43', '2022-03-11 22:45:43'),
	(16, 'App\\Models\\User', 21, 'tokens', 'da523c281ad2a08d56ffd879a95be1ae903e4dbad03f7450fc6b219b58224a7e', '["*"]', NULL, '2022-03-15 02:57:05', '2022-03-15 02:57:05'),
	(17, 'App\\Models\\User', 21, 'tokens', '0e966337e439462f58ca55487d81773aed6b08024fae0a61e6dac2f727974155', '["*"]', NULL, '2022-03-15 02:57:07', '2022-03-15 02:57:07'),
	(18, 'App\\Models\\User', 23, 'tokens', '6af4633431e93164eee05b21ae99f929a053f31e83d04ed6da3ed704868461ac', '["*"]', NULL, '2022-03-15 04:51:37', '2022-03-15 04:51:37'),
	(19, 'App\\Models\\User', 23, 'tokens', '526b7696aa70f872d3ca5f3bf22cee30f347a7f38fce20848638fbb7faf5d8de', '["*"]', NULL, '2022-03-15 04:59:45', '2022-03-15 04:59:45'),
	(20, 'App\\Models\\User', 23, 'tokens', 'a97248b398f8d7db03c83fc633306dbd0145542f5c8095774853682eb6fc2b3d', '["*"]', NULL, '2022-03-15 05:02:58', '2022-03-15 05:02:58'),
	(21, 'App\\Models\\User', 24, 'tokens', '6f59fcd0278867c7b7bfd6574af557a984fd35dd04af2e2f49a7d6b80df88e8e', '["*"]', NULL, '2022-03-15 05:27:31', '2022-03-15 05:27:31'),
	(22, 'App\\Models\\User', 24, 'tokens', '77478b892493a54057e630b85cea1f43901bfe4b51226a11f44c40d43f2d0899', '["*"]', NULL, '2022-03-15 05:31:19', '2022-03-15 05:31:19'),
	(23, 'App\\Models\\User', 25, 'tokens', 'bf315437486da31f607f64154d3f80168079afcf7ef32f3a698eadd262e96abe', '["*"]', NULL, '2022-03-15 07:53:41', '2022-03-15 07:53:41'),
	(24, 'App\\Models\\User', 23, 'tokens', '81f9a3b94bb0f2b8c1f9f66f287e3f36d4f48b73c52e959718c73fc83bfe51bf', '["*"]', NULL, '2022-03-15 07:54:02', '2022-03-15 07:54:02'),
	(25, 'App\\Models\\User', 25, 'tokens', 'd8c06c201e024f54bf75a09a877967570af921b28ac49f85640c2753ff410510', '["*"]', NULL, '2022-03-15 07:55:53', '2022-03-15 07:55:53'),
	(26, 'App\\Models\\User', 25, 'tokens', '956f6e688d68e232834d429d1afedc719dbb2f2409ca41e636232c338ecaa369', '["*"]', NULL, '2022-03-15 09:39:04', '2022-03-15 09:39:04'),
	(27, 'App\\Models\\User', 25, 'tokens', 'b5c216ae4ede862f0155277b77012a4c13138c65536515b31285ab9215210e2e', '["*"]', NULL, '2022-03-15 20:19:16', '2022-03-15 20:19:16'),
	(28, 'App\\Models\\User', 25, 'tokens', 'b95f5e511f0f5719a4ee39081ea2b22405b7c4c63b292565319ddf1658bc63f0', '["*"]', NULL, '2022-03-15 21:42:41', '2022-03-15 21:42:41'),
	(29, 'App\\Models\\User', 25, 'tokens', '7b22af7ba0d093384d3dc31329fa4d09f646e1865596fd699b76ad4dcbb1ecb0', '["*"]', NULL, '2022-03-15 21:42:43', '2022-03-15 21:42:43'),
	(30, 'App\\Models\\User', 26, 'tokens', 'fbd442c452b3b555c6589d71c5c2097de4adca2390e3eeb1b6ad13bf6618aaeb', '["*"]', NULL, '2022-03-15 21:56:28', '2022-03-15 21:56:28'),
	(31, 'App\\Models\\User', 26, 'tokens', 'a186fcedd988c415d9ebd64bc3bf474da52f36669f47e7e0e01a2beb7f7304a1', '["*"]', NULL, '2022-03-15 21:59:06', '2022-03-15 21:59:06'),
	(32, 'App\\Models\\User', 26, 'tokens', '376a89b3258d9fb4fe4c07ecf7ea7cd1fc4414c5ed36d85268a882ac407eec06', '["*"]', NULL, '2022-03-15 23:24:21', '2022-03-15 23:24:21'),
	(33, 'App\\Models\\User', 26, 'tokens', '735dff86b5f429425a203aadf4c096d7764c0d13631c135ec88e6a07911d9f2d', '["*"]', NULL, '2022-03-15 23:24:57', '2022-03-15 23:24:57'),
	(34, 'App\\Models\\User', 26, 'tokens', '803232232e74cd797e255917634d384e5ca23340b99d2dd31892c50fd674e3c5', '["*"]', NULL, '2022-03-15 23:25:31', '2022-03-15 23:25:31'),
	(35, 'App\\Models\\User', 26, 'tokens', 'b94499a92c7adf8309453d690525da0dd108df49172a01be491c09e25b902d6b', '["*"]', NULL, '2022-03-15 23:26:50', '2022-03-15 23:26:50'),
	(36, 'App\\Models\\User', 26, 'tokens', '32de8a0ae5ad835794dda15ab6070a946271c795b06ca38f3c0757526c99d6c8', '["*"]', NULL, '2022-03-15 23:57:48', '2022-03-15 23:57:48'),
	(37, 'App\\Models\\User', 27, 'tokens', '0e7f5da843048b28f9e16ab9a59195102602b44b8b8c7e7ce9332db1e40e0a93', '["*"]', NULL, '2022-03-16 01:06:43', '2022-03-16 01:06:43'),
	(38, 'App\\Models\\User', 27, 'tokens', '454e4242da4f4b2212280c442a137abd14964ad0b647c693deff880955ba39ac', '["*"]', NULL, '2022-03-16 01:08:04', '2022-03-16 01:08:04'),
	(39, 'App\\Models\\User', 27, 'tokens', 'e7a5ea2b75db001269f93ce1439dc5dc3cc5fed5be8ac3ebd4575fd3dcdb9ba9', '["*"]', NULL, '2022-03-16 01:38:08', '2022-03-16 01:38:08'),
	(40, 'App\\Models\\User', 26, 'tokens', 'bc1c20c485764983ab82c28f6c8c13d1a8758edea62edbb24feb7d0d2f720db5', '["*"]', NULL, '2022-03-16 04:36:45', '2022-03-16 04:36:45'),
	(41, 'App\\Models\\User', 26, 'tokens', '293a5bbbb8e41131b7363d301acaaf8da610d2e19a961eebd66bc1c3a947b45d', '["*"]', NULL, '2022-03-16 04:36:45', '2022-03-16 04:36:45'),
	(42, 'App\\Models\\User', 26, 'tokens', '79cffaf09b747b1b228d49fceeb93c9dbda58a360bc47a8ef7a1dc5b95cfd1c8', '["*"]', NULL, '2022-03-17 21:58:41', '2022-03-17 21:58:41'),
	(43, 'App\\Models\\User', 26, 'tokens', '08527544b2dc0dd9ca82f0ac1942b371deebcee819b5a88e0464321644c5b4b7', '["*"]', NULL, '2022-03-17 21:58:43', '2022-03-17 21:58:43'),
	(44, 'App\\Models\\User', 26, 'tokens', 'efd4ab39a5e38e930233e23c9d349c71172fc7c7bc4732b96a91fc63a37b4187', '["*"]', NULL, '2022-03-17 22:40:40', '2022-03-17 22:40:40'),
	(45, 'App\\Models\\User', 26, 'tokens', 'd73238458a68c82693d4ce0fbfa36c928b220f90ed32fda40434d97c6622d073', '["*"]', NULL, '2022-03-17 22:40:40', '2022-03-17 22:40:40'),
	(46, 'App\\Models\\User', 26, 'tokens', '02533f4f3c5c174d957ad21c3faccdf308929287ebd6be5ebd0081acfe79b790', '["*"]', NULL, '2022-03-17 22:40:41', '2022-03-17 22:40:41'),
	(47, 'App\\Models\\User', 26, 'tokens', '6f6c38c2114bfdc6566125183f827dcb62d968798ed0784ed71a944263e03b15', '["*"]', NULL, '2022-03-17 22:59:53', '2022-03-17 22:59:53'),
	(48, 'App\\Models\\User', 20, 'tokens', '0837086800499f066ecf3710704be2e08fe357aeb41f6529bb363b8cbd2434c3', '["*"]', NULL, '2022-03-18 00:53:54', '2022-03-18 00:53:54'),
	(49, 'App\\Models\\User', 26, 'tokens', 'ec613724af5a1b10b45376b57aa130920fdcd27d1c13d2f3e815054e93120079', '["*"]', NULL, '2022-03-18 01:15:19', '2022-03-18 01:15:19'),
	(50, 'App\\Models\\User', 26, 'tokens', '04a8582ce40b616c5b9bae52b40e670683678da57ade587a49ded9ec92cf487d', '["*"]', NULL, '2022-03-18 01:15:19', '2022-03-18 01:15:19'),
	(51, 'App\\Models\\User', 25, 'tokens', '0404a2713863d85d558878cbabbb0382fc937fc0bb8022e00dcd40ad37079833', '["*"]', NULL, '2022-03-18 01:19:27', '2022-03-18 01:19:27'),
	(52, 'App\\Models\\User', 25, 'tokens', '14e6f4b26e7ab238076a1e8b79ee34a554907d7e8d63ce2c2230dd9d7354e597', '["*"]', NULL, '2022-03-18 01:19:28', '2022-03-18 01:19:28'),
	(53, 'App\\Models\\User', 26, 'tokens', '58cc74ac9b0d1c67276986b042893e3e29c4ce65766df16919b6b27b722a9df4', '["*"]', NULL, '2022-03-18 03:51:43', '2022-03-18 03:51:43'),
	(54, 'App\\Models\\User', 26, 'tokens', 'ce7a764b1359675a30a3533abf3627c19b9b917485bbda34316bbfdc853c8a29', '["*"]', NULL, '2022-03-18 03:51:46', '2022-03-18 03:51:46'),
	(55, 'App\\Models\\User', 20, 'tokens', '097cdcd70117b97522fd2afe88b1b9676305bee0af68be3fbb64312f97cacb48', '["*"]', NULL, '2022-03-18 18:21:43', '2022-03-18 18:21:43'),
	(56, 'App\\Models\\User', 20, 'tokens', '5f53e896e26f875d87760f22a7e73b10be2a6d5809260cadc8f4cec205533fc2', '["*"]', NULL, '2022-03-18 18:21:43', '2022-03-18 18:21:43'),
	(57, 'App\\Models\\User', 26, 'tokens', 'b849b492dd13a470564fa952aa4f9737f379572dbcb11d1a828ebc5238d136ea', '["*"]', NULL, '2022-03-18 22:22:27', '2022-03-18 22:22:27'),
	(58, 'App\\Models\\User', 25, 'tokens', '44fbddccb4450802fa228c90be29f13112f73386e9940be3320d699d931a66a6', '["*"]', NULL, '2022-03-18 22:22:27', '2022-03-18 22:22:27'),
	(59, 'App\\Models\\User', 27, 'tokens', '7f54101f84d7e387f0cadac108d7f5c6a0d59e77ec30673cd2e26bf88b1598f6', '["*"]', NULL, '2022-03-19 22:02:29', '2022-03-19 22:02:29'),
	(60, 'App\\Models\\User', 27, 'tokens', '091f55e9120592df8522a7b2e3d3d51988732d82ab946787a4858850bdd8cced', '["*"]', NULL, '2022-03-19 22:02:29', '2022-03-19 22:02:29'),
	(61, 'App\\Models\\User', 25, 'tokens', 'fb81e441539dec1d33fbd1c6c66327aeb5ce4d3d83b62363f372cd2609c940bb', '["*"]', NULL, '2022-03-19 22:13:59', '2022-03-19 22:13:59'),
	(62, 'App\\Models\\User', 25, 'tokens', '21ddbf741d11a9305b53c76b8e23468aaca0f14ac2aad6093033c7d6d0af9974', '["*"]', NULL, '2022-03-20 01:37:54', '2022-03-20 01:37:54'),
	(63, 'App\\Models\\User', 27, 'tokens', 'f257e758f7737705461f695d58b455a18aa43304a1a4262e518cc16a3ea48a3a', '["*"]', NULL, '2022-03-20 04:00:12', '2022-03-20 04:00:12'),
	(64, 'App\\Models\\User', 25, 'tokens', 'a1affca35bcc6074801482cbb7d6d888ca0e6247df5a28275e8b0957f2846340', '["*"]', NULL, '2022-03-20 05:13:11', '2022-03-20 05:13:11'),
	(65, 'App\\Models\\User', 25, 'tokens', 'f705761bbb1f744ebfe9fbf7910107a799ffc81ea30017bb4ba02ed4b121d92c', '["*"]', NULL, '2022-03-20 05:52:41', '2022-03-20 05:52:41'),
	(66, 'App\\Models\\User', 25, 'tokens', '0adacb03ef41d66b1079f42395251b4eef27d7ffc11b22118f670360d5d6debd', '["*"]', NULL, '2022-03-21 22:14:00', '2022-03-21 22:14:00'),
	(67, 'App\\Models\\User', 26, 'tokens', '227596377aef965c18556fd8188aefbc4500dbb55b06f28c7f90517f8a7f28ee', '["*"]', NULL, '2022-03-21 22:32:51', '2022-03-21 22:32:51'),
	(68, 'App\\Models\\User', 26, 'tokens', 'dcf51b486c57d5d5bba63a17574a2f167c35708bba32ea1ace6e74fc46c57c30', '["*"]', NULL, '2022-03-21 22:40:11', '2022-03-21 22:40:11'),
	(69, 'App\\Models\\User', 25, 'tokens', 'a0a19ce8cae892f807f2b86b88da1e29adb602cad81983ccbf53368af2ae41a1', '["*"]', NULL, '2022-03-21 23:01:49', '2022-03-21 23:01:49'),
	(70, 'App\\Models\\User', 25, 'tokens', '6f3a6f6ce539713214b114bce68bf559da3516774401939b808d93fef466f475', '["*"]', NULL, '2022-03-21 23:06:46', '2022-03-21 23:06:46'),
	(71, 'App\\Models\\User', 26, 'tokens', 'f616e815bdff74c84b073327b1af3708d90c43a2b518a224cb511fecaa7e6ded', '["*"]', NULL, '2022-03-21 23:21:20', '2022-03-21 23:21:20'),
	(72, 'App\\Models\\User', 26, 'tokens', '6fa968cc251e8bfdba935d1bf6634068774e0fbb902dd6a32daadfde95baa383', '["*"]', NULL, '2022-03-21 23:32:45', '2022-03-21 23:32:45'),
	(73, 'App\\Models\\User', 26, 'tokens', '218015d1da9e221bd3cf144922e846d73d3e89a5f061e38a9ee62726bd9cc228', '["*"]', NULL, '2022-03-21 23:32:46', '2022-03-21 23:32:46'),
	(74, 'App\\Models\\User', 26, 'tokens', '19955390e504504abb38e3974c6ba63421d34f7cca2d2275018d32987baa374d', '["*"]', NULL, '2022-03-22 00:05:44', '2022-03-22 00:05:44'),
	(75, 'App\\Models\\User', 26, 'tokens', 'b2728728deb94e19812d6a2b6e20509d92d60f724ccbea1bebc5a03ae1cab98d', '["*"]', NULL, '2022-03-22 00:05:44', '2022-03-22 00:05:44'),
	(76, 'App\\Models\\User', 25, 'tokens', '6e7d488d174cffd71912348f9016e6853dc85fad0a4f8456534f85c6da42f3b9', '["*"]', NULL, '2022-03-22 00:27:29', '2022-03-22 00:27:29'),
	(77, 'App\\Models\\User', 25, 'tokens', 'de5c41135f4e61df09e19051c844f9113d1bb6c9ace3c61d2c248be39f2c57cc', '["*"]', NULL, '2022-03-22 00:54:13', '2022-03-22 00:54:13'),
	(78, 'App\\Models\\User', 26, 'tokens', 'd69429fc0b3fbce5d26de9513aff7d34b930134c8805cbfd40cc78d002937df1', '["*"]', NULL, '2022-03-22 00:59:23', '2022-03-22 00:59:23'),
	(79, 'App\\Models\\User', 26, 'tokens', '7edcb9764e8723ed7d6a14941693eb3bde90a8f5900d1dc36e94927494bf6416', '["*"]', NULL, '2022-03-22 04:22:22', '2022-03-22 04:22:22'),
	(80, 'App\\Models\\User', 20, 'tokens', '6b59fcaf994ef0c230ad0bfbb155bf07ffca5114d81ad99c7bd7b429a6f6ea8b', '["*"]', NULL, '2022-03-22 07:36:27', '2022-03-22 07:36:27'),
	(81, 'App\\Models\\User', 20, 'tokens', '8659f935db3ce3ad990e6c5de3f07b35f8619e7368d6d8951f63cbcd95c03df4', '["*"]', NULL, '2022-03-22 07:36:29', '2022-03-22 07:36:29'),
	(82, 'App\\Models\\User', 25, 'tokens', 'c1486fbd261bbccc84ca774b0505c3ec153104d9f7f0192458eb40445f2f4f25', '["*"]', NULL, '2022-03-22 20:29:58', '2022-03-22 20:29:58'),
	(83, 'App\\Models\\User', 26, 'tokens', '22de572fd18254152baea965c39bf5b1f929e157fb5eaa1a9358b819b6b054f5', '["*"]', NULL, '2022-03-22 22:58:00', '2022-03-22 22:58:00'),
	(84, 'App\\Models\\User', 26, 'tokens', '181dc64d3cf943ff5f1ed900c44a3e931dfdff91f246d9e2600bb476f6b64cd7', '["*"]', NULL, '2022-03-22 22:58:00', '2022-03-22 22:58:00'),
	(85, 'App\\Models\\User', 25, 'tokens', 'f02fa32feb23cc9fe1490d5d7ef67c252033696fb10db6530e76f4aa9ba37fa0', '["*"]', NULL, '2022-03-22 23:07:01', '2022-03-22 23:07:01'),
	(86, 'App\\Models\\User', 25, 'tokens', 'fa00510f4ad78b40ca46d128f2bd4ea2f7bcf1a13f0da3322f219af96c0afc4b', '["*"]', NULL, '2022-03-23 00:17:52', '2022-03-23 00:17:52'),
	(87, 'App\\Models\\User', 26, 'tokens', 'eb359ac0759977c719e669047ada093dc71dcc4eb75d1f6180ba1c7d540afe2a', '["*"]', NULL, '2022-03-23 03:40:02', '2022-03-23 03:40:02'),
	(88, 'App\\Models\\User', 26, 'tokens', '48ad289d42136e5deeda0911bfed5c386811f3272a20990433ae9bbbe8f8f699', '["*"]', NULL, '2022-03-23 03:40:02', '2022-03-23 03:40:02'),
	(89, 'App\\Models\\User', 26, 'tokens', '05fe896377bc4480e59a021c55235a4b700f6876a9b8be5a0f347d426b714a4e', '["*"]', NULL, '2022-03-23 03:40:03', '2022-03-23 03:40:03'),
	(90, 'App\\Models\\User', 25, 'tokens', '51605264adcd978d4025c672db1c08cccfccc0b113b745f767a6e4871dd9ee3b', '["*"]', NULL, '2022-03-23 21:53:37', '2022-03-23 21:53:37'),
	(91, 'App\\Models\\User', 25, 'tokens', '191530c414638e26109e4a08d2cbb4b597e1a8d0e657d6cbdf22f1e7dd668804', '["*"]', NULL, '2022-03-24 21:26:05', '2022-03-24 21:26:05'),
	(92, 'App\\Models\\User', 25, 'tokens', 'a5f1a811e44358dd40a391fb3dd950c0d0bfda5391d3258d778d6db699a8ca3b', '["*"]', NULL, '2022-03-24 22:12:43', '2022-03-24 22:12:43'),
	(93, 'App\\Models\\User', 26, 'tokens', '2ca3480329db61f1a24d5763cf64d87272342f6a442429335fbddaac3dacf273', '["*"]', NULL, '2022-03-24 22:15:43', '2022-03-24 22:15:43'),
	(94, 'App\\Models\\User', 25, 'tokens', 'a8ef76a7ff36dd10a7138add7a3c58c3ba4d178285678faa037752a9f910ee06', '["*"]', NULL, '2022-03-24 22:23:15', '2022-03-24 22:23:15'),
	(95, 'App\\Models\\User', 26, 'tokens', 'd000089e076827e2627a54962628455f5f80ba00a2b8fc5aeed09481b49e86b7', '["*"]', NULL, '2022-03-24 23:01:13', '2022-03-24 23:01:13'),
	(96, 'App\\Models\\User', 26, 'tokens', 'befcf20058291d388a6bc0629b40d8f5d538d2a16bd41ba9c87c995650f982f1', '["*"]', NULL, '2022-03-24 23:01:14', '2022-03-24 23:01:14'),
	(97, 'App\\Models\\User', 26, 'tokens', 'ea49af5fb0af4649642bdd2c319430543df3b90d621f73b3cadaa7423442eee6', '["*"]', NULL, '2022-03-24 23:11:07', '2022-03-24 23:11:07'),
	(98, 'App\\Models\\User', 26, 'tokens', '2456b70603dc5e84de20d25d2afd05a9142789a69d5bb544a31f6420bfbb810a', '["*"]', NULL, '2022-03-24 23:11:08', '2022-03-24 23:11:08'),
	(99, 'App\\Models\\User', 26, 'tokens', 'c41402f9883c9fc8455c19455c0ba750f4514e9cbfd5d7de61cecf6ca0a91960', '["*"]', NULL, '2022-03-24 23:20:52', '2022-03-24 23:20:52'),
	(100, 'App\\Models\\User', 25, 'tokens', '428caf1223f71f85e7860cfe627db56bd6513a37f84bd2a7b8cc0d082bc5db48', '["*"]', NULL, '2022-03-24 23:35:18', '2022-03-24 23:35:18'),
	(101, 'App\\Models\\User', 26, 'tokens', 'ea3fa1cc469553beafde2e8dfbc6e61c8abdc44f8461ef0e91f9c3565b90d475', '["*"]', NULL, '2022-03-25 00:06:06', '2022-03-25 00:06:06'),
	(102, 'App\\Models\\User', 26, 'tokens', 'c22c6f51d9fc3e4b6b8d3ad6b8ed3516c17b05e50801289e60a7b00b173a2552', '["*"]', NULL, '2022-03-25 03:27:59', '2022-03-25 03:27:59'),
	(103, 'App\\Models\\User', 26, 'tokens', '6a1b4ca79b5979d00a7e4a748ba94931419e538d7f1110336b141df5b7ba0e3b', '["*"]', NULL, '2022-03-25 03:29:37', '2022-03-25 03:29:37'),
	(104, 'App\\Models\\User', 26, 'tokens', '6948f15078b110df03a420e94ce65bccd582c3eb52dcb6991e84d8d0f1f12265', '["*"]', NULL, '2022-03-25 03:29:38', '2022-03-25 03:29:38'),
	(105, 'App\\Models\\User', 25, 'tokens', '672ab55227ddc37b4605332b2f451e5bde8da38e9193d158bcbd7bd2ae79f703', '["*"]', NULL, '2022-03-25 20:42:40', '2022-03-25 20:42:40'),
	(106, 'App\\Models\\User', 25, 'tokens', '54881899d02c7a748f843555387241ad8ad9e929fe810a10fff90e7b250906a9', '["*"]', NULL, '2022-03-25 21:44:42', '2022-03-25 21:44:42'),
	(107, 'App\\Models\\User', 26, 'tokens', 'bf15868391a9d1e8ea37be485d2dced16794b6a974baca5c05c98d4f25cac4e8', '["*"]', NULL, '2022-03-25 23:37:23', '2022-03-25 23:37:23'),
	(108, 'App\\Models\\User', 26, 'tokens', 'ea4f8f819bf8e3b4c841a4464f05d87b1f374cd33f65f2d2929d47a711d1a44c', '["*"]', NULL, '2022-03-25 23:37:23', '2022-03-25 23:37:23'),
	(109, 'App\\Models\\User', 26, 'tokens', '92bc9019aad1a69375b63b1befa3212b3ba59871e145bd2872375b8f74ee57c2', '["*"]', NULL, '2022-03-25 23:37:23', '2022-03-25 23:37:23'),
	(110, 'App\\Models\\User', 26, 'tokens', 'dc4a59e8f003b01f1db713b58121638d73a92098afb2bb679728f975d74977af', '["*"]', NULL, '2022-03-26 00:00:58', '2022-03-26 00:00:58'),
	(111, 'App\\Models\\User', 26, 'tokens', '9c9b8b8aee3c03a80a7549bff37afa46808f604747cd6be0ffea518106c661c3', '["*"]', NULL, '2022-03-26 00:00:58', '2022-03-26 00:00:58'),
	(112, 'App\\Models\\User', 26, 'tokens', '4f67ddbf11fd8f59347bfb95cc226c459481ec74227925413a6ec289483568d0', '["*"]', NULL, '2022-03-26 00:00:58', '2022-03-26 00:00:58'),
	(113, 'App\\Models\\User', 26, 'tokens', '24a2c8e2f71b4efb70e515b7a906d3236ecf4729b24fddc07fdde050347f2699', '["*"]', NULL, '2022-03-26 00:00:58', '2022-03-26 00:00:58'),
	(114, 'App\\Models\\User', 26, 'tokens', '82d2b3169c427a2bd51577fad79412ffd55ba2c355c8143defcb44a499a050b8', '["*"]', NULL, '2022-03-26 00:01:01', '2022-03-26 00:01:01'),
	(115, 'App\\Models\\User', 26, 'tokens', '617214872a0fcc69f11a9adcade990f205debaf7de814bcfa0aa6de8d9a031b0', '["*"]', NULL, '2022-03-26 00:01:01', '2022-03-26 00:01:01'),
	(116, 'App\\Models\\User', 26, 'tokens', 'a226086e4447eb98f90aba97633e54a8923ccaa778d1ef28cc3abfe03343dcd8', '["*"]', NULL, '2022-03-26 00:01:02', '2022-03-26 00:01:02'),
	(117, 'App\\Models\\User', 25, 'tokens', '57cbfb390b073a3b8aa0c39c8f7900690e778a9e0f1a80d84e618e8171239ea9', '["*"]', NULL, '2022-03-26 21:56:52', '2022-03-26 21:56:52'),
	(118, 'App\\Models\\User', 25, 'tokens', 'a1f0461fad5ef5cf54961f408d382f3cc3107101902bca1d9de7564f033db925', '["*"]', NULL, '2022-03-27 00:15:52', '2022-03-27 00:15:52'),
	(119, 'App\\Models\\User', 25, 'tokens', 'c6e5925b166784d27e73f575f176f46b835b1e13ff3d7555fb4bd3b27c297067', '["*"]', NULL, '2022-03-28 20:36:52', '2022-03-28 20:36:52'),
	(120, 'App\\Models\\User', 25, 'tokens', 'f87b8e7e35c793e711d5556ae66f4baa41a28acbabcf9bc73b3c04eea046e990', '["*"]', NULL, '2022-03-28 23:07:33', '2022-03-28 23:07:33'),
	(121, 'App\\Models\\User', 25, 'tokens', '077cac5257a6e1886564244982f5870feae196a444a1606e98e9bc01fb54ff30', '["*"]', NULL, '2022-03-28 23:17:37', '2022-03-28 23:17:37'),
	(122, 'App\\Models\\User', 25, 'tokens', '0a264d8d6530af7cae422c0d4ebf0509d023406e78c17e23d5f4196cd7fa5d2d', '["*"]', NULL, '2022-03-28 23:26:48', '2022-03-28 23:26:48'),
	(123, 'App\\Models\\User', 25, 'tokens', 'dd48379d609f20efd77dfb9d61d7a6cc7f87f9568d58f9e98dbec54056b94afb', '["*"]', NULL, '2022-03-28 23:44:33', '2022-03-28 23:44:33'),
	(124, 'App\\Models\\User', 25, 'tokens', '3f31c919569fb84450989ced7576b583f7bec3ea9f4bb7998e0b323c16e93d36', '["*"]', NULL, '2022-03-29 20:37:12', '2022-03-29 20:37:12'),
	(125, 'App\\Models\\User', 26, 'tokens', '0b1ed539c466b857d51f9ba374445f7557ff1eaa447cd94f2bb3623eaf189cec', '["*"]', NULL, '2022-03-29 23:32:49', '2022-03-29 23:32:49'),
	(126, 'App\\Models\\User', 26, 'tokens', '21921c23b32184bf74abce3f8002b6b02b10703ef5a2abf856ffc74c25aeaf14', '["*"]', NULL, '2022-03-29 23:32:49', '2022-03-29 23:32:49'),
	(127, 'App\\Models\\User', 26, 'tokens', '86ce1657db8b9de6b34d30350e60de6b7052a99f0acb69017ddcf79e6e5e01a2', '["*"]', NULL, '2022-03-29 23:46:09', '2022-03-29 23:46:09'),
	(128, 'App\\Models\\User', 26, 'tokens', '4ec12fbe7db1e369f3ee70bb72c39b873904beeb991084d11bd99ff48ae123ed', '["*"]', NULL, '2022-03-29 23:46:10', '2022-03-29 23:46:10'),
	(129, 'App\\Models\\User', 25, 'tokens', 'a06f9b2eefdff6fdbae350099f257f29bf9efa41fd887d7e208698b2f655108a', '["*"]', NULL, '2022-03-30 00:18:57', '2022-03-30 00:18:57'),
	(130, 'App\\Models\\User', 25, 'tokens', '7910ba4856b174d281f3b96eafd4e098153ae7386580e65846e7b3813bf9e3e8', '["*"]', NULL, '2022-03-30 01:38:53', '2022-03-30 01:38:53'),
	(131, 'App\\Models\\User', 26, 'tokens', 'c9f820b786f58d31843d059d6856a1593d522f45728d198455305e93d6703e6b', '["*"]', NULL, '2022-03-30 02:51:56', '2022-03-30 02:51:56'),
	(132, 'App\\Models\\User', 25, 'tokens', 'a94c66469a0e1b5b20c05ef8e7486ed75e8f2a657d3c60727705db23f2d7976a', '["*"]', NULL, '2022-03-30 20:45:20', '2022-03-30 20:45:20'),
	(133, 'App\\Models\\User', 25, 'tokens', '84e312971d0b891f154714812b095f8c1f3c30a47ed65eb316e7f3a7b97a8170', '["*"]', NULL, '2022-03-31 21:06:23', '2022-03-31 21:06:23'),
	(134, 'App\\Models\\User', 26, 'tokens', '2d3714a7e0fcc43dd7831fa75b2313f0f464d7cfee5ac60930fb7b1bd90b5c12', '["*"]', NULL, '2022-04-01 21:20:52', '2022-04-01 21:20:52'),
	(135, 'App\\Models\\User', 26, 'tokens', '23c515a72dedafcfabbfdf8ff5ffb5c50f7dcbc66a98cf55b07b2d5a0a070034', '["*"]', NULL, '2022-04-01 21:20:52', '2022-04-01 21:20:52'),
	(136, 'App\\Models\\User', 25, 'tokens', '4643d98dd880159171a11d6e1eafb7c03878f044ee49da8b43ea5fc56eba6fa2', '["*"]', NULL, '2022-04-01 21:34:34', '2022-04-01 21:34:34'),
	(137, 'App\\Models\\User', 26, 'tokens', 'cda03e649ebc02156164a6c2e28203313edac56ac7c70068ccb6e45cb7cfd5cf', '["*"]', NULL, '2022-04-01 22:08:45', '2022-04-01 22:08:45'),
	(138, 'App\\Models\\User', 25, 'tokens', '70b701945f6d3805081141db34c6b1946f2ea9da571b068baab8bd2f2185f962', '["*"]', NULL, '2022-04-01 22:13:02', '2022-04-01 22:13:02'),
	(139, 'App\\Models\\User', 25, 'tokens', '509e9e92efc7c232b6ea0225c519cc0e2fdeca33b8c6fa3fa3dd66add9ee31b0', '["*"]', NULL, '2022-04-01 23:22:50', '2022-04-01 23:22:50'),
	(140, 'App\\Models\\User', 26, 'tokens', '3af7f1e0c1c170bfe433f1268dfa88257e332d470d35e0eef6e25ea8ed6a1d23', '["*"]', NULL, '2022-04-02 01:07:55', '2022-04-02 01:07:55'),
	(141, 'App\\Models\\User', 26, 'tokens', '56a02d58a3da9c43c14012b7db99fed250164a9892ce0db2295cf91bbec2fac6', '["*"]', NULL, '2022-04-02 01:07:56', '2022-04-02 01:07:56'),
	(142, 'App\\Models\\User', 25, 'tokens', '9b6d7ae8c916247d816a91e7f21751cb8670adffae792b52566d4d1fd3846a01', '["*"]', NULL, '2022-04-02 21:06:02', '2022-04-02 21:06:02'),
	(143, 'App\\Models\\User', 25, 'tokens', 'a7f06a2c8d78536d12fc410065072de2586f63f61dda778d2594bd81a74c1b46', '["*"]', NULL, '2022-04-02 22:54:08', '2022-04-02 22:54:08'),
	(144, 'App\\Models\\User', 26, 'tokens', 'e7f4164d83ee2fb3bd6390a64db8b06ff9343a010be874c1c007459f284fcf64', '["*"]', NULL, '2022-04-04 20:45:50', '2022-04-04 20:45:50'),
	(145, 'App\\Models\\User', 26, 'tokens', '90f3ad59a2e7caa5e9cf35092370f6b10008681735395091dd2ea09ea88d0b62', '["*"]', NULL, '2022-04-04 20:45:50', '2022-04-04 20:45:50'),
	(146, 'App\\Models\\User', 26, 'tokens', '0961c4b5288d19a3531a5311e152b655b5b760a2c9e30ad927cdf45169248858', '["*"]', NULL, '2022-04-04 20:45:50', '2022-04-04 20:45:50'),
	(147, 'App\\Models\\User', 26, 'tokens', '4a7d962004d23e066221424f937f91b7d6289ea5680e57ea2f6ccc2361bd87f2', '["*"]', NULL, '2022-04-04 20:45:51', '2022-04-04 20:45:51'),
	(148, 'App\\Models\\User', 26, 'tokens', '249a1adf3f6a66ecfc8e71a38aa080abc490263fe24276ee91947b130ad54e90', '["*"]', NULL, '2022-04-04 20:45:51', '2022-04-04 20:45:51'),
	(149, 'App\\Models\\User', 26, 'tokens', '108badcbdd80bc5e6fa15353e9f6cb7410cd204f3c0a2fb5eb190e8ff291fc18', '["*"]', NULL, '2022-04-04 20:45:51', '2022-04-04 20:45:51'),
	(150, 'App\\Models\\User', 26, 'tokens', '9ed3bffa87fd62c375036f5911777f2e0e37a714a113895f8230879b04800bbe', '["*"]', NULL, '2022-04-04 20:45:54', '2022-04-04 20:45:54'),
	(151, 'App\\Models\\User', 26, 'tokens', '08b74d48f7b5c98a4a847867cdcdf9eb1f82f564985d22f018f6614e4a89395a', '["*"]', NULL, '2022-04-04 20:45:54', '2022-04-04 20:45:54'),
	(152, 'App\\Models\\User', 26, 'tokens', '92f447597cee28d24e17ba5ea24260cb056ac7778846dab4cf0022d69434a4ce', '["*"]', NULL, '2022-04-04 20:46:03', '2022-04-04 20:46:03'),
	(153, 'App\\Models\\User', 26, 'tokens', 'cb5c3e778e05eac986d2999e20211d0ede70958dddea33c3244d88d6a1502a4d', '["*"]', NULL, '2022-04-04 20:46:03', '2022-04-04 20:46:03'),
	(154, 'App\\Models\\User', 26, 'tokens', 'b75cbc14f28788e6d2afde50b4970a4f367473d3a5091bfdcf9081e127efdd9b', '["*"]', NULL, '2022-04-04 20:46:04', '2022-04-04 20:46:04'),
	(155, 'App\\Models\\User', 26, 'tokens', '47e17b45603a637c3c1c56336c2775a43ee6adca93004d6e138520eab09fcd33', '["*"]', NULL, '2022-04-04 20:56:37', '2022-04-04 20:56:37'),
	(156, 'App\\Models\\User', 26, 'tokens', '4067e904e3f60a497ae1aacb7505e41dca9d73444f9ae99787316203e5bfa209', '["*"]', NULL, '2022-04-04 20:56:37', '2022-04-04 20:56:37'),
	(157, 'App\\Models\\User', 26, 'tokens', '4778d07a3fbe796e854f7adbd6abb013078360044da046a006350f67768b8d34', '["*"]', NULL, '2022-04-04 20:56:37', '2022-04-04 20:56:37'),
	(158, 'App\\Models\\User', 26, 'tokens', 'e436bff95296350c4c8f41cd8253038ac0c1248ea04471dcdce8d44830e137a4', '["*"]', NULL, '2022-04-04 20:56:37', '2022-04-04 20:56:37'),
	(159, 'App\\Models\\User', 26, 'tokens', '752fd6cb0bf47edb5868f60e363c91242afc78404e09c137e3783b64664fe624', '["*"]', NULL, '2022-04-04 20:56:37', '2022-04-04 20:56:37'),
	(160, 'App\\Models\\User', 26, 'tokens', '5b07d88455042c3bae3baf8ee5af87c7b18e8f1a0b8a4b383779ec3b60107d1f', '["*"]', NULL, '2022-04-04 20:56:43', '2022-04-04 20:56:43'),
	(161, 'App\\Models\\User', 26, 'tokens', '58cb282fb9c2bebd1e567002598ca146297419957da3e4f735193253bde7b2c9', '["*"]', NULL, '2022-04-04 20:56:43', '2022-04-04 20:56:43'),
	(162, 'App\\Models\\User', 26, 'tokens', '207e3f23cd028f3846a7b5490ee84dc151068aa2a874c5df20e47e5c824177db', '["*"]', NULL, '2022-04-04 20:58:32', '2022-04-04 20:58:32'),
	(163, 'App\\Models\\User', 26, 'tokens', 'eb8bd2f6975443fd1f930f937e18ab23474312e99783e8b75693988f305a1354', '["*"]', NULL, '2022-04-04 20:58:34', '2022-04-04 20:58:34'),
	(164, 'App\\Models\\User', 26, 'tokens', 'cc7a0e93d4d43f52414763930232727570778e33c8aed4de30e24af3b46e1c8e', '["*"]', NULL, '2022-04-04 20:58:34', '2022-04-04 20:58:34'),
	(165, 'App\\Models\\User', 26, 'tokens', '73019dac18646ac8f372222a6b593970d2d1db74ce5d5e9d633b5de6204655a7', '["*"]', NULL, '2022-04-04 20:58:34', '2022-04-04 20:58:34'),
	(166, 'App\\Models\\User', 26, 'tokens', 'd30a7fb9a8bc1b41466ed0b31312de3721e3660b784ed30e1636e3db95ee9b8c', '["*"]', NULL, '2022-04-04 20:58:34', '2022-04-04 20:58:34'),
	(167, 'App\\Models\\User', 26, 'tokens', '88e35d17554690b362aaa0515bd2530a7f7caf49efa303f3b072e9d17c71ac75', '["*"]', NULL, '2022-04-04 20:58:35', '2022-04-04 20:58:35'),
	(168, 'App\\Models\\User', 26, 'tokens', 'f1b2ef73415b53ff360eda419ce2cc9a65d4b636f615c65f4a6975ee392bdbfd', '["*"]', NULL, '2022-04-04 20:58:35', '2022-04-04 20:58:35'),
	(169, 'App\\Models\\User', 26, 'tokens', '4267e7ed7c0b771c73af92be6a7f96ac07f40608c3db1bade06b2ce8e17301ec', '["*"]', NULL, '2022-04-04 20:58:36', '2022-04-04 20:58:36'),
	(170, 'App\\Models\\User', 26, 'tokens', '58dcb2b856673bf26d72a211eb1296f5166faf7c04e2a4d49ec8bc550eacb837', '["*"]', NULL, '2022-04-04 20:58:36', '2022-04-04 20:58:36'),
	(171, 'App\\Models\\User', 26, 'tokens', 'adfa277e885fc7ffbbad53934ed98ca041ae8ace3e4c046716505f0019eb271c', '["*"]', NULL, '2022-04-04 20:58:38', '2022-04-04 20:58:38'),
	(172, 'App\\Models\\User', 26, 'tokens', '06127fa5bb7979408a1b87a10d6658c374cddb71c591c83cccebd2a39aafc343', '["*"]', NULL, '2022-04-04 20:58:38', '2022-04-04 20:58:38'),
	(173, 'App\\Models\\User', 26, 'tokens', '698cb74749a16fc104396e3bb8febb7568fbf143d9316e6a833b9b3230c1a581', '["*"]', NULL, '2022-04-04 20:58:39', '2022-04-04 20:58:39'),
	(174, 'App\\Models\\User', 26, 'tokens', '9da9a8f0a293bff8263566c287e22b99a989e5393656e5d4e70fa782b47fceb1', '["*"]', NULL, '2022-04-04 20:58:39', '2022-04-04 20:58:39'),
	(175, 'App\\Models\\User', 26, 'tokens', 'e3d008af49ac1a2cfa57462feeb362c32527d290712032e2d38db59ee7ceeffc', '["*"]', NULL, '2022-04-04 20:58:39', '2022-04-04 20:58:39'),
	(176, 'App\\Models\\User', 26, 'tokens', 'a608f4437d30031cece42c0facb49512878b831f0b423ad3c8576b8d3436b434', '["*"]', NULL, '2022-04-04 20:58:39', '2022-04-04 20:58:39'),
	(177, 'App\\Models\\User', 26, 'tokens', '9a10ec3f1aca7cf26da9335315129f450aa50e98d3c7e96d4eaa4d0eaefde709', '["*"]', NULL, '2022-04-04 20:58:39', '2022-04-04 20:58:39'),
	(178, 'App\\Models\\User', 26, 'tokens', '6cbcd7099f3d7a8effa5df5ee3f51337bf5edada813e6acc08b98400e0af8e3d', '["*"]', NULL, '2022-04-04 20:58:40', '2022-04-04 20:58:40'),
	(179, 'App\\Models\\User', 26, 'tokens', 'd6fcc816b5182c414cf9e27b9bfc18f7b254e7d1864a8c24b7f421741512f557', '["*"]', NULL, '2022-04-04 21:11:49', '2022-04-04 21:11:49'),
	(180, 'App\\Models\\User', 26, 'tokens', '6d28242ff1a7dc7cd557ad2a7e91b6a86236b08b3d6d1f4c96f184138df08f42', '["*"]', NULL, '2022-04-04 22:03:23', '2022-04-04 22:03:23'),
	(181, 'App\\Models\\User', 26, 'tokens', 'ea0b5f466d966a9f9aa89b9b579ca6ff818d4571371f9e95e347c124d8d82a59', '["*"]', NULL, '2022-04-04 22:03:23', '2022-04-04 22:03:23'),
	(182, 'App\\Models\\User', 26, 'tokens', '47d701ae7ae459f73e14ceed4c3a995b5987a210875a7d40cd32cded15e458a8', '["*"]', NULL, '2022-04-04 22:03:24', '2022-04-04 22:03:24'),
	(183, 'App\\Models\\User', 26, 'tokens', '4543e6f4a462944802db70f519ba379994d41e90df8e5d814e943bdd48419541', '["*"]', NULL, '2022-04-04 22:08:58', '2022-04-04 22:08:58'),
	(184, 'App\\Models\\User', 26, 'tokens', 'f27d4448c9cfed113e094c14123872d31e692cbfd316784926d10b6ed13e567b', '["*"]', NULL, '2022-04-04 22:10:13', '2022-04-04 22:10:13'),
	(185, 'App\\Models\\User', 26, 'tokens', '8e84a4753d078a818809c8e2f7b549ca8684889e9fb083447cb6d0a00c842ae8', '["*"]', NULL, '2022-04-04 22:10:14', '2022-04-04 22:10:14'),
	(186, 'App\\Models\\User', 26, 'tokens', '7bf0e9c94278fd22498bef9c5ebfcf80599cd9fa8c478f34bfee3a8205f30def', '["*"]', NULL, '2022-04-04 22:52:20', '2022-04-04 22:52:20'),
	(187, 'App\\Models\\User', 26, 'tokens', '948e5f383a2178be051843064aa52ca30a8c09479a1a122895868f9eaf01b42b', '["*"]', NULL, '2022-04-04 22:52:20', '2022-04-04 22:52:20'),
	(188, 'App\\Models\\User', 26, 'tokens', 'f54957373c61371a514e8b6e72eb9fa202f9659a48719679c2a4afa798159cc4', '["*"]', NULL, '2022-04-04 23:07:46', '2022-04-04 23:07:46'),
	(189, 'App\\Models\\User', 25, 'tokens', 'deaceafa381209aa2ecf66814894e058653c9e7ddd861484f237ccf79d7dcc10', '["*"]', NULL, '2022-04-05 17:16:43', '2022-04-05 17:16:43'),
	(190, 'App\\Models\\User', 25, 'tokens', 'e4d473fbe96714163004ff2f4d972c76d9cd79d19fb31ae98ceceb010b378ec5', '["*"]', NULL, '2022-04-05 18:25:17', '2022-04-05 18:25:17'),
	(191, 'App\\Models\\User', 26, 'tokens', '9a07f08a7f46144e2f0601590b0001a5bac3a5e2b4a3e74c1b63a6bbb22c479a', '["*"]', NULL, '2022-04-05 18:37:19', '2022-04-05 18:37:19'),
	(192, 'App\\Models\\User', 26, 'tokens', '259c1068a714c1eacb8ae6f0617a00fbb95e45940856bb9ebcba193bbff495d6', '["*"]', NULL, '2022-04-05 18:37:19', '2022-04-05 18:37:19'),
	(193, 'App\\Models\\User', 26, 'tokens', 'e77dde83700aa7c81e8842947828a4c1b80de72cef04971566870cc8179fe156', '["*"]', NULL, '2022-04-05 18:41:41', '2022-04-05 18:41:41'),
	(194, 'App\\Models\\User', 26, 'tokens', 'eeae95cd7161823acb5ae0a50dfe523f073caf49899c0dfd91f04283df45062d', '["*"]', NULL, '2022-04-05 18:41:42', '2022-04-05 18:41:42'),
	(195, 'App\\Models\\User', 25, 'tokens', '8ff5dc724500f194d86e64de0a39e703d510b99ba9bf0964eab4210bbdd11a77', '["*"]', NULL, '2022-04-05 18:44:03', '2022-04-05 18:44:03'),
	(196, 'App\\Models\\User', 26, 'tokens', '58176dc5e52418361b3704f23e6be9e24e2f0a5642815252d263ffcb9ece1ae5', '["*"]', NULL, '2022-04-05 20:29:24', '2022-04-05 20:29:24'),
	(197, 'App\\Models\\User', 26, 'tokens', '3df4c0d431018f1ec09eea59739fcda24c0e085bb0a0e0af74a1f6360270e954', '["*"]', NULL, '2022-04-05 20:29:24', '2022-04-05 20:29:24'),
	(198, 'App\\Models\\User', 25, 'tokens', 'f71b5cf4e06340bef3ab5175f5667f88cf8d27739ac3396baeab8a56b9f562f7', '["*"]', NULL, '2022-04-05 20:54:26', '2022-04-05 20:54:26'),
	(199, 'App\\Models\\User', 26, 'tokens', 'e52cf414711c20fc884139e15a644ab2eef9b7d4d84462f929f283b99966d18f', '["*"]', NULL, '2022-04-05 21:05:02', '2022-04-05 21:05:02'),
	(200, 'App\\Models\\User', 26, 'tokens', '31265f4e19c722eb8f7e20df4d6810b7db49208d4c5618b61326dcac8a2434c4', '["*"]', NULL, '2022-04-05 21:05:03', '2022-04-05 21:05:03'),
	(201, 'App\\Models\\User', 26, 'tokens', 'ba617e18a1d124b271e79480c236753c9c5688af56eeb3644ef21382364360db', '["*"]', NULL, '2022-04-05 21:47:53', '2022-04-05 21:47:53'),
	(202, 'App\\Models\\User', 26, 'tokens', 'cfe32dc754711beb0fcf978a6063a08030373a1af7f71e5c123785ddf8a58f25', '["*"]', NULL, '2022-04-05 21:47:53', '2022-04-05 21:47:53'),
	(203, 'App\\Models\\User', 25, 'tokens', '324cd24267de42613d58f03c967958ce6a41adce6e5a235f3e173fd4b04e0ccf', '["*"]', NULL, '2022-04-06 17:39:15', '2022-04-06 17:39:15'),
	(204, 'App\\Models\\User', 25, 'tokens', '431c341fdc99519be8de6a15af93d70d9f85d63483e7d8f863b5e493906e457e', '["*"]', NULL, '2022-04-06 19:48:48', '2022-04-06 19:48:48'),
	(205, 'App\\Models\\User', 26, 'tokens', '24c2d65a761878211edc3aa98a7b0550c2836601497f50a2e16330c6603f9bdb', '["*"]', NULL, '2022-04-06 19:52:43', '2022-04-06 19:52:43'),
	(206, 'App\\Models\\User', 26, 'tokens', 'de104621342823f79ae71aed0c571340cee6e229d373cf2a42eed94e7126aab1', '["*"]', NULL, '2022-04-06 19:52:45', '2022-04-06 19:52:45'),
	(207, 'App\\Models\\User', 25, 'tokens', '6c4e836f684cd906de4cad39556b82e9de7cb9e9ae8785ed1a5eda786a8cdf29', '["*"]', NULL, '2022-04-06 21:22:45', '2022-04-06 21:22:45'),
	(208, 'App\\Models\\User', 26, 'tokens', '3eb20daaca94f5028abaf7467058fc9014843c23598b0aa0d1b69f097670708e', '["*"]', NULL, '2022-04-06 21:44:50', '2022-04-06 21:44:50'),
	(209, 'App\\Models\\User', 26, 'tokens', 'd616212b1f8c6ac13355b4e9e355f0c42e3da48c396dc0d9b94dfae1ad611f14', '["*"]', NULL, '2022-04-06 21:44:51', '2022-04-06 21:44:51'),
	(210, 'App\\Models\\User', 26, 'tokens', '01146e4dbb2579256229a86e73aab1a16037fff4927c1da2e10e7521ba040230', '["*"]', NULL, '2022-04-06 21:44:51', '2022-04-06 21:44:51'),
	(211, 'App\\Models\\User', 25, 'tokens', '617308478f0255d9bd4451f97eaa350c5ed5a6367137689bcc33069262bcfbae', '["*"]', NULL, '2022-04-06 21:53:24', '2022-04-06 21:53:24'),
	(212, 'App\\Models\\User', 25, 'tokens', '5c9b872d2632f78a36dda251f47e64a4d3b05fa40afd7e2af91ae8b9e1c12fe8', '["*"]', NULL, '2022-04-06 22:05:47', '2022-04-06 22:05:47'),
	(213, 'App\\Models\\User', 25, 'tokens', '48f60903c43a8474d91a42e0eef570eb186dfb5fa64a6172aee5562bf1d45510', '["*"]', NULL, '2022-04-07 17:27:15', '2022-04-07 17:27:15'),
	(214, 'App\\Models\\User', 25, 'tokens', 'e7851cf77927e7128e94d1ccab78ecceb099cb917defd1d01949c2b31ccb78c1', '["*"]', NULL, '2022-04-07 20:26:24', '2022-04-07 20:26:24'),
	(215, 'App\\Models\\User', 25, 'tokens', '71e5ca0f6b1614c29969bada44e6c381d7c5194ed366af55c5d80bea66676523', '["*"]', NULL, '2022-04-07 20:28:17', '2022-04-07 20:28:17'),
	(216, 'App\\Models\\User', 25, 'tokens', 'e9930aaa9db0ee7e0fef5a1920c286510e0202cbea50e03b4dfc6f14192aaec7', '["*"]', NULL, '2022-04-07 22:27:58', '2022-04-07 22:27:58'),
	(217, 'App\\Models\\User', 28, 'tokens', '56d89c1dec55919f3f2a67b216a14d47d80467ea1bcdba7c112db60ee09ad4d7', '["*"]', NULL, '2022-04-07 22:34:11', '2022-04-07 22:34:11'),
	(218, 'App\\Models\\User', 28, 'tokens', '90b0d0a03edd9cf0204f1fbddfdf4f6b3e449d219a4d30b1d659a02496ba6009', '["*"]', NULL, '2022-04-07 22:37:38', '2022-04-07 22:37:38'),
	(219, 'App\\Models\\User', 28, 'tokens', '60125e99ca706f6bd8e3132708dc335acc6a55fb60172997b626fec999dcbd94', '["*"]', NULL, '2022-04-07 22:37:38', '2022-04-07 22:37:38'),
	(220, 'App\\Models\\User', 25, 'tokens', '0a281e5d0d6f5aaa84fb7500ece64fa02d41ca1f88d764f2a58cb864722a903a', '["*"]', NULL, '2022-04-08 17:26:07', '2022-04-08 17:26:07'),
	(221, 'App\\Models\\User', 25, 'tokens', '73299dd3c53c90d83c6f01424ef74192014a060c5a1425b30aa6319709f9c8bf', '["*"]', NULL, '2022-04-08 21:08:23', '2022-04-08 21:08:23'),
	(222, 'App\\Models\\User', 25, 'tokens', '3b75bfbec9e9ec01b0c3f0ea7ae0c82f624df7ef4f95574893ca0370dc1296d4', '["*"]', NULL, '2022-04-08 21:25:43', '2022-04-08 21:25:43'),
	(223, 'App\\Models\\User', 26, 'tokens', 'b0d99bad89311906bd16afb954ccfabdd6977957b47b5a88d9b098a25324ee02', '["*"]', NULL, '2022-04-09 00:15:26', '2022-04-09 00:15:26'),
	(224, 'App\\Models\\User', 26, 'tokens', '212443099f3da1c7cf7e261ebf188d470a1744b7555dd479a0f556b7e815cc65', '["*"]', NULL, '2022-04-09 00:15:27', '2022-04-09 00:15:27'),
	(225, 'App\\Models\\User', 25, 'tokens', '46fb98a4d490ce60ad6b4a5fc6168ece0ec521e54d68bb9cac9ad8ba1dd227f6', '["*"]', NULL, '2022-04-09 04:15:23', '2022-04-09 04:15:23'),
	(226, 'App\\Models\\User', 25, 'tokens', '4e45d514c309230f1f560a877331f6468ddfda72ec2ef2b7273bd98631bd5f35', '["*"]', NULL, '2022-04-09 18:15:24', '2022-04-09 18:15:24'),
	(227, 'App\\Models\\User', 25, 'tokens', '6252e24b87b25ba294cc0ebec305786f5de6ced371dd055063160530d6ffbbb4', '["*"]', NULL, '2022-04-09 18:15:25', '2022-04-09 18:15:25'),
	(228, 'App\\Models\\User', 25, 'tokens', '960d7997b6b3738410f56bdfe8b06d1a889034ea858da2f63dad4a86fdc4c6cb', '["*"]', NULL, '2022-04-09 19:31:47', '2022-04-09 19:31:47'),
	(229, 'App\\Models\\User', 25, 'tokens', 'e3a6a113d587e79f5a836653bc108e61cdb3c58eb3227c760beafac5895c2a17', '["*"]', NULL, '2022-04-09 20:50:45', '2022-04-09 20:50:45'),
	(230, 'App\\Models\\User', 25, 'tokens', 'f7af47aa12a414502daa56e0fe7e142a19706f9ef80e01ec088051d26bbe70fb', '["*"]', NULL, '2022-04-09 21:54:47', '2022-04-09 21:54:47'),
	(231, 'App\\Models\\User', 25, 'tokens', '4ceb15a165484d8a74f165970de5c4458323696b812af27ee467152e60ef8d6a', '["*"]', NULL, '2022-04-09 22:26:09', '2022-04-09 22:26:09'),
	(232, 'App\\Models\\User', 25, 'tokens', 'f64546c37957f103293faf3e71deb43e2a4510152612a4811306cc7c74daeab8', '["*"]', NULL, '2022-04-10 00:10:15', '2022-04-10 00:10:15'),
	(233, 'App\\Models\\User', 25, 'tokens', '99c30aa01f88b23dda8b4892467ae68134736b1d652e76055606e1b641f472cb', '["*"]', NULL, '2022-04-10 00:45:01', '2022-04-10 00:45:01'),
	(234, 'App\\Models\\User', 26, 'tokens', '598a1377aac9c162e6b7b6d1a1c09d55cc1a5406503d05e13ef14a3a6bedfe9c', '["*"]', NULL, '2022-04-11 17:54:39', '2022-04-11 17:54:39'),
	(235, 'App\\Models\\User', 26, 'tokens', 'b4eb8a3bc3bac6a3e6082f699ed2c79d16f6d90626da0a1131651c11e347cd85', '["*"]', NULL, '2022-04-11 17:54:40', '2022-04-11 17:54:40'),
	(236, 'App\\Models\\User', 26, 'tokens', 'e0840d6155612ea3fd6a68c917b0a876ce0cfbf7953aa27de742f64ad6ed26e8', '["*"]', NULL, '2022-04-11 17:58:25', '2022-04-11 17:58:25'),
	(237, 'App\\Models\\User', 26, 'tokens', 'd99affcb349cd70114fcd392c3ccfdbf917addc9b2aa1beaf7712dc265c377bb', '["*"]', NULL, '2022-04-11 17:58:27', '2022-04-11 17:58:27'),
	(238, 'App\\Models\\User', 26, 'tokens', 'dd3cc7980ed4b3f0a829713bf081aac463befe34dd1185c95b4a41330d6c7b84', '["*"]', NULL, '2022-04-11 18:08:37', '2022-04-11 18:08:37'),
	(239, 'App\\Models\\User', 26, 'tokens', 'f4bd57ed2733f897e24f33753aed059a357c1ae64f5ff6a69220b2d231bb338b', '["*"]', NULL, '2022-04-11 18:08:37', '2022-04-11 18:08:37'),
	(240, 'App\\Models\\User', 25, 'tokens', '1d04c5a1dc71d957095bbc4dc4c5826ef134d992ebf4ff749e24dd4ab468f876', '["*"]', NULL, '2022-04-11 18:24:37', '2022-04-11 18:24:37'),
	(241, 'App\\Models\\User', 26, 'tokens', '4a2b6e24f554d54c9d262b2f7772e7286bda8e396c30926ff82269eb74d71d7c', '["*"]', NULL, '2022-04-11 18:26:11', '2022-04-11 18:26:11'),
	(242, 'App\\Models\\User', 26, 'tokens', '0864af57f1eda29001889780f6269e2d0e405eedba4da1bbe8347d8a229c68bb', '["*"]', NULL, '2022-04-11 18:26:12', '2022-04-11 18:26:12'),
	(243, 'App\\Models\\User', 26, 'tokens', '6cd58c72d423f5870641df7184bfc08f640e0c0b45d60e124ba2f4ec0057773b', '["*"]', NULL, '2022-04-11 18:34:05', '2022-04-11 18:34:05'),
	(244, 'App\\Models\\User', 26, 'tokens', '801ee0abb4f497029728a139de1feb2f208732a7b1d78d4121bfa5a3c10266a1', '["*"]', NULL, '2022-04-11 18:34:07', '2022-04-11 18:34:07'),
	(245, 'App\\Models\\User', 26, 'tokens', 'dca376cd2482b0af1eedc95d9543a6ae2b5bc431b50b77379776b94df814d08b', '["*"]', NULL, '2022-04-11 19:03:46', '2022-04-11 19:03:46'),
	(246, 'App\\Models\\User', 26, 'tokens', '103d9e0dfe084ae7269996197b9eb1f2d746535543b8400ce18234ee9d659687', '["*"]', NULL, '2022-04-11 19:03:47', '2022-04-11 19:03:47'),
	(247, 'App\\Models\\User', 25, 'tokens', '891ed1ae45e6e333398679b403894f4cf691dbd20dfc3b67cb2b827c462dac28', '["*"]', NULL, '2022-04-11 19:06:59', '2022-04-11 19:06:59'),
	(248, 'App\\Models\\User', 26, 'tokens', '9cbd7284d3394207297ddd3c443a1ad7c17bb44de955f687c3d1e18fad46c93d', '["*"]', NULL, '2022-04-11 19:19:21', '2022-04-11 19:19:21'),
	(249, 'App\\Models\\User', 26, 'tokens', 'f0f0097cd5c34c8853eec4230c9904017ad4f2cc38feaad3845f3b794346eee9', '["*"]', NULL, '2022-04-11 19:19:21', '2022-04-11 19:19:21'),
	(250, 'App\\Models\\User', 26, 'tokens', '79ad037286666279b2a0b0ae3a8a444bf9bb036f591192a81581ee9cbf260849', '["*"]', NULL, '2022-04-11 19:26:13', '2022-04-11 19:26:13'),
	(251, 'App\\Models\\User', 26, 'tokens', '687048f25bbc4ed2e42db142ad99375d172656eb77785ca5d7f12e98b6802516', '["*"]', NULL, '2022-04-11 20:54:13', '2022-04-11 20:54:13'),
	(252, 'App\\Models\\User', 26, 'tokens', '084fbd955eab0d80709ad7ab6fe48a5cfbf01cd227ac4c8c4b634ed59150a8e9', '["*"]', NULL, '2022-04-11 20:54:14', '2022-04-11 20:54:14'),
	(253, 'App\\Models\\User', 25, 'tokens', 'b1f46c82e51b3869215df912b80cf27a29bb38e4e60a7a0af3f1c2f019914818', '["*"]', NULL, '2022-04-11 21:43:18', '2022-04-11 21:43:18'),
	(254, 'App\\Models\\User', 26, 'tokens', 'd314a2f957d3e83e400c31fd701429ea9a562d18779a65afd2a27c0ff6ef3254', '["*"]', NULL, '2022-04-11 21:45:41', '2022-04-11 21:45:41'),
	(255, 'App\\Models\\User', 26, 'tokens', 'bf75257ffb1bd6c518937b971988e8b87dd1c5fd6133ecac89ae043bbecd508c', '["*"]', NULL, '2022-04-11 21:45:42', '2022-04-11 21:45:42'),
	(256, 'App\\Models\\User', 26, 'tokens', 'c042c9ed520c0c99f7bddc52df0705dc32db462572e259af0207ad615a31bbd5', '["*"]', NULL, '2022-04-11 22:11:53', '2022-04-11 22:11:53'),
	(257, 'App\\Models\\User', 26, 'tokens', '4949d11139e93a592c345d59134bcbe65c12d5caec25a72319d5b9f9962b0ce8', '["*"]', NULL, '2022-04-11 22:11:53', '2022-04-11 22:11:53'),
	(258, 'App\\Models\\User', 26, 'tokens', '5b0427947288c65b9a8141d0bcfbdaf38fff7295e54f3f5f61bf334168f912ff', '["*"]', NULL, '2022-04-11 22:31:58', '2022-04-11 22:31:58'),
	(259, 'App\\Models\\User', 26, 'tokens', '5e30de1df3a70327daeb2ea814886ed3157c69591822f959e246b68637bf22ed', '["*"]', NULL, '2022-04-11 22:48:52', '2022-04-11 22:48:52'),
	(260, 'App\\Models\\User', 26, 'tokens', '85562b2c3e4930a8c02185ad624dcd730416a195c138e93c030c35db86d881fa', '["*"]', NULL, '2022-04-11 23:39:01', '2022-04-11 23:39:01'),
	(261, 'App\\Models\\User', 26, 'tokens', '90b5b84a04c70e3c66e166a72e4f950dc6afa3be0113291ea4207a4b8219e62a', '["*"]', NULL, '2022-04-11 23:39:01', '2022-04-11 23:39:01'),
	(262, 'App\\Models\\User', 25, 'tokens', '527710f6e28f1b9f39e371c5e6fd9d00a937b01a84fbea291785ff70da26af0c', '["*"]', NULL, '2022-04-12 00:17:39', '2022-04-12 00:17:39'),
	(263, 'App\\Models\\User', 25, 'tokens', '2e3e1ba80b532f1f0be219f11c5c4903c0fb27fe8ab47ae526e2b832f17258a2', '["*"]', NULL, '2022-04-12 01:32:52', '2022-04-12 01:32:52'),
	(264, 'App\\Models\\User', 25, 'tokens', '9d1c62d31c7a6924c26d77733a6a1b6f53fc3699d86142d07817ecd2a2ae978d', '["*"]', NULL, '2022-04-12 17:36:07', '2022-04-12 17:36:07'),
	(265, 'App\\Models\\User', 25, 'tokens', 'fbf07169a0f98b98b296358e6f37d35f7bfb99e6265f340270d171d7f71c63e2', '["*"]', NULL, '2022-04-12 17:46:18', '2022-04-12 17:46:18'),
	(266, 'App\\Models\\User', 25, 'tokens', 'a8df196a829c620abf06bda26c1f19b80f0cce7ff0ed0c4038d64c05acf4521a', '["*"]', NULL, '2022-04-12 19:44:08', '2022-04-12 19:44:08'),
	(267, 'App\\Models\\User', 25, 'tokens', '70abebb265501db98657c50a32b5a71fa890aa94ae7d40456251e10ff4e90877', '["*"]', NULL, '2022-04-12 20:30:21', '2022-04-12 20:30:21'),
	(268, 'App\\Models\\User', 25, 'tokens', '44c4387e2bb9bbd70e6ff63187ca99952b2a39cc5087db31d4d05a0339311fa1', '["*"]', NULL, '2022-04-12 20:51:01', '2022-04-12 20:51:01'),
	(269, 'App\\Models\\User', 26, 'tokens', '994596cbb95b1d546c86c88ee826f0468598b828c0efb780bd0a87c21524f157', '["*"]', NULL, '2022-04-12 21:04:07', '2022-04-12 21:04:07'),
	(270, 'App\\Models\\User', 26, 'tokens', '27dbf3313a3a4f629d4d3d2c5e77d41aeef5928f3a88c451362f71f36d04a6f6', '["*"]', NULL, '2022-04-12 21:04:08', '2022-04-12 21:04:08'),
	(271, 'App\\Models\\User', 26, 'tokens', 'ad3cb3ef8ed861a90ae258f0011f11b749e464b622936422be1d38863e24f09b', '["*"]', NULL, '2022-04-12 21:17:20', '2022-04-12 21:17:20'),
	(272, 'App\\Models\\User', 26, 'tokens', '47e7aef854b71ac892a97c9f12cd87876f75c654e82e6788d603180cc45bf1e2', '["*"]', NULL, '2022-04-12 21:17:21', '2022-04-12 21:17:21'),
	(273, 'App\\Models\\User', 25, 'tokens', 'f58f8a1defc2325d142002e1ddf45725055277212398fe5d50654110d71b9722', '["*"]', NULL, '2022-04-13 18:21:57', '2022-04-13 18:21:57'),
	(274, 'App\\Models\\User', 25, 'tokens', 'e022e517b4ddaa5b30177355ce3f22b357a451ff6f42ea6f84e4d04d125194ef', '["*"]', NULL, '2022-04-13 18:21:59', '2022-04-13 18:21:59'),
	(275, 'App\\Models\\User', 26, 'tokens', 'f45241df1f074341067bc83cf55cec1573985b345d340080c58b45e203a51712', '["*"]', NULL, '2022-04-13 18:40:25', '2022-04-13 18:40:25'),
	(276, 'App\\Models\\User', 26, 'tokens', 'df24ab7a173286163634144e296ada116986a607e543383c7ad3aab272e4ed9f', '["*"]', NULL, '2022-04-13 18:40:27', '2022-04-13 18:40:27'),
	(277, 'App\\Models\\User', 26, 'tokens', '899728ced76c43ac022cf7cd1356c946a4a97decd3b311adb2493f691cb64bfb', '["*"]', NULL, '2022-04-13 18:46:45', '2022-04-13 18:46:45'),
	(278, 'App\\Models\\User', 26, 'tokens', 'd0ec68c69bf044b6ef5302339680a62cc017f1f0185c7e972b937b3d275642b9', '["*"]', NULL, '2022-04-13 18:46:45', '2022-04-13 18:46:45'),
	(279, 'App\\Models\\User', 25, 'tokens', '63c55b81a30bdafa19c0aa1b7f18c5f4d9f4467bbb5c950cfaf0295526b5f3cd', '["*"]', NULL, '2022-04-13 18:46:45', '2022-04-13 18:46:45'),
	(280, 'App\\Models\\User', 25, 'tokens', '12fd85b7e469e53dfda395383dda63cd2d2a5380300598398b6d290e7c5b090f', '["*"]', NULL, '2022-04-13 19:01:28', '2022-04-13 19:01:28'),
	(281, 'App\\Models\\User', 25, 'tokens', '629bc462331737dfd57a155375f96a0594d3db189806686fd535ab1026bd7079', '["*"]', NULL, '2022-04-13 19:17:24', '2022-04-13 19:17:24'),
	(282, 'App\\Models\\User', 26, 'tokens', 'a52df1216008b7b29073c76d8d6803a4e37fd5a6ac54c9f6f8455a8f792c0d31', '["*"]', NULL, '2022-04-13 19:18:20', '2022-04-13 19:18:20'),
	(283, 'App\\Models\\User', 26, 'tokens', '8077eb3075275ff754c41730d398117bdbe2d68475664cfa39a8966c6e6c4861', '["*"]', NULL, '2022-04-13 19:18:21', '2022-04-13 19:18:21'),
	(284, 'App\\Models\\User', 25, 'tokens', '8b36938af94c4a9c5d074609631aa4a598212578d8ee838e8ee05a23adaf659c', '["*"]', NULL, '2022-04-13 19:20:24', '2022-04-13 19:20:24'),
	(285, 'App\\Models\\User', 25, 'tokens', 'bc87aca4c913f0bbe5a28a0dfd708682804ca127409a960589c49b9e9edc2db0', '["*"]', NULL, '2022-04-13 19:33:46', '2022-04-13 19:33:46'),
	(286, 'App\\Models\\User', 26, 'tokens', '0ae7c082a188d2bbf677870b47936e02122e0f97c2d6bf198a435a5d4a1b1a7b', '["*"]', NULL, '2022-04-13 19:35:35', '2022-04-13 19:35:35'),
	(287, 'App\\Models\\User', 25, 'tokens', '404d51ef8573312245f99b2da1d35c84759b42ddb0818b64f9868a909776c308', '["*"]', NULL, '2022-04-13 19:36:58', '2022-04-13 19:36:58'),
	(288, 'App\\Models\\User', 25, 'tokens', '570ba1038e58cfc3e6e87c5134d67db70e89963e1b8762dc737e0da26309f278', '["*"]', NULL, '2022-04-13 20:03:20', '2022-04-13 20:03:20'),
	(289, 'App\\Models\\User', 25, 'tokens', '66a42ead3cddccb99c1c3855f22c29d2960f619b6c5b58f509dffda0c37597dc', '["*"]', NULL, '2022-04-13 20:09:00', '2022-04-13 20:09:00'),
	(290, 'App\\Models\\User', 26, 'tokens', 'ce9cdf4ba19753350b4e8959a0c41d46034c1e200771c81bcb9782cb5782c4ee', '["*"]', NULL, '2022-04-13 20:54:56', '2022-04-13 20:54:56'),
	(291, 'App\\Models\\User', 26, 'tokens', '48334a52d33b995ce74e2772decc574d81fb58f64f170c3d9833a9dcd825a633', '["*"]', NULL, '2022-04-13 20:54:56', '2022-04-13 20:54:56'),
	(292, 'App\\Models\\User', 26, 'tokens', 'a38327758d4a1b827f1ef08cd4de3db235d3bf604cdddecec231cb74b997e15f', '["*"]', NULL, '2022-04-13 21:07:41', '2022-04-13 21:07:41'),
	(293, 'App\\Models\\User', 26, 'tokens', '1c13df5cfad32993848fba862f3d4edbfb140f92a1d2073672f358957cf7194a', '["*"]', NULL, '2022-04-13 21:11:45', '2022-04-13 21:11:45'),
	(294, 'App\\Models\\User', 26, 'tokens', '2e91bd945e0f4043a0e2723ab2f8baeda357ea1433df50c0eb7c4529eefcc1f4', '["*"]', NULL, '2022-04-13 21:11:45', '2022-04-13 21:11:45'),
	(295, 'App\\Models\\User', 26, 'tokens', 'da6d64e52230220a3ddb42ab5c9adc61502745346244c7e9e3ba3adb1cad5478', '["*"]', NULL, '2022-04-13 21:28:29', '2022-04-13 21:28:29'),
	(296, 'App\\Models\\User', 26, 'tokens', 'b5fb0743a4bb04bcede498d4e1f7d474ad3db8c9edf0843ee26b8848ccd699f6', '["*"]', NULL, '2022-04-13 21:28:31', '2022-04-13 21:28:31'),
	(297, 'App\\Models\\User', 27, 'tokens', '30be2eecd7d1ee1bf6a10b0084cdd83dd2280ff22c10550620356b58a3496090', '["*"]', NULL, '2022-04-18 07:08:56', '2022-04-18 07:08:56'),
	(298, 'App\\Models\\User', 27, 'tokens', 'b660c9021736b4686dab2a41947de9591c04f3c63ea744d841947bfad896ac5f', '["*"]', NULL, '2022-04-18 07:08:57', '2022-04-18 07:08:57'),
	(299, 'App\\Models\\User', 25, 'tokens', 'daa77e38dd2667d33b88e7c4dcd0be61e53ad1bb57b01163d1fe247179f115fc', '["*"]', NULL, '2022-04-18 19:08:21', '2022-04-18 19:08:21'),
	(300, 'App\\Models\\User', 25, 'tokens', '22ccfaa3f6c35e67a21a010579d6cc74221db1d34c927266cf58883ef7e6cd4f', '["*"]', NULL, '2022-04-18 19:21:16', '2022-04-18 19:21:16'),
	(301, 'App\\Models\\User', 26, 'tokens', '591d31204aa1163556a0fd412f4eff09035a4e90cc1f29868dbf9825ef98e9e1', '["*"]', NULL, '2022-04-18 20:03:52', '2022-04-18 20:03:52'),
	(302, 'App\\Models\\User', 25, 'tokens', '29694bda31a728b94352074fc3e03513dac53d1696f6fe42e554d9e12bc71b4d', '["*"]', NULL, '2022-04-18 22:13:05', '2022-04-18 22:13:05'),
	(303, 'App\\Models\\User', 25, 'tokens', '82f0d1af0ba2fa4ad5f6346bb39c3e933487f471a9f8fc95809ea7067bb93425', '["*"]', NULL, '2022-04-18 22:27:07', '2022-04-18 22:27:07'),
	(304, 'App\\Models\\User', 25, 'tokens', '56db143e85856d031208aaf5fc2ecea0119aef9a8275843737e75f90e5ace98c', '["*"]', NULL, '2022-04-19 17:29:03', '2022-04-19 17:29:03'),
	(305, 'App\\Models\\User', 26, 'tokens', '4a82517a64fc7d9b0697bd9661b7a049cc650a07186cd5db509529721a253cfd', '["*"]', NULL, '2022-04-19 18:19:33', '2022-04-19 18:19:33'),
	(306, 'App\\Models\\User', 26, 'tokens', '5e85d966834ca7de4dc8b5ac53695f4b5c9851a634493a5ef6555377a93faef4', '["*"]', NULL, '2022-04-19 18:32:45', '2022-04-19 18:32:45'),
	(307, 'App\\Models\\User', 26, 'tokens', '26caa60e245d6ddc3abe182f9cfd2902267f6a378b50bcda340ac0307d52ab8d', '["*"]', NULL, '2022-04-19 18:32:45', '2022-04-19 18:32:45'),
	(308, 'App\\Models\\User', 25, 'tokens', 'edb260ee2272ff738ee0eb42d30ab6fdd1da4f30e32781f8f3a2af8d1739079f', '["*"]', NULL, '2022-04-19 18:53:48', '2022-04-19 18:53:48'),
	(309, 'App\\Models\\User', 25, 'tokens', '870d57001c7403c44b6b317ae1a65ff0f9d31d88521f6792da7ea29d0ac2f81f', '["*"]', NULL, '2022-04-19 19:02:07', '2022-04-19 19:02:07'),
	(310, 'App\\Models\\User', 26, 'tokens', '00b8729bd578f0e66e88e2a92a4fe48f451083a61c4eec743c110718638596e4', '["*"]', NULL, '2022-04-19 19:14:24', '2022-04-19 19:14:24'),
	(311, 'App\\Models\\User', 26, 'tokens', '813804e200279d48e861af3bdbb707564dc60ddefc21610d7f62d47de8d9b882', '["*"]', NULL, '2022-04-19 19:14:24', '2022-04-19 19:14:24'),
	(312, 'App\\Models\\User', 26, 'tokens', 'c62c5c07e47f46b39c4f9068dec8b35877a2a990b7d60b537d11d3ffdbf2b65e', '["*"]', NULL, '2022-04-19 19:18:25', '2022-04-19 19:18:25'),
	(313, 'App\\Models\\User', 25, 'tokens', '59f0cab6c7532f1bd7ef54f7af5c187aa8f6edbe95d0437104f3770842d9e963', '["*"]', NULL, '2022-04-19 19:21:56', '2022-04-19 19:21:56'),
	(314, 'App\\Models\\User', 25, 'tokens', 'b9610dedf9bfb4aef0ff5253561d20966c7efdfa89000469a4783613361eccb0', '["*"]', NULL, '2022-04-19 20:27:24', '2022-04-19 20:27:24'),
	(315, 'App\\Models\\User', 26, 'tokens', 'f967b3c49c210946c4d1435b733bcf5ea0f87e50f336c3b2bf93e7f4fcb4045d', '["*"]', NULL, '2022-04-19 20:28:21', '2022-04-19 20:28:21'),
	(316, 'App\\Models\\User', 26, 'tokens', 'e5b7d29f5e1fa3cb4abd910530fe87c6b6dcb6a8285e9a0f5e13f43ed9a02c25', '["*"]', NULL, '2022-04-19 20:28:21', '2022-04-19 20:28:21'),
	(317, 'App\\Models\\User', 26, 'tokens', '3987d3f22b8fbf6d3677badc64ac3dca74b00b680708f09fe8d64fb98a6e7207', '["*"]', NULL, '2022-04-19 20:47:33', '2022-04-19 20:47:33'),
	(318, 'App\\Models\\User', 26, 'tokens', 'ff7bcee1cd79e1dce802551e458c7c34d422db9120d4bf5f8697103845554167', '["*"]', NULL, '2022-04-19 20:47:34', '2022-04-19 20:47:34'),
	(319, 'App\\Models\\User', 26, 'tokens', '119422f48deb82b947d35dbd7517419d4a0dc43ed2b52b36357da078bff45119', '["*"]', NULL, '2022-04-19 20:54:06', '2022-04-19 20:54:06'),
	(320, 'App\\Models\\User', 26, 'tokens', '29b080f488e90daad9e9d85ae7c7f7da3d24f7fce2444d18b156c88be798e707', '["*"]', NULL, '2022-04-19 20:54:07', '2022-04-19 20:54:07'),
	(321, 'App\\Models\\User', 26, 'tokens', 'c82200fe5e8567705cf726d0d00b4ad7f377560f1202f6e18a9d9fb15c931792', '["*"]', NULL, '2022-04-19 20:58:56', '2022-04-19 20:58:56'),
	(322, 'App\\Models\\User', 26, 'tokens', 'f0b278d7af2d509becb18a396ccbae22c8c42618fdaf4aa7ca129cde590f453d', '["*"]', NULL, '2022-04-19 21:59:49', '2022-04-19 21:59:49'),
	(323, 'App\\Models\\User', 26, 'tokens', '1478e67ce9044ec87e3cf0cd765fefc681073170cbd1e8f15d26ac8a35d5e611', '["*"]', NULL, '2022-04-19 21:59:49', '2022-04-19 21:59:49'),
	(324, 'App\\Models\\User', 26, 'tokens', 'fb6bf9ebe5bd8625c871d0134bd0b175388501a58b32b8978c02f61f41a184e3', '["*"]', NULL, '2022-04-19 22:10:14', '2022-04-19 22:10:14'),
	(325, 'App\\Models\\User', 26, 'tokens', 'd0332a3533e6b2a6119c90cc0dc29fb30df2f3ab54015e2bc27638604a856a81', '["*"]', NULL, '2022-04-19 22:10:15', '2022-04-19 22:10:15'),
	(326, 'App\\Models\\User', 26, 'tokens', 'b7968c63241fadb89e1a3efca8f9650ba04f376071fce163b5638c9bf17db1ec', '["*"]', NULL, '2022-04-19 23:49:11', '2022-04-19 23:49:11'),
	(327, 'App\\Models\\User', 28, 'tokens', '4bf2baa8cd3f3ee90f1ec19cd02294fdb67783de9781219b4a25229aebb28e62', '["*"]', NULL, '2022-04-20 00:11:01', '2022-04-20 00:11:01'),
	(328, 'App\\Models\\User', 25, 'tokens', '0f9614dd16a57c4803f47a60ae37a3b5bb44510089fc8486c03bd089908796c0', '["*"]', NULL, '2022-04-20 05:05:31', '2022-04-20 05:05:31'),
	(329, 'App\\Models\\User', 25, 'tokens', 'dbfd951f528ed6d983ceb7b596f545b75d0e39f5b58c01fc40da47adf4d61006', '["*"]', NULL, '2022-04-20 18:05:01', '2022-04-20 18:05:01'),
	(330, 'App\\Models\\User', 25, 'tokens', '61f96836a632bdfc0f0a9ae23fc247001e3c3051ae8203e66ff1a1b846c414f2', '["*"]', NULL, '2022-04-20 18:33:19', '2022-04-20 18:33:19'),
	(331, 'App\\Models\\User', 25, 'tokens', '0b6fcab3942d01dd8f759c0f44468c8fd17d4f21c41de9d693a54a3e7c51a001', '["*"]', NULL, '2022-04-20 18:38:57', '2022-04-20 18:38:57'),
	(332, 'App\\Models\\User', 25, 'tokens', 'de9e83fb472d860e0da359859776ca17c5e3b8b05b34d4ab01fd7c048a3f43a2', '["*"]', NULL, '2022-04-20 18:50:34', '2022-04-20 18:50:34'),
	(333, 'App\\Models\\User', 25, 'tokens', 'f5b925e06deb7040f841ea07228e74b889fd34e3b41a380dea6a63e45a9d7c6a', '["*"]', NULL, '2022-04-20 18:58:04', '2022-04-20 18:58:04'),
	(334, 'App\\Models\\User', 26, 'tokens', 'a3c6390e0032ee9a5867b1a0416119e87401da5980c0bf31d9a9de324b3a30e6', '["*"]', NULL, '2022-04-20 19:01:25', '2022-04-20 19:01:25'),
	(335, 'App\\Models\\User', 25, 'tokens', '8286ab2c1e4fc9104567a1c658d7dd6655aebc2497526f7198f1b98ecea6aa4d', '["*"]', NULL, '2022-04-20 20:14:00', '2022-04-20 20:14:00'),
	(336, 'App\\Models\\User', 26, 'tokens', '7fe0493e9cb09840840b71f4b9f9166ae8edc1ad6ece1c2bb1e54e9866c6d96b', '["*"]', NULL, '2022-04-20 20:29:36', '2022-04-20 20:29:36'),
	(337, 'App\\Models\\User', 26, 'tokens', '1bf4eca8e76e4ec2decb4308fe70e4725909e91a248437c9a106a6b7a9b05f77', '["*"]', NULL, '2022-04-20 20:29:37', '2022-04-20 20:29:37'),
	(338, 'App\\Models\\User', 26, 'tokens', 'f5121273d8e0809710540b6c4c71acbb0f41be58181cba9487ae1b9621bbfd0e', '["*"]', NULL, '2022-04-20 21:19:55', '2022-04-20 21:19:55'),
	(339, 'App\\Models\\User', 26, 'tokens', 'c6925412694eeeeb3530c92c8a40706ba6f9a789de09d888b6ad3d705e064b90', '["*"]', NULL, '2022-04-20 21:19:55', '2022-04-20 21:19:55'),
	(340, 'App\\Models\\User', 25, 'tokens', '7cd1674e1c5b3376b78bf391e1d4f18cf53bf7b88b2e4a44deb3c87d95eab39c', '["*"]', NULL, '2022-04-20 21:45:36', '2022-04-20 21:45:36'),
	(341, 'App\\Models\\User', 26, 'tokens', '5aa8d93c220a57500433c49b9d245d80ec2a493c03175c3c7df23c07a9f5b332', '["*"]', NULL, '2022-04-20 21:46:09', '2022-04-20 21:46:09'),
	(342, 'App\\Models\\User', 25, 'tokens', '3926613723dcdc38d10ce13a2a75c25da4abd91cc18f14f9e46f64ef418fe61f', '["*"]', NULL, '2022-04-20 21:50:55', '2022-04-20 21:50:55'),
	(343, 'App\\Models\\User', 25, 'tokens', '8e6e12e4619331ef8cdb9c9fec76bdd0c13b6fd0bc5956059ef472e58547a2b3', '["*"]', NULL, '2022-04-20 22:00:51', '2022-04-20 22:00:51'),
	(344, 'App\\Models\\User', 26, 'tokens', 'e0e974623325dc5a1f8059594f728b52257162b3683ba4d5f2605bf2c88c4e35', '["*"]', NULL, '2022-04-20 22:03:48', '2022-04-20 22:03:48'),
	(345, 'App\\Models\\User', 26, 'tokens', '5f3805753fc4c196f899887e0065a3b7d9da583dfa7aaaccdf1f6351c0900535', '["*"]', NULL, '2022-04-20 22:03:48', '2022-04-20 22:03:48'),
	(346, 'App\\Models\\User', 26, 'tokens', '18780b5e0243edd9b2d64c17d17ea582605b0dfb84bd6a2e4c36537997357506', '["*"]', NULL, '2022-04-20 22:13:45', '2022-04-20 22:13:45'),
	(347, 'App\\Models\\User', 26, 'tokens', '5ef3828aa2858c4efc39ea61862981d4f96985edfff10c1912713b91956ed2eb', '["*"]', NULL, '2022-04-20 22:13:46', '2022-04-20 22:13:46'),
	(348, 'App\\Models\\User', 25, 'tokens', 'f81371c1e391536319e4604d920504ab65cdfffa2575a46762469439ac5ae29d', '["*"]', NULL, '2022-04-20 22:42:06', '2022-04-20 22:42:06'),
	(349, 'App\\Models\\User', 26, 'tokens', '482da287e0459e566885d0a13ea57cfa62489b2fe21fadeca50b8c587771e9b7', '["*"]', NULL, '2022-04-20 22:55:53', '2022-04-20 22:55:53'),
	(350, 'App\\Models\\User', 23, 'tokens', '630567724147a1b12f7023f4bf3d9bc495a5acadc5ff96dbb001091bb43ae663', '["*"]', NULL, '2022-04-21 02:14:40', '2022-04-21 02:14:40'),
	(351, 'App\\Models\\User', 25, 'tokens', '3294c285ad47678f2b695bba5d89465ed6056b1ec4c1789f54eb1470227400bd', '["*"]', NULL, '2022-04-21 04:46:38', '2022-04-21 04:46:38'),
	(352, 'App\\Models\\User', 25, 'tokens', '3240c1a0b832e29a363ba8d9111582f9bbd4a3b0d00c86795dde1caeffc6e1a0', '["*"]', NULL, '2022-04-21 05:12:49', '2022-04-21 05:12:49'),
	(353, 'App\\Models\\User', 25, 'tokens', 'bbe07db23c792f9b581a5bcb2ce6aa2289bb0af4dc07393afd6eaf250fad152f', '["*"]', NULL, '2022-04-21 17:39:59', '2022-04-21 17:39:59'),
	(354, 'App\\Models\\User', 25, 'tokens', '475d9107ffaa4ddbd3ce319227c403be6c752600ebd77a731b9c9bd2f2e6eb79', '["*"]', NULL, '2022-04-21 20:09:15', '2022-04-21 20:09:15'),
	(355, 'App\\Models\\User', 26, 'tokens', 'ba7efa3ae6f9149c87674e57b2db5187dbc67ae05d29d4138f8ee64ecadd60dc', '["*"]', NULL, '2022-04-21 20:20:24', '2022-04-21 20:20:24'),
	(356, 'App\\Models\\User', 26, 'tokens', 'fc9f99dffdab770b7fe7bb17b5eec1545459e0086a8ba4850185d753a8e552d2', '["*"]', NULL, '2022-04-21 20:39:02', '2022-04-21 20:39:02'),
	(357, 'App\\Models\\User', 26, 'tokens', 'f0f6ae8697db179e3cd30f134f3b5353cfb9c0b67d7e452f75293696b1a08e34', '["*"]', NULL, '2022-04-21 20:39:02', '2022-04-21 20:39:02'),
	(358, 'App\\Models\\User', 26, 'tokens', 'd78508ad883c00b395414a0b17c43f8cc618015b0c5ce7c46930be88bdb8d8bf', '["*"]', NULL, '2022-04-21 21:05:41', '2022-04-21 21:05:41'),
	(359, 'App\\Models\\User', 26, 'tokens', 'd19c204b3560601af2316d9a0d9b8be68f3accec4030b6e98b40eddd230125ea', '["*"]', NULL, '2022-04-21 21:05:41', '2022-04-21 21:05:41'),
	(360, 'App\\Models\\User', 26, 'tokens', 'f7975d07be7b4804148aff142b04154320a2fb735d642c4566b18a038763b0ac', '["*"]', NULL, '2022-04-21 21:13:48', '2022-04-21 21:13:48'),
	(361, 'App\\Models\\User', 26, 'tokens', 'cbd59c90487d6a517b8d405108070432e7e780079ff9c2c0a44ef8da29373a7b', '["*"]', NULL, '2022-04-21 21:20:25', '2022-04-21 21:20:25'),
	(362, 'App\\Models\\User', 26, 'tokens', 'a8dce8d36db65c7011b0bc44c76e5350de30ed3aa8b3350c369ce5daaac6ad91', '["*"]', NULL, '2022-04-21 21:20:25', '2022-04-21 21:20:25'),
	(363, 'App\\Models\\User', 26, 'tokens', '82fafea30cb2204c8e10e9b7a15e954e5c37b7aacb4bd5187152475b8371fabf', '["*"]', NULL, '2022-04-21 21:30:37', '2022-04-21 21:30:37'),
	(364, 'App\\Models\\User', 26, 'tokens', '3a2fd3c90fb541c96682703aad9b298f0ed473aa780f89bc31e14207a980f52d', '["*"]', NULL, '2022-04-21 21:30:38', '2022-04-21 21:30:38'),
	(365, 'App\\Models\\User', 26, 'tokens', '9ca6ecff32f86760099d7afafb72bec4e9ef7e94a32e15848b05f69ce075e3e6', '["*"]', NULL, '2022-04-21 21:41:17', '2022-04-21 21:41:17'),
	(366, 'App\\Models\\User', 26, 'tokens', '9e0593f58575cba3fb4fc86155d96744869cf621d0502ba3c6e92651363b3a09', '["*"]', NULL, '2022-04-21 21:46:44', '2022-04-21 21:46:44'),
	(367, 'App\\Models\\User', 26, 'tokens', 'f54f0c001451afe13931a196e402d214412eaf04003db92144198037b1cf8f29', '["*"]', NULL, '2022-04-21 21:46:44', '2022-04-21 21:46:44'),
	(368, 'App\\Models\\User', 26, 'tokens', 'f1ed50fe6d95b7060eca57b2a8878604e788aa5a75e89733d3e5117024fb350c', '["*"]', NULL, '2022-04-21 22:02:38', '2022-04-21 22:02:38'),
	(369, 'App\\Models\\User', 26, 'tokens', '55ac136fe3cb637cf3a361672754a76c67829be34bb2ff751015b993c785d5d5', '["*"]', NULL, '2022-04-21 22:02:38', '2022-04-21 22:02:38'),
	(370, 'App\\Models\\User', 26, 'tokens', '64c6a723fbf154eedb382d74416804a00459704cf7578f147869eb841d91e27e', '["*"]', NULL, '2022-04-21 22:23:13', '2022-04-21 22:23:13'),
	(371, 'App\\Models\\User', 26, 'tokens', 'ad2624708f390284886806ba978bfe5d138e2fd19d79a0701bcf8496db8cf750', '["*"]', NULL, '2022-04-21 22:23:14', '2022-04-21 22:23:14'),
	(372, 'App\\Models\\User', 25, 'tokens', '7e727f72eec42aafa10a5bbac8fa8257dbc5173859a9d68d5f635d3d1ea33dfd', '["*"]', NULL, '2022-04-22 17:58:58', '2022-04-22 17:58:58'),
	(373, 'App\\Models\\User', 26, 'tokens', '286f7a679b02e7fe7197619473d9b1cb62de0560f0fe15c3517bdff20e1daf39', '["*"]', NULL, '2022-04-22 19:46:52', '2022-04-22 19:46:52'),
	(374, 'App\\Models\\User', 26, 'tokens', '6380bec25ed865d8b2c7dcbc8e52893440aeab4dc482751e725543dc99ad0d54', '["*"]', NULL, '2022-04-22 20:30:46', '2022-04-22 20:30:46'),
	(375, 'App\\Models\\User', 26, 'tokens', 'f739134cf77ea8db0729a26531b7eb4afe6c3160581b355f04a2a5e9cd220d51', '["*"]', NULL, '2022-04-22 20:44:08', '2022-04-22 20:44:08'),
	(376, 'App\\Models\\User', 26, 'tokens', '5d4774553d71fa05f387c5d0b4977ab273f4e546b9a27360ecf9f8310139c243', '["*"]', NULL, '2022-04-22 20:44:09', '2022-04-22 20:44:09'),
	(377, 'App\\Models\\User', 26, 'tokens', '06d138aa1a6aa001ad29fde2dc226cb2a10f4e591536faaff999336987c5cf8f', '["*"]', NULL, '2022-04-22 20:45:22', '2022-04-22 20:45:22'),
	(378, 'App\\Models\\User', 26, 'tokens', 'f5dcbc8853e4d298fec2e27bfd6f0c369e96be6e532612911fcc43679bc3358d', '["*"]', NULL, '2022-04-22 20:45:22', '2022-04-22 20:45:22'),
	(379, 'App\\Models\\User', 26, 'tokens', '764789161b8e6ef26d2d2da1f7445553cdd0e327f83e7a2de3e7ba0b0f47b786', '["*"]', NULL, '2022-04-22 21:07:47', '2022-04-22 21:07:47'),
	(380, 'App\\Models\\User', 26, 'tokens', '42eef92a9bf2f012bc92d9b33cf0adc6d4513819b1deb10f24578bb4785551d1', '["*"]', NULL, '2022-04-22 23:11:02', '2022-04-22 23:11:02'),
	(381, 'App\\Models\\User', 26, 'tokens', '5f44a21e15f2d8ae2750ce4d35d4c6a76a2ce3c1a848eaa6a2be46ac3b0d81f8', '["*"]', NULL, '2022-04-22 23:11:02', '2022-04-22 23:11:02'),
	(382, 'App\\Models\\User', 26, 'tokens', '9ec7d75cf955b5aa2579df071c8eeaccab66ba5ed8d5af083f89f2a308ce5241', '["*"]', NULL, '2022-04-22 23:23:52', '2022-04-22 23:23:52'),
	(383, 'App\\Models\\User', 26, 'tokens', 'db4f0b3939d0b776b1622c92fd4e977a91243d89ebad2407715571a5954a2b26', '["*"]', NULL, '2022-04-22 23:23:52', '2022-04-22 23:23:52'),
	(384, 'App\\Models\\User', 26, 'tokens', 'b8d2a0424602a0761c1e95ba587f43230b17d893612fd1c993c0c98b97eac98b', '["*"]', NULL, '2022-04-22 23:29:25', '2022-04-22 23:29:25'),
	(385, 'App\\Models\\User', 26, 'tokens', 'ca5370a7b76d9343090c57b72099cc34f1abb8b9d824e6a135ce7ad08ea93a6c', '["*"]', NULL, '2022-04-22 23:29:25', '2022-04-22 23:29:25'),
	(386, 'App\\Models\\User', 26, 'tokens', '3982cf5bd22f5dcbacf2a3351bd57dd4f583e8ed788d2be7757b66c42084307c', '["*"]', NULL, '2022-04-22 23:29:25', '2022-04-22 23:29:25'),
	(387, 'App\\Models\\User', 26, 'tokens', 'a76952abad1205ebe4c68bcff4137cb1a4f073a15c6183caddd52210efbf345f', '["*"]', NULL, '2022-04-22 23:29:25', '2022-04-22 23:29:25'),
	(388, 'App\\Models\\User', 26, 'tokens', '9122a17cdf4a2a8721f89f9225e637b780485d1aa6be16cb264d133712afbca1', '["*"]', NULL, '2022-04-22 23:29:25', '2022-04-22 23:29:25'),
	(389, 'App\\Models\\User', 26, 'tokens', 'ab9766379e247e314b052f079483010aa93e6905f4fcaee5c43654c946bc7d49', '["*"]', NULL, '2022-04-22 23:52:52', '2022-04-22 23:52:52'),
	(390, 'App\\Models\\User', 26, 'tokens', '019aa90e79d5dd1e2fd7f771d9ae496c042df1160c5ab752e88b535cbfb88556', '["*"]', NULL, '2022-04-23 00:19:58', '2022-04-23 00:19:58'),
	(391, 'App\\Models\\User', 26, 'tokens', 'c37f9c719d785684f53d414a470521c2b7353b08ccc1d9d6358276e297e2ea3d', '["*"]', NULL, '2022-04-23 00:19:58', '2022-04-23 00:19:58'),
	(392, 'App\\Models\\User', 25, 'tokens', 'e9be6dc1054b7e2594641ea7aa640b4ea4949560d969acb7b1e205b3313d5a14', '["*"]', NULL, '2022-04-23 17:56:46', '2022-04-23 17:56:46'),
	(393, 'App\\Models\\User', 26, 'tokens', 'fc29af1283b1af6725c5d1168042fd339edea9de24359c79fb7682da43d150fe', '["*"]', NULL, '2022-04-23 18:52:34', '2022-04-23 18:52:34'),
	(394, 'App\\Models\\User', 26, 'tokens', '67f277996b140f95859fe05e1bdba8624d9c3421d6a3f44151208a721a394225', '["*"]', NULL, '2022-04-23 18:52:34', '2022-04-23 18:52:34'),
	(395, 'App\\Models\\User', 26, 'tokens', 'b2b07cb074a7d7be2b0047a5a2cfb923b6e40ecc9c4729eee040f3a56dbb520f', '["*"]', NULL, '2022-04-23 19:20:34', '2022-04-23 19:20:34'),
	(396, 'App\\Models\\User', 26, 'tokens', '28e86e31c8846442bbd2c28ee1880e4e6ce6fc26c0a1ee46d1ef62361f7be42a', '["*"]', NULL, '2022-04-23 19:20:35', '2022-04-23 19:20:35'),
	(397, 'App\\Models\\User', 26, 'tokens', 'c6b3b036ac2ab4757ed8fee5ad0dc87004e1eb91ea42f2dbf41b4fb97a2aaac8', '["*"]', NULL, '2022-04-23 19:25:44', '2022-04-23 19:25:44'),
	(398, 'App\\Models\\User', 25, 'tokens', 'd462cae652c89ce4b9540a8c159fc2cf840a100cbc393eeb76e2c5542948170c', '["*"]', NULL, '2022-04-23 19:31:06', '2022-04-23 19:31:06'),
	(399, 'App\\Models\\User', 25, 'tokens', '11bc737e1ffaf37783a15da2674be4d269af15ac1859f4e2e90ec299cb71dd2d', '["*"]', NULL, '2022-04-23 20:10:28', '2022-04-23 20:10:28'),
	(400, 'App\\Models\\User', 26, 'tokens', '3d165c5af55de61b46cffc93cebde9db1e40f238a053dd44a4df86083ae6223d', '["*"]', NULL, '2022-04-23 21:09:23', '2022-04-23 21:09:23'),
	(401, 'App\\Models\\User', 26, 'tokens', '634e111339ed1340d4dd5a7335aecbb77940c64c45f2ca568448ef5c9619c7c5', '["*"]', NULL, '2022-04-23 21:09:23', '2022-04-23 21:09:23'),
	(402, 'App\\Models\\User', 26, 'tokens', 'd6fc70a18a1aed1b0db839f688350b2d6885595c5b16609e45f9439bb0caf756', '["*"]', NULL, '2022-04-23 21:15:59', '2022-04-23 21:15:59'),
	(403, 'App\\Models\\User', 26, 'tokens', '8e824f0d35cd6ea68560baa3f5cdfa22951486607d41504b29fecf9b92c2a0e0', '["*"]', NULL, '2022-04-23 21:15:59', '2022-04-23 21:15:59'),
	(404, 'App\\Models\\User', 26, 'tokens', '1ca7355e94a76a585934ab259a4f55b084b3f6d39f8aefe1843ae8d142defb0d', '["*"]', NULL, '2022-04-23 21:50:09', '2022-04-23 21:50:09'),
	(405, 'App\\Models\\User', 26, 'tokens', 'b2e68f9465b66ef5f8f92cf279308b6e1cf833a956e20209c40f566a65ea080c', '["*"]', NULL, '2022-04-23 21:50:09', '2022-04-23 21:50:09'),
	(406, 'App\\Models\\User', 26, 'tokens', '4b8bf5312d3fdac924133e6181c6ffac633a32ca9fa157b0fb812f93433255e5', '["*"]', NULL, '2022-04-23 22:07:41', '2022-04-23 22:07:41'),
	(407, 'App\\Models\\User', 26, 'tokens', '3e00af1e7b66cb666650c4e766ece7c7fbff7e9a263e0b2a7a8652684e86a732', '["*"]', NULL, '2022-04-23 22:07:41', '2022-04-23 22:07:41'),
	(408, 'App\\Models\\User', 25, 'tokens', '000c87fee88d88c0ef301023a40a927aa254198ce5195304dadbfe60e1e404e2', '["*"]', NULL, '2022-04-23 22:38:49', '2022-04-23 22:38:49'),
	(409, 'App\\Models\\User', 25, 'tokens', '94c6be740d431178ee32ed3f52521c0dd3297c6897ff5f5661881eba3f28418e', '["*"]', NULL, '2022-04-23 22:50:05', '2022-04-23 22:50:05'),
	(410, 'App\\Models\\User', 26, 'tokens', 'fcf4d00bed04e73d2ea206d0a9ca9fa889dedcc9eaa1844c1a9b12eb59903c11', '["*"]', NULL, '2022-04-23 23:26:39', '2022-04-23 23:26:39'),
	(411, 'App\\Models\\User', 26, 'tokens', 'ab399a9c80a3db0fb1b2722977d1a2334188dc639ffe4f4b883a88a484cab28d', '["*"]', NULL, '2022-04-25 18:53:40', '2022-04-25 18:53:40'),
	(412, 'App\\Models\\User', 26, 'tokens', 'e4e6b1b04eaf2a52809eee8c0cfe68d7fb377fa17347ad2fbf75d21f6454323a', '["*"]', NULL, '2022-04-25 18:53:40', '2022-04-25 18:53:40'),
	(413, 'App\\Models\\User', 25, 'tokens', '3c3262b410505a773517a84e7d43fefb31df2b7be2cfc83f623ade56c968b2c3', '["*"]', NULL, '2022-04-25 18:57:52', '2022-04-25 18:57:52'),
	(414, 'App\\Models\\User', 26, 'tokens', '5533e11e3a14f6fd06b4a47840473fb2781e60208399c2cbde54c34ebfc16c20', '["*"]', NULL, '2022-04-25 19:25:43', '2022-04-25 19:25:43'),
	(415, 'App\\Models\\User', 25, 'tokens', 'db00d45c4cd8c31fbe1158e5acd7e710f0c1b7d76cd42cc73ffa9b3b5e505835', '["*"]', NULL, '2022-04-25 19:30:17', '2022-04-25 19:30:17'),
	(416, 'App\\Models\\User', 26, 'tokens', 'dbee21f1d13c376f134da9e17a671cb5bd2b98f34ddcd5b8f4be1741d4beccc0', '["*"]', NULL, '2022-04-25 19:56:51', '2022-04-25 19:56:51'),
	(417, 'App\\Models\\User', 26, 'tokens', '1fa33d7e8d362997df1fc61297b097a2f019bde669fac0e41a9671b77826a42e', '["*"]', NULL, '2022-04-25 19:56:51', '2022-04-25 19:56:51'),
	(418, 'App\\Models\\User', 26, 'tokens', 'a90e7e9066544dbac30b02df53993a5154e9f8f5d06efcf8872b49a597fbbad4', '["*"]', NULL, '2022-04-25 19:59:13', '2022-04-25 19:59:13'),
	(419, 'App\\Models\\User', 26, 'tokens', '2a2a8da86ef6d91b36fae9d344bceeb92dc1c9ec8bc45365f6d19c7808941bdc', '["*"]', NULL, '2022-04-25 19:59:13', '2022-04-25 19:59:13'),
	(420, 'App\\Models\\User', 26, 'tokens', 'b861fb394e94d1751278a8edc0c6943c07f36fdfbd42a2dfd135d89d61b4feba', '["*"]', NULL, '2022-04-25 20:00:05', '2022-04-25 20:00:05'),
	(421, 'App\\Models\\User', 26, 'tokens', 'cc3f00f9c0ae1f69a1a174082d6bd711a418fc87a8c80707cc5385e5ffc2effd', '["*"]', NULL, '2022-04-25 20:00:05', '2022-04-25 20:00:05'),
	(422, 'App\\Models\\User', 23, 'tokens', '3c61b106ba91c691f807edf30953c9fe0335b059372cd261d0be19379a1ef986', '["*"]', NULL, '2022-04-25 20:09:55', '2022-04-25 20:09:55'),
	(423, 'App\\Models\\User', 26, 'tokens', 'af0631dc147ccf117d3db627b4ea586bb4d2bc7fd5b72807911b2209eb0b68cd', '["*"]', NULL, '2022-04-25 22:32:51', '2022-04-25 22:32:51'),
	(424, 'App\\Models\\User', 26, 'tokens', '617a6f35a3facb3a8e6c7e733d7eb34993cf0ad589ba7cfb70fc14ae6be154eb', '["*"]', NULL, '2022-04-26 01:39:17', '2022-04-26 01:39:17'),
	(425, 'App\\Models\\User', 26, 'tokens', '988a0bf6e44fc171a7c4552bc0f3f83cd244b5a53a1fc2976b3b564913be0afe', '["*"]', NULL, '2022-04-26 01:39:17', '2022-04-26 01:39:17'),
	(426, 'App\\Models\\User', 26, 'tokens', '224c077991c6c45d6a3a02cb8ae5cfb58c9e82365d17cd81fbfaa229bb311c56', '["*"]', NULL, '2022-04-26 03:24:41', '2022-04-26 03:24:41'),
	(427, 'App\\Models\\User', 26, 'tokens', '6d00bc12a78d6686c2509dfa5a138fc2f3cad0d078ff3bf176fe3f52b4fd5cd7', '["*"]', NULL, '2022-04-26 03:24:41', '2022-04-26 03:24:41'),
	(428, 'App\\Models\\User', 25, 'tokens', 'a126c55d0db141c18808ecbff262350a79ac1072586993b8785319ac22f89614', '["*"]', NULL, '2022-04-26 20:14:25', '2022-04-26 20:14:25'),
	(429, 'App\\Models\\User', 25, 'tokens', '687743335466a0130fb1952a816b77af32aa3e8a1cba9e62ec6b7d61672551f9', '["*"]', NULL, '2022-04-26 20:22:53', '2022-04-26 20:22:53'),
	(430, 'App\\Models\\User', 26, 'tokens', '462bd9a1164c351a1d143e07c7f607b88d28153dafa22dfa5eda5f60d10087ad', '["*"]', NULL, '2022-04-26 20:35:13', '2022-04-26 20:35:13'),
	(431, 'App\\Models\\User', 26, 'tokens', '72fc77fd2034bdf2e795539bd73963c5a3b632bfb4c03b0589a6ce38ea6c5094', '["*"]', NULL, '2022-04-26 20:35:13', '2022-04-26 20:35:13'),
	(432, 'App\\Models\\User', 25, 'tokens', 'bd5dba8bdab5507810ac5c444d423eea1c053ae249d4d5c4b6418b26cc015e05', '["*"]', NULL, '2022-04-26 20:35:21', '2022-04-26 20:35:21'),
	(433, 'App\\Models\\User', 26, 'tokens', '0bcb839d6091996e48d71c690560855e0d635c8db6b0e81f6b13773e28e699b9', '["*"]', NULL, '2022-04-26 20:38:44', '2022-04-26 20:38:44'),
	(434, 'App\\Models\\User', 26, 'tokens', '6ef30986d8377fb8acdf508491cf61af828d221ac7b4b5361b61bb4da86d44e1', '["*"]', NULL, '2022-04-26 20:38:44', '2022-04-26 20:38:44'),
	(435, 'App\\Models\\User', 26, 'tokens', '166bdf118dc91a9e97160c31116f480df215eb387b5469ec31957891197bcd0b', '["*"]', NULL, '2022-04-26 20:42:08', '2022-04-26 20:42:08'),
	(436, 'App\\Models\\User', 26, 'tokens', '01ac4a07d0370e036a03083a0bc04233b2d5e50723ada7d3e811d4edcf1a81a7', '["*"]', NULL, '2022-04-26 21:30:32', '2022-04-26 21:30:32'),
	(437, 'App\\Models\\User', 26, 'tokens', 'ba634cc9e150dd2df6952689b27ee0b3a7921a137b45df1d561035195383c36e', '["*"]', NULL, '2022-04-26 21:30:32', '2022-04-26 21:30:32'),
	(438, 'App\\Models\\User', 26, 'tokens', '2ddd9cdbb580b93e2f90e1692842ca05543098f50cbe303a27b9890242592667', '["*"]', NULL, '2022-04-26 21:52:35', '2022-04-26 21:52:35'),
	(439, 'App\\Models\\User', 26, 'tokens', '91fb1ae72619cbefb7dcda20cd09470d87d784eafd39ce65ea4decc466a06af5', '["*"]', NULL, '2022-04-26 22:08:00', '2022-04-26 22:08:00'),
	(440, 'App\\Models\\User', 26, 'tokens', '7b69735d6b9f136d50f9612fcf529c594cb84c86c8d4d5f6e576756bfefe9f86', '["*"]', NULL, '2022-04-26 22:08:00', '2022-04-26 22:08:00'),
	(441, 'App\\Models\\User', 26, 'tokens', '23393fa311f0dca5db6c4462b489471d9d7bf4feb643f741aa56481f6b0fad1f', '["*"]', NULL, '2022-04-26 22:14:34', '2022-04-26 22:14:34'),
	(442, 'App\\Models\\User', 26, 'tokens', '3d1b7599c8c36aa29b70643eee1da8f4ced6e38ec53a057dd866e2699cc919c9', '["*"]', NULL, '2022-04-26 22:14:34', '2022-04-26 22:14:34'),
	(443, 'App\\Models\\User', 26, 'tokens', '685660d5c507eddffc8bed9ee47884427a2443e84af0994f45ab8e51bddaaf82', '["*"]', NULL, '2022-04-26 22:25:39', '2022-04-26 22:25:39'),
	(444, 'App\\Models\\User', 26, 'tokens', 'ec554f8ac534dd2208e5ec2ddf87625e14bb439867d656d7f26a4de667b6d5b4', '["*"]', NULL, '2022-04-26 22:25:39', '2022-04-26 22:25:39'),
	(445, 'App\\Models\\User', 26, 'tokens', '7d9da5b3a57fb6266e250f7b3729616350ca0756799faf6cd0d39748c4661ca3', '["*"]', NULL, '2022-04-26 23:05:34', '2022-04-26 23:05:34'),
	(446, 'App\\Models\\User', 26, 'tokens', '2653c2d64ce70ae5f3d4bf0e1d4e0d23ac1359dbc7a6fa255ea442d20954296e', '["*"]', NULL, '2022-04-26 23:05:34', '2022-04-26 23:05:34'),
	(447, 'App\\Models\\User', 26, 'tokens', '1e71aaaa0354ffa84ab23a007bb80eb5eb4f84ef15aae23acd9050b94e73d76c', '["*"]', NULL, '2022-04-26 23:08:14', '2022-04-26 23:08:14'),
	(448, 'App\\Models\\User', 26, 'tokens', '7e9498572cf9f975d2536cb32ed93eb86a72b0db5cd4dc59a151d8fff2a5999c', '["*"]', NULL, '2022-04-26 23:20:50', '2022-04-26 23:20:50'),
	(449, 'App\\Models\\User', 26, 'tokens', '75f0caf417724bd9a23def6c46423d53ce6849b1527ed6fce8161a3bcbba11e1', '["*"]', NULL, '2022-04-26 23:20:50', '2022-04-26 23:20:50'),
	(450, 'App\\Models\\User', 25, 'tokens', '99a72b89cccb485f30ba55b1cb74a00dea9e80306629ac373529c2edc3674be9', '["*"]', NULL, '2022-04-27 01:08:30', '2022-04-27 01:08:30'),
	(451, 'App\\Models\\User', 25, 'tokens', '031dbeca637e2a28466a3852c807da7e99381011a028e8fba024be772f65ee27', '["*"]', NULL, '2022-04-27 18:08:41', '2022-04-27 18:08:41'),
	(452, 'App\\Models\\User', 25, 'tokens', 'a3bbddfd7137ff6f537fe8987f49ceaed52878c0d4d614bf17af42ed7c235b0d', '["*"]', NULL, '2022-04-27 19:35:42', '2022-04-27 19:35:42'),
	(453, 'App\\Models\\User', 25, 'tokens', '593cded570b938997b986edbfffd52db61692a172728bdadd18e27d19ed0f1bb', '["*"]', NULL, '2022-04-27 20:57:15', '2022-04-27 20:57:15'),
	(454, 'App\\Models\\User', 25, 'tokens', '3132a560da26abe3148fb995b94603a8df4ef2e3193bd7617402358594255000', '["*"]', NULL, '2022-04-27 21:27:57', '2022-04-27 21:27:57'),
	(455, 'App\\Models\\User', 25, 'tokens', 'c218a08cc9b50d122d6abe51131d177fcd4565565385a78e0f69b650c7c48814', '["*"]', NULL, '2022-04-27 22:16:57', '2022-04-27 22:16:57'),
	(456, 'App\\Models\\User', 26, 'tokens', '21bda1ec048b890e82545f66f0dfabc24edb9a9a4e8d8643b253d79cd9a97e21', '["*"]', NULL, '2022-04-27 22:50:30', '2022-04-27 22:50:30'),
	(457, 'App\\Models\\User', 26, 'tokens', 'bdfe294b841a502822d7a6d2b35c6aff75be81e182e62f91f20b86e5292dffe0', '["*"]', NULL, '2022-04-27 22:50:33', '2022-04-27 22:50:33'),
	(458, 'App\\Models\\User', 26, 'tokens', '7bf2214c395df4e4f6e936aeb115c594c41ecc82a708d04c1c6a529d9318f39e', '["*"]', NULL, '2022-04-27 22:50:36', '2022-04-27 22:50:36');
/*!40000 ALTER TABLE `personal_access_tokens` ENABLE KEYS */;

-- Volcando estructura para tabla api_maquillaje.productos
CREATE TABLE IF NOT EXISTS `productos` (
  `id` bigint(20) unsigned NOT NULL AUTO_INCREMENT,
  `marca` varchar(30) COLLATE utf8mb4_unicode_ci NOT NULL,
  `modelo` varchar(43) COLLATE utf8mb4_unicode_ci NOT NULL,
  `stock` int(11) NOT NULL,
  `precio` double(7,2) NOT NULL,
  `linea` varchar(50) COLLATE utf8mb4_unicode_ci NOT NULL,
  `descripcion` varchar(200) COLLATE utf8mb4_unicode_ci NOT NULL,
  `estado` int(11) NOT NULL,
  `created_at` timestamp NULL DEFAULT NULL,
  `updated_at` timestamp NULL DEFAULT NULL,
  PRIMARY KEY (`id`)
) ENGINE=InnoDB AUTO_INCREMENT=101 DEFAULT CHARSET=utf8mb4 COLLATE=utf8mb4_unicode_ci;

-- Volcando datos para la tabla api_maquillaje.productos: ~0 rows (aproximadamente)
/*!40000 ALTER TABLE `productos` DISABLE KEYS */;
INSERT INTO `productos` (`id`, `marca`, `modelo`, `stock`, `precio`, `linea`, `descripcion`, `estado`, `created_at`, `updated_at`) VALUES
	(5, 'Lizz Professional', '0000001', 1, 155.00, 'Planchas', 'Plancha Ultra 500', 0, '2022-03-04 03:54:15', '2022-03-09 08:18:01'),
	(6, 'test', 'test', 9, 3000.00, 'blanca', 'test nada mas', 0, '2022-03-04 11:06:00', '2022-03-07 02:26:12'),
	(7, 'Adidas', '200', 302, 40.00, 'recta', 'desc', 1, '2022-03-11 20:41:48', '2022-05-01 17:21:31'),
	(8, 'Lizze Supreme', 'Lizze', 1, 195.00, 'Plancha', 'Plancha Lizze Supreme 485º Fahrenheit', 1, '2022-03-15 05:12:55', '2022-05-02 22:07:27'),
	(9, 'Plancha a vapor', 'Professional Styler', 8, 140.00, 'Plancha', 'Plancha a vapor 450°F', 1, '2022-03-15 08:04:43', '2022-04-30 13:13:10'),
	(10, 'Plancha a vapor', 'Professional Styler', 19, 140.00, 'Plancha', 'Plancha a vapor 450°F', 0, '2022-03-15 08:04:43', '2022-03-15 08:05:14'),
	(11, 'Lizze', 'Lizze', 2, 210.00, 'Photon Lizze', 'Photon Lizzie Extreme', 1, '2022-03-15 08:08:06', '2022-05-02 22:07:27'),
	(12, 'Lizze', 'Lizze', 6, 170.00, 'Photon Lizze', 'Photon Lizze', 1, '2022-03-15 08:09:23', '2022-03-28 20:47:13'),
	(13, 'Tasteful Life', 'Tasteful Life', 13, 80.00, 'Llaves', 'Kit de ducha (lava cabeza)', 1, '2022-03-15 08:14:26', '2022-04-30 13:06:37'),
	(14, 'Aozzy', 'Nano Technology', 2, 90.00, 'Cepillos', 'Cepillos térmicos color blanco', 0, '2022-03-15 08:17:25', '2022-04-07 20:27:35'),
	(15, 'Lily England', 'Lily England', 10, 95.00, 'Cepillos', 'Cepillos térmicos color rosado', 1, '2022-03-15 08:18:50', '2022-05-01 15:06:34'),
	(16, 'Salon Armor', 'Salon Armor', 6, 18.00, 'Brazalette', 'Brazalette Makeup/Nails', 1, '2022-03-15 08:24:25', '2022-04-09 00:49:07'),
	(17, 'Salon Armor', 'Salon Armor', 0, 30.00, 'Brazalette', 'Brazalette magnético', 1, '2022-03-15 08:25:31', '2022-04-06 22:04:53'),
	(18, 'ColorTrak', 'ColorTrak', 0, 35.00, 'Brochas y bowl', '3 pack de brochas y bowl', 1, '2022-03-15 08:26:45', '2022-04-27 00:27:00'),
	(19, 'Eyxformula', 'Eyxformula', 0, 20.00, 'Cepillos', 'Cepillos para keratina color rojo', 1, '2022-03-15 08:29:44', '2022-04-12 22:50:26'),
	(20, 'Eyxformula', 'Eyxformula', 12, 20.00, 'Cepillos', 'Cepillo para keratina color negro', 1, '2022-03-15 08:30:33', '2022-04-27 00:12:26'),
	(21, 'Eyxformula', 'Eyxformula', 15, 20.00, 'Cepillos', 'Cepillo para keratina color blanco', 1, '2022-03-15 08:31:05', '2022-04-25 21:38:01'),
	(22, 'Moontay', 'Moontay', 0, 80.00, 'Tijeras', 'Estuche de tijeras dobles 5.5mm color beige', 1, '2022-03-15 08:33:01', '2022-04-27 00:27:00'),
	(23, 'Kelishow', 'Kelishow', 2, 15.00, 'Brochas', 'Brochas para balayage color blanca', 1, '2022-03-15 08:34:36', '2022-04-27 20:18:57'),
	(24, 'Kelishow', 'Kelishow', 6, 15.00, 'Brochas', 'Brochas para balayage color negro', 1, '2022-03-15 08:35:23', '2022-04-05 18:43:37'),
	(25, 'Framar', 'Framar', 11, 33.00, 'Paletas', 'Estuche de paletas para balayage', 1, '2022-03-15 08:37:25', '2022-04-20 22:03:05'),
	(26, 'Beomeen Hair', 'Beomeen Hair', 21, 7.00, 'Peine', 'Peine para mechas color negro', 1, '2022-03-15 08:40:50', '2022-04-20 18:40:23'),
	(27, 'Dompel', 'Dompel', 19, 45.00, 'Gorros', 'Gorros de silicona color dorado', 1, '2022-03-15 08:42:27', '2022-04-20 20:14:39'),
	(28, 'FingerGlove', 'FingerGlove', 16, 25.00, 'Guantes', 'Guantes térmicos', 1, '2022-03-15 08:43:50', '2022-04-20 19:04:28'),
	(29, 'Colortrak', 'Colortrak', 9, 23.00, 'Brochas', 'Kit de tres brochas', 1, '2022-03-15 08:45:57', '2022-04-27 21:25:09'),
	(30, 'Hyoujin', 'Hyoujin', 4, 10.00, 'Peines', 'Peine de corte color negro', 1, '2022-03-15 08:47:22', '2022-04-12 02:11:26'),
	(31, 'DK professional', 'DK professional', 14, 4.00, 'Separadores', 'Separadores color amarillo', 1, '2022-03-15 08:49:20', '2022-04-25 21:38:01'),
	(32, 'DK professional', 'DK professional', 14, 4.00, 'Separadores', 'Separadores color azul', 1, '2022-03-15 08:50:22', '2022-04-25 21:38:01'),
	(33, 'DK professional', 'DK professional', 14, 4.00, 'Separadores', 'Separadores color rojo', 1, '2022-03-15 08:51:03', '2022-04-25 21:38:01'),
	(34, 'DK professional', 'DK professional', 14, 4.00, 'Separadores', 'Separadores color morado', 1, '2022-03-15 08:51:51', '2022-04-27 22:18:08'),
	(35, 'DK professional', 'DK professional', 14, 4.00, 'Separadores', 'Separadores color negro', 1, '2022-03-15 08:52:26', '2022-04-25 21:38:01'),
	(36, 'Ewing', 'Ewing', 7, 4.00, 'Peines', 'Peines de cola 2pack', 1, '2022-03-15 08:56:32', '2022-04-12 00:33:41'),
	(37, 'Perfect Beauty', 'Perfect Beauty', 17, 4.00, 'Brochas', 'Brocha individual color verde', 1, '2022-03-15 08:58:20', '2022-04-13 19:02:47'),
	(38, 'Perfect Beauty', 'Perfect Beauty', 18, 4.00, 'Brochas', 'Brocha individual color rosado', 1, '2022-03-15 08:59:35', '2022-03-15 08:59:35'),
	(39, 'Perfect Beauty', 'Perfect Beauty', 16, 4.00, 'Brochas', 'Brocha individual color azul', 1, '2022-03-15 09:00:26', '2022-04-12 00:33:41'),
	(40, 'Zaxop', 'Zaxop', 1, 20.00, 'Fundas', 'Funda térmica', 1, '2022-03-15 09:01:47', '2022-04-02 22:21:02'),
	(41, 'Puluomasi', 'Puluomasi', 2, 27.00, 'Peines', 'Estuche de peine variados color blanco', 1, '2022-03-15 09:03:37', '2022-04-11 20:25:57'),
	(42, 'Ewing', 'Ewing', 21, 15.00, 'Brazalette', 'Brazalette magnético color rosado', 1, '2022-03-15 09:06:26', '2022-04-02 22:21:02'),
	(43, 'Willbond', 'Willbond', 5, 41.00, 'Capas', 'Capas desechables color negro', 1, '2022-03-15 09:08:15', '2022-04-11 19:14:39'),
	(44, 'Kipozi', 'Kipozi', 0, 140.00, 'Secadoras', 'Secadora Kipozi 1875Wt', 1, '2022-03-15 09:10:03', '2022-04-11 19:34:03'),
	(45, 'Hyoujin', 'Hyoujin', 11, 45.00, 'Peines', 'Estuche de peines de corte', 1, '2022-03-15 09:11:06', '2022-04-21 04:52:10'),
	(46, 'Beaupretty', 'Beaupretty', 0, 4.00, 'Removedores', 'Removedor color rosado', 1, '2022-03-15 09:12:55', '2022-04-02 22:21:02'),
	(47, 'Beaupretty', 'Beaupretty', 0, 4.00, 'Removedores', 'Removedores color verde', 1, '2022-03-15 09:13:26', '2022-04-26 00:17:12'),
	(48, 'Beaupretty', 'Beaupretty', 0, 3.00, 'Removedores', 'Removedores color amarillo', 1, '2022-03-15 09:13:59', '2022-04-26 00:17:12'),
	(49, 'Salon Armor', 'Salon Armor', 1, 60.00, 'Canguros', 'Canguro de cuero para herramientas', 0, '2022-03-15 09:15:21', '2022-03-17 01:48:16'),
	(50, 'Moontay', 'Moontay', 0, 40.00, 'Tijeras', 'Tijera 5.5mm color azul con negro', 1, '2022-03-16 01:48:14', '2022-03-24 23:18:47'),
	(51, 'ColorTrack', 'ColorTrack', 4, 14.00, 'Bowl', 'Bowl Aurora 2pack', 1, '2022-03-20 00:20:44', '2022-04-21 23:13:17'),
	(52, 'ColorTrak', 'ColorTrak', 5, 22.00, 'Brochas', 'Brochas Aurora 2pack', 1, '2022-03-20 00:22:22', '2022-04-27 18:47:45'),
	(53, 'ColorTrak', 'ColorTrak', 11, 18.00, 'Brochas', 'Brochas Bambo 2pack', 1, '2022-03-20 00:24:01', '2022-03-21 23:00:33'),
	(54, 'ColorTrak', 'ColorTrak', 12, 15.00, 'Brochas', 'Brochas para balayage Bambo', 1, '2022-03-20 00:25:52', '2022-04-20 22:07:18'),
	(55, 'ColorTrak', 'ColorTrak', 6, 20.00, 'Paletas', 'Paleta para balayage con brocha', 1, '2022-03-20 00:27:55', '2022-04-06 21:53:45'),
	(56, 'ColorTrak', 'ColorTrak', 7, 14.00, 'Brochas', 'Brocha Glitter', 1, '2022-03-20 00:30:40', '2022-04-11 20:46:20'),
	(57, 'ColorTrak', 'ColorTrak', 3, 18.00, 'Brochas', 'Brocha Galaxy 2pack', 1, '2022-03-20 00:31:45', '2022-04-27 20:18:57'),
	(58, 'ColorTrak', 'ColorTrak', 3, 18.00, 'Bowl', 'Bowl Galaxy 2pack', 1, '2022-03-20 00:32:45', '2022-04-12 01:10:27'),
	(59, 'ColorTrak', 'ColorTrak', 9, 14.00, 'Brochas', 'Brocha Pride', 1, '2022-03-20 00:33:38', '2022-03-28 20:57:26'),
	(60, 'ColorTrak', 'ColorTrak', 11, 16.00, 'Brochas', 'Brocha Safari 2pack', 1, '2022-03-20 00:34:36', '2022-04-09 22:45:31'),
	(61, 'ColorTrak', 'ColorTrak', 0, 4.00, 'Removedores', 'Removedor Metalico', 1, '2022-03-20 00:36:05', '2022-03-29 01:09:36'),
	(62, 'ColorTrak', 'ColorTrak', 20, 3.00, 'Medidores', 'Medidores de peroxido', 1, '2022-03-20 00:37:42', '2022-04-23 18:06:04'),
	(63, 'ColorTrak', 'ColorTrak', 1, 9.00, 'Estractores', 'Estractor de tinte color rosado', 1, '2022-03-20 00:38:41', '2022-04-20 19:04:28'),
	(64, 'ColorTrak', 'ColorTrak', 0, 9.00, 'Estractores', 'Estractor de tinte color negro', 1, '2022-03-20 00:39:43', '2022-04-20 23:38:01'),
	(65, 'ColorTrak', 'ColorTrak', 1, 17.00, 'Papel de aluminios', 'Papel de aluminio Silver 500 Sheets', 0, '2022-03-20 00:41:41', '2022-04-06 20:03:38'),
	(66, 'ColorTrak', 'ColorTrak', 11, 24.00, 'Papel de aluminios', 'Papel de aluminio Silver/Purple 400 Sheets', 1, '2022-03-20 00:44:05', '2022-04-27 22:18:08'),
	(67, 'ColorTrak', 'ColorTrak', 0, 40.00, 'Delantales', 'Delantal plastico color rosado', 1, '2022-03-20 00:45:02', '2022-04-20 20:40:05'),
	(68, 'ColorTrak', 'ColorTrak', 2, 40.00, 'Delantales', 'Delantal plastico color negro', 1, '2022-03-20 00:45:36', '2022-04-27 00:27:00'),
	(69, 'ColorTrak', 'ColorTrak', 43, 4.00, 'Papeles de aluminio', 'Papel de aluminio 45 Sheets', 1, '2022-03-20 00:47:14', '2022-04-25 19:32:17'),
	(70, 'ColorTrak', 'ColorTrak', 0, 22.00, 'Guantes', 'Guantes talla M 100 pack', 1, '2022-03-20 00:52:52', '2022-04-05 21:51:51'),
	(71, 'ColorTrak', 'ColorTrak', 0, 22.00, 'Guantes', 'Guante talla L 100 pack', 1, '2022-03-20 00:53:35', '2022-04-20 18:40:23'),
	(72, 'Professional Scissor', 'Professional Scissor', 0, 40.00, 'Tijeras', 'Tijera individual color beige', 1, '2022-03-28 20:54:20', '2022-04-20 05:20:28'),
	(73, 'Dompel', 'Dompel', 3, 11.00, 'Cepillos', 'Cepillo flexible color negro', 1, '2022-03-31 07:15:07', '2022-04-19 19:54:55'),
	(74, 'Dompel', 'Dompel', 7, 11.00, 'Cepillos', 'Cepillo flexible color rosado', 1, '2022-03-31 07:16:02', '2022-04-06 21:56:51'),
	(75, 'Dompel', 'Dompel', 7, 11.00, 'Cepillos', 'Cepillo flexible color lila', 1, '2022-03-31 07:16:40', '2022-04-20 00:51:52'),
	(76, 'Dompel', 'Dompel', 8, 11.00, 'Cepillos', 'Cepillo flexible color turquesa', 1, '2022-03-31 07:17:46', '2022-03-31 07:17:46'),
	(77, 'Mac’s professional', 'Mac’s professional', 10, 40.00, 'Tijeras', 'Tijera 5.5mm color azul', 1, '2022-03-31 07:24:37', '2022-04-27 21:25:09'),
	(78, 'Wavytalk', 'Wavytalk', 2, 98.00, 'Plancha', 'Plancha Onduladora', 1, '2022-03-31 07:28:01', '2022-04-27 00:27:00'),
	(79, 'Diane', 'Diane', 1, 6.00, 'Peines', 'Peines para planchar color rosado', 1, '2022-03-31 07:36:26', '2022-04-13 20:54:43'),
	(80, 'Diane', 'Diane', 6, 6.00, 'Peines', 'Peine para planchar color azul', 1, '2022-03-31 07:37:02', '2022-04-12 02:36:43'),
	(81, 'Diane', 'Diane', 0, 19.50, 'Cepillos', 'Cepillo ceramico alisador', 1, '2022-04-01 22:17:07', '2022-04-21 21:48:41'),
	(82, 'Lizz Professional', 'Lizz Professional', 12, 210.00, 'Planchas', 'Plancha Lizz Ultra 500°F', 1, '2022-04-01 22:18:37', '2022-04-27 21:25:09'),
	(83, 'Health Family', 'Guante Mix Nitrilo negro', 14, 21.00, 'Guantes', 'Guantes talla M 100 Pack', 1, '2022-04-07 04:24:01', '2022-04-21 19:50:34'),
	(84, 'Lizze', 'Secadora lizze full color', 10, 150.00, 'Secadora', 'Secadora lizze full color 2200wat', 1, '2022-04-09 02:48:22', '2022-04-09 02:48:22'),
	(85, 'Lizze extreme', 'Lizze', 25, 155.00, 'Plancha', 'Plancha lizze Extreme 480ºF', 1, '2022-04-09 02:52:20', '2022-04-26 18:31:38'),
	(86, 'Lizze Extreme', 'Lizze', 3, 160.00, 'Secadora', 'Secadora lizze Extreme 2400wat', 1, '2022-04-09 02:53:51', '2022-04-26 18:33:17'),
	(87, 'Lizze', 'Lizze extreme', 15, 120.00, 'Encolochadora', 'Encolochadora lizze Extreme', 1, '2022-04-09 02:57:28', '2022-04-09 02:57:28'),
	(88, 'Lizze', 'Lizze Extreme', 6, 95.00, 'Plancha', 'Mini plancha lizze Extreme', 1, '2022-04-09 02:58:57', '2022-04-09 02:58:57'),
	(89, 'ElectroBell Pro', 'ElectroBell Pro', 3, 87.00, 'Lamparas', 'Lampara UV Nail', 1, '2022-04-10 00:17:09', '2022-04-26 20:42:42'),
	(90, 'ElectroBell Pro', 'ElectroBell Pro', 5, 160.00, 'Planchas', 'Plancha con extracto de aceite de oliva', 1, '2022-04-10 00:19:53', '2022-04-12 02:35:20'),
	(91, 'ElectroBell Pro', 'ElectroBell Pro', 6, 125.00, 'Onduladoras', 'Tubo rizador inflarojo', 1, '2022-04-10 00:24:07', '2022-04-10 00:25:16'),
	(92, 'ElectroBell Pro', 'ElectroBell Pro', 2, 170.00, 'Secadoras', 'Secadora Antishock 4000W. Color azul', 1, '2022-04-10 00:29:03', '2022-04-11 19:33:37'),
	(93, 'ElectroBell Pro', 'ElectroBell Pro', 2, 170.00, 'Secadoras', 'Secadora Antishock 4000W. Color verde', 1, '2022-04-10 00:29:43', '2022-04-10 00:29:43'),
	(94, 'ElectroBell Pro', 'ElectroBell Pro', 1, 170.00, 'Secadoras', 'Scadora Antishock 4000W. Color negro', 1, '2022-04-10 00:30:22', '2022-04-10 00:30:22'),
	(95, 'ElectroBell Pro', 'ElectroBell Pro', 1, 200.00, 'Secadoras', 'Secadora Rose Gold 4000W', 1, '2022-04-10 00:33:43', '2022-04-26 21:52:21'),
	(96, 'ElectroBell Pro', 'ElectroBell Pro', 0, 200.00, 'Secadoras', 'Secadora Infinity Negra 4000W', 1, '2022-04-10 00:35:00', '2022-04-23 22:50:55'),
	(97, 'ColorTrack', 'ColorTrack', 0, 17.00, 'Papel Aluminios', 'Papel de aluminio Silver 500sheets', 1, '2022-04-11 20:29:48', '2022-04-11 20:32:59'),
	(98, 'Auzzy', 'Auzzy', 9, 90.00, 'Cepillos', 'Cepillos termicos color blanco', 1, '2022-04-12 02:37:52', '2022-04-25 19:32:08'),
	(99, 'Moontay', 'Moontay', 4, 40.00, 'Tijeras', 'Tijera 5.5 color plateada', 1, '2022-04-19 17:32:24', '2022-04-25 19:32:08'),
	(100, 'C bella Academia', 'C bella Academia', 6, 15.00, 'Gabachas', 'Gabacha de cuerina Cbella', 1, '2022-04-20 22:06:15', '2022-04-20 22:07:18');
/*!40000 ALTER TABLE `productos` ENABLE KEYS */;

-- Volcando estructura para tabla api_maquillaje.recibos
CREATE TABLE IF NOT EXISTS `recibos` (
  `id` bigint(20) unsigned NOT NULL AUTO_INCREMENT,
  `min` int(10) unsigned NOT NULL,
  `max` bigint(20) unsigned NOT NULL,
  `user_id` bigint(20) unsigned NOT NULL,
  `recibo_cerrado` int(11) NOT NULL DEFAULT '0',
  `estado` int(11) NOT NULL,
  `created_at` timestamp NULL DEFAULT NULL,
  `updated_at` timestamp NULL DEFAULT NULL,
  PRIMARY KEY (`id`),
  KEY `recibos_user_id_foreign` (`user_id`),
  CONSTRAINT `recibos_user_id_foreign` FOREIGN KEY (`user_id`) REFERENCES `users` (`id`)
) ENGINE=InnoDB AUTO_INCREMENT=6 DEFAULT CHARSET=utf8mb4 COLLATE=utf8mb4_unicode_ci;

-- Volcando datos para la tabla api_maquillaje.recibos: ~0 rows (aproximadamente)
/*!40000 ALTER TABLE `recibos` DISABLE KEYS */;
INSERT INTO `recibos` (`id`, `min`, `max`, `user_id`, `recibo_cerrado`, `estado`, `created_at`, `updated_at`) VALUES
	(1, 1051, 1100, 28, 0, 1, '2022-04-07 22:41:54', '2022-04-07 22:41:54'),
	(2, 1, 1, 24, 0, 1, '2022-04-11 19:00:30', '2022-04-11 19:04:20'),
	(3, 1151, 1200, 25, 0, 1, '2022-04-11 19:05:09', '2022-04-11 23:28:00'),
	(4, 1301, 1350, 26, 0, 1, '2022-04-11 23:39:28', '2022-04-26 23:59:14'),
	(5, 1251, 1300, 27, 0, 1, '2022-04-12 19:44:43', '2022-04-26 21:49:48');
/*!40000 ALTER TABLE `recibos` ENABLE KEYS */;

-- Volcando estructura para tabla api_maquillaje.recibo_historials
CREATE TABLE IF NOT EXISTS `recibo_historials` (
  `id` bigint(20) unsigned NOT NULL AUTO_INCREMENT,
  `numero` bigint(20) unsigned NOT NULL,
  `recibo_id` bigint(20) unsigned NOT NULL,
  `factura_historial_id` bigint(20) unsigned NOT NULL,
  `rango` varchar(200) COLLATE utf8mb4_unicode_ci NOT NULL,
  `estado` int(11) NOT NULL,
  `created_at` timestamp NULL DEFAULT NULL,
  `updated_at` timestamp NULL DEFAULT NULL,
  PRIMARY KEY (`id`),
  KEY `recibo_historials_recibo_id_foreign` (`recibo_id`),
  KEY `recibo_historials_factura_historial_id_foreign` (`factura_historial_id`),
  CONSTRAINT `recibo_historials_factura_historial_id_foreign` FOREIGN KEY (`factura_historial_id`) REFERENCES `factura_historials` (`id`),
  CONSTRAINT `recibo_historials_recibo_id_foreign` FOREIGN KEY (`recibo_id`) REFERENCES `recibos` (`id`)
) ENGINE=InnoDB AUTO_INCREMENT=193 DEFAULT CHARSET=utf8mb4 COLLATE=utf8mb4_unicode_ci;

-- Volcando datos para la tabla api_maquillaje.recibo_historials: ~0 rows (aproximadamente)
/*!40000 ALTER TABLE `recibo_historials` DISABLE KEYS */;
INSERT INTO `recibo_historials` (`id`, `numero`, `recibo_id`, `factura_historial_id`, `rango`, `estado`, `created_at`, `updated_at`) VALUES
	(1, 1051, 1, 1, '1051-1100', 1, '2022-04-09 01:51:32', '2022-04-09 01:51:32'),
	(2, 925, 3, 2, '925-950', 1, '2022-04-11 19:08:43', '2022-04-11 19:08:43'),
	(3, 926, 3, 3, '925-950', 1, '2022-04-11 19:26:39', '2022-04-11 19:26:39'),
	(4, 927, 3, 4, '925-950', 1, '2022-04-11 19:28:22', '2022-04-11 19:28:22'),
	(5, 928, 3, 5, '925-950', 1, '2022-04-11 19:38:34', '2022-04-11 19:38:34'),
	(6, 929, 3, 6, '925-950', 1, '2022-04-11 19:44:31', '2022-04-11 19:44:31'),
	(7, 930, 3, 7, '925-950', 1, '2022-04-11 19:47:00', '2022-04-11 19:47:00'),
	(8, 931, 3, 8, '925-950', 1, '2022-04-11 20:02:16', '2022-04-11 20:02:16'),
	(9, 932, 3, 9, '925-950', 1, '2022-04-11 20:04:50', '2022-04-11 20:04:50'),
	(10, 933, 3, 10, '925-950', 1, '2022-04-11 20:09:49', '2022-04-11 20:09:49'),
	(11, 934, 3, 11, '925-950', 1, '2022-04-11 20:19:18', '2022-04-11 20:19:18'),
	(12, 935, 3, 12, '925-950', 1, '2022-04-11 20:20:59', '2022-04-11 20:20:59'),
	(13, 936, 3, 13, '925-950', 1, '2022-04-11 20:42:20', '2022-04-11 20:42:20'),
	(14, 937, 3, 14, '925-950', 1, '2022-04-11 20:45:06', '2022-04-11 20:45:06'),
	(15, 938, 3, 15, '925-950', 1, '2022-04-11 21:48:40', '2022-04-11 21:48:40'),
	(16, 939, 3, 16, '925-950', 1, '2022-04-11 21:52:34', '2022-04-11 21:52:34'),
	(17, 940, 3, 17, '925-950', 1, '2022-04-11 21:58:27', '2022-04-11 21:58:27'),
	(18, 941, 3, 18, '925-950', 1, '2022-04-11 22:05:33', '2022-04-11 22:05:33'),
	(19, 942, 3, 19, '925-950', 1, '2022-04-11 22:06:51', '2022-04-11 22:06:51'),
	(20, 943, 3, 20, '925-950', 1, '2022-04-11 22:08:28', '2022-04-11 22:08:28'),
	(21, 944, 3, 21, '925-950', 1, '2022-04-11 22:10:22', '2022-04-11 22:10:22'),
	(22, 945, 3, 22, '925-950', 1, '2022-04-11 22:28:37', '2022-04-11 22:28:37'),
	(23, 946, 3, 23, '925-950', 1, '2022-04-11 22:31:39', '2022-04-11 22:31:39'),
	(24, 947, 3, 24, '925-950', 1, '2022-04-11 22:44:00', '2022-04-11 22:44:00'),
	(25, 948, 3, 25, '925-950', 1, '2022-04-11 22:46:40', '2022-04-11 22:46:40'),
	(26, 949, 3, 26, '925-950', 1, '2022-04-11 22:47:56', '2022-04-11 22:47:56'),
	(27, 950, 3, 27, '925-950', 1, '2022-04-11 23:25:29', '2022-04-11 23:25:29'),
	(28, 1151, 3, 28, '1151-1200', 1, '2022-04-11 23:33:13', '2022-04-11 23:33:13'),
	(29, 1152, 3, 29, '1151-1200', 1, '2022-04-11 23:34:16', '2022-04-11 23:34:16'),
	(30, 1153, 3, 30, '1151-1200', 1, '2022-04-11 23:35:45', '2022-04-11 23:35:45'),
	(31, 1036, 4, 31, '1036-1050', 1, '2022-04-12 00:26:23', '2022-04-12 00:26:23'),
	(32, 1154, 3, 32, '1151-1200', 1, '2022-04-12 00:26:50', '2022-04-12 00:26:50'),
	(33, 1037, 4, 33, '1036-1050', 1, '2022-04-12 01:01:44', '2022-04-12 01:01:44'),
	(34, 1155, 3, 34, '1151-1200', 1, '2022-04-12 02:39:21', '2022-04-12 02:39:21'),
	(35, 1156, 3, 35, '1151-1200', 1, '2022-04-12 02:41:07', '2022-04-12 02:41:07'),
	(36, 1157, 3, 36, '1151-1200', 1, '2022-04-12 02:42:13', '2022-04-12 02:42:13'),
	(37, 1158, 3, 37, '1151-1200', 1, '2022-04-12 02:43:11', '2022-04-12 02:43:11'),
	(38, 1159, 3, 38, '1151-1200', 1, '2022-04-12 02:44:27', '2022-04-12 02:44:27'),
	(39, 1160, 3, 39, '1151-1200', 1, '2022-04-12 02:46:17', '2022-04-12 02:46:17'),
	(40, 1161, 3, 40, '1151-1200', 1, '2022-04-12 02:47:31', '2022-04-12 02:47:31'),
	(41, 1162, 3, 41, '1151-1200', 1, '2022-04-12 18:03:18', '2022-04-12 18:03:18'),
	(42, 1163, 3, 42, '1151-1200', 1, '2022-04-12 18:06:20', '2022-04-12 18:06:20'),
	(43, 1164, 3, 43, '1151-1200', 1, '2022-04-12 18:19:00', '2022-04-12 18:19:00'),
	(44, 1165, 3, 44, '1151-1200', 1, '2022-04-12 18:21:09', '2022-04-12 18:21:09'),
	(45, 1166, 3, 45, '1151-1200', 1, '2022-04-12 18:23:12', '2022-04-12 18:23:12'),
	(46, 1167, 3, 46, '1151-1200', 1, '2022-04-12 18:31:08', '2022-04-12 18:31:08'),
	(47, 1168, 3, 47, '1151-1200', 1, '2022-04-12 18:46:18', '2022-04-12 18:46:18'),
	(48, 1169, 3, 48, '1151-1200', 1, '2022-04-12 18:49:37', '2022-04-12 18:49:37'),
	(49, 1170, 3, 49, '1151-1200', 1, '2022-04-12 19:03:54', '2022-04-12 19:03:54'),
	(50, 1171, 3, 50, '1151-1200', 1, '2022-04-12 19:11:44', '2022-04-12 19:11:44'),
	(51, 1172, 3, 51, '1151-1200', 1, '2022-04-12 19:16:13', '2022-04-12 19:16:13'),
	(52, 1173, 3, 52, '1151-1200', 1, '2022-04-12 19:19:36', '2022-04-12 19:19:36'),
	(53, 1174, 3, 53, '1151-1200', 1, '2022-04-12 19:38:52', '2022-04-12 19:38:52'),
	(54, 1038, 4, 54, '1036-1050', 1, '2022-04-12 21:06:36', '2022-04-12 21:06:36'),
	(55, 1039, 4, 55, '1036-1050', 1, '2022-04-12 21:14:29', '2022-04-12 21:14:29'),
	(56, 1109, 5, 56, '1109-1150', 1, '2022-04-12 21:39:12', '2022-04-12 21:39:12'),
	(57, 1040, 4, 57, '1036-1050', 1, '2022-04-12 21:51:19', '2022-04-12 21:51:19'),
	(58, 1041, 4, 58, '1036-1050', 1, '2022-04-12 21:59:51', '2022-04-12 21:59:51'),
	(59, 1042, 4, 59, '1036-1050', 1, '2022-04-12 22:05:55', '2022-04-12 22:05:55'),
	(60, 1110, 5, 60, '1109-1150', 1, '2022-04-12 22:53:55', '2022-04-12 22:53:55'),
	(61, 1111, 5, 61, '1109-1150', 1, '2022-04-13 00:35:00', '2022-04-13 00:35:00'),
	(62, 1112, 5, 62, '1109-1150', 1, '2022-04-13 00:42:13', '2022-04-13 00:42:13'),
	(63, 1043, 4, 63, '1036-1050', 1, '2022-04-13 01:10:38', '2022-04-13 01:10:38'),
	(64, 1044, 4, 64, '1036-1050', 1, '2022-04-13 18:43:13', '2022-04-13 18:43:13'),
	(65, 1175, 3, 65, '1151-1200', 1, '2022-04-13 19:04:13', '2022-04-13 19:04:13'),
	(66, 1176, 3, 66, '1151-1200', 1, '2022-04-13 19:19:37', '2022-04-13 19:19:37'),
	(67, 1177, 3, 67, '1151-1200', 1, '2022-04-13 19:22:28', '2022-04-13 19:22:28'),
	(68, 1045, 4, 68, '1036-1050', 1, '2022-04-13 19:42:40', '2022-04-13 19:42:40'),
	(69, 1113, 5, 69, '1109-1150', 1, '2022-04-13 19:55:29', '2022-04-13 19:55:29'),
	(70, 1113, 5, 70, '1109-1150', 1, '2022-04-13 19:55:29', '2022-04-13 19:55:29'),
	(71, 1046, 4, 71, '1036-1050', 1, '2022-04-13 20:21:25', '2022-04-13 20:21:25'),
	(72, 1114, 5, 72, '1109-1150', 1, '2022-04-13 20:25:17', '2022-04-13 20:25:17'),
	(73, 1115, 5, 73, '1109-1150', 1, '2022-04-13 20:33:43', '2022-04-13 20:33:43'),
	(74, 1047, 4, 74, '1036-1050', 1, '2022-04-13 20:56:20', '2022-04-13 20:56:20'),
	(75, 1048, 4, 75, '1036-1050', 1, '2022-04-13 21:15:06', '2022-04-13 21:15:06'),
	(76, 1049, 4, 76, '1036-1050', 1, '2022-04-13 21:30:56', '2022-04-13 21:30:56'),
	(77, 1050, 4, 77, '1036-1050', 1, '2022-04-13 21:42:44', '2022-04-13 21:42:44'),
	(78, 1201, 4, 78, '1201-1250', 1, '2022-04-13 21:54:24', '2022-04-13 21:54:24'),
	(79, 1202, 4, 79, '1201-1250', 1, '2022-04-13 21:57:21', '2022-04-13 21:57:21'),
	(80, 1116, 5, 80, '1109-1150', 1, '2022-04-14 00:08:40', '2022-04-14 00:08:40'),
	(81, 1117, 5, 81, '1109-1150', 1, '2022-04-14 00:29:11', '2022-04-14 00:29:11'),
	(82, 1118, 5, 82, '1109-1150', 1, '2022-04-14 00:45:45', '2022-04-14 00:45:45'),
	(83, 1119, 5, 83, '1109-1150', 1, '2022-04-14 01:15:36', '2022-04-14 01:15:36'),
	(84, 1120, 5, 84, '1109-1150', 1, '2022-04-14 03:25:26', '2022-04-14 03:25:26'),
	(85, 1203, 4, 85, '1201-1250', 1, '2022-04-18 20:05:21', '2022-04-18 20:05:21'),
	(86, 1204, 4, 86, '1201-1250', 1, '2022-04-18 21:00:13', '2022-04-18 21:00:13'),
	(87, 1122, 5, 87, '1122-1150', 1, '2022-04-19 01:26:47', '2022-04-19 01:26:47'),
	(88, 1123, 5, 88, '1122-1150', 1, '2022-04-19 01:27:12', '2022-04-19 01:27:12'),
	(89, 1124, 5, 89, '1122-1150', 1, '2022-04-19 01:27:31', '2022-04-19 01:27:31'),
	(90, 1178, 3, 90, '1151-1200', 1, '2022-04-19 18:32:14', '2022-04-19 18:32:14'),
	(91, 1179, 3, 91, '1151-1200', 1, '2022-04-19 18:34:12', '2022-04-19 18:34:12'),
	(92, 1180, 3, 92, '1151-1200', 1, '2022-04-19 18:44:40', '2022-04-19 18:44:40'),
	(93, 1181, 3, 93, '1151-1200', 1, '2022-04-19 18:47:13', '2022-04-19 18:47:13'),
	(94, 1182, 3, 94, '1151-1200', 1, '2022-04-19 18:49:21', '2022-04-19 18:49:21'),
	(95, 1183, 3, 95, '1151-1200', 1, '2022-04-19 19:05:26', '2022-04-19 19:05:26'),
	(96, 1205, 4, 96, '1201-1250', 1, '2022-04-19 19:17:39', '2022-04-19 19:17:39'),
	(97, 1206, 4, 97, '1201-1250', 1, '2022-04-19 20:30:02', '2022-04-19 20:30:02'),
	(98, 1184, 3, 98, '1151-1200', 1, '2022-04-19 20:30:12', '2022-04-19 20:30:12'),
	(99, 1207, 4, 99, '1201-1250', 1, '2022-04-19 20:58:34', '2022-04-19 20:58:34'),
	(100, 1125, 5, 100, '1122-1150', 1, '2022-04-19 21:35:39', '2022-04-19 21:35:39'),
	(101, 1126, 5, 101, '1122-1150', 1, '2022-04-19 21:48:44', '2022-04-19 21:48:44'),
	(102, 1208, 4, 102, '1201-1250', 1, '2022-04-19 22:04:09', '2022-04-19 22:04:09'),
	(103, 1209, 4, 103, '1201-1250', 1, '2022-04-19 22:14:33', '2022-04-19 22:14:33'),
	(104, 1052, 1, 104, '1051-1100', 1, '2022-04-19 23:06:17', '2022-04-19 23:06:17'),
	(105, 1127, 5, 105, '1122-1150', 1, '2022-04-19 23:43:01', '2022-04-19 23:43:01'),
	(106, 1128, 5, 106, '1122-1150', 1, '2022-04-19 23:44:02', '2022-04-19 23:44:02'),
	(107, 1210, 4, 107, '1201-1250', 1, '2022-04-19 23:52:17', '2022-04-19 23:52:17'),
	(108, 1185, 3, 108, '1151-1200', 1, '2022-04-20 18:36:39', '2022-04-20 18:36:39'),
	(109, 1186, 3, 109, '1151-1200', 1, '2022-04-20 18:44:09', '2022-04-20 18:44:09'),
	(110, 1187, 3, 110, '1151-1200', 1, '2022-04-20 20:19:43', '2022-04-20 20:19:43'),
	(111, 1211, 4, 111, '1201-1250', 1, '2022-04-20 21:29:14', '2022-04-20 21:29:14'),
	(112, 1212, 4, 112, '1201-1250', 1, '2022-04-20 21:47:39', '2022-04-20 21:47:39'),
	(113, 1213, 4, 113, '1201-1250', 1, '2022-04-20 22:22:19', '2022-04-20 22:22:19'),
	(114, 1214, 4, 114, '1201-1250', 1, '2022-04-20 22:57:34', '2022-04-20 22:57:34'),
	(115, 1129, 5, 115, '1122-1150', 1, '2022-04-21 20:18:49', '2022-04-21 20:18:49'),
	(116, 1130, 5, 116, '1122-1150', 1, '2022-04-21 20:19:21', '2022-04-21 20:19:21'),
	(117, 1131, 5, 117, '1122-1150', 1, '2022-04-21 20:19:38', '2022-04-21 20:19:38'),
	(118, 1132, 5, 118, '1122-1150', 1, '2022-04-21 20:20:06', '2022-04-21 20:20:06'),
	(119, 1215, 4, 119, '1201-1250', 1, '2022-04-21 20:21:34', '2022-04-21 20:21:34'),
	(120, 1216, 4, 120, '1201-1250', 1, '2022-04-21 20:41:08', '2022-04-21 20:41:08'),
	(121, 1217, 4, 121, '1201-1250', 1, '2022-04-21 21:08:53', '2022-04-21 21:08:53'),
	(122, 1218, 4, 122, '1201-1250', 1, '2022-04-21 21:15:30', '2022-04-21 21:15:30'),
	(123, 1219, 4, 123, '1201-1250', 1, '2022-04-21 21:23:56', '2022-04-21 21:23:56'),
	(124, 1133, 5, 124, '1122-1150', 1, '2022-04-21 21:36:02', '2022-04-21 21:36:02'),
	(125, 1134, 5, 125, '1122-1150', 1, '2022-04-21 21:51:41', '2022-04-21 21:51:41'),
	(126, 1135, 5, 126, '1135-1150', 1, '2022-04-21 22:00:33', '2022-04-21 22:00:33'),
	(127, 1220, 4, 127, '1201-1250', 1, '2022-04-21 22:04:55', '2022-04-21 22:04:55'),
	(128, 1221, 4, 128, '1201-1250', 1, '2022-04-21 22:25:25', '2022-04-21 22:25:25'),
	(129, 1053, 1, 129, '1051-1100', 1, '2022-04-22 00:02:52', '2022-04-22 00:02:52'),
	(130, 1136, 5, 130, '1135-1150', 1, '2022-04-22 00:19:04', '2022-04-22 00:19:04'),
	(131, 1188, 3, 131, '1151-1200', 1, '2022-04-22 19:08:44', '2022-04-22 19:08:44'),
	(132, 1054, 1, 132, '1051-1100', 1, '2022-04-22 20:22:21', '2022-04-22 20:22:21'),
	(133, 1055, 1, 133, '1051-1100', 1, '2022-04-22 20:53:34', '2022-04-22 20:53:34'),
	(134, 1222, 4, 134, '1201-1250', 1, '2022-04-22 21:14:42', '2022-04-22 21:14:42'),
	(135, 1223, 4, 135, '1201-1250', 1, '2022-04-22 21:36:04', '2022-04-22 21:36:04'),
	(136, 1224, 4, 136, '1201-1250', 1, '2022-04-22 22:06:46', '2022-04-22 22:06:46'),
	(137, 1225, 4, 137, '1201-1250', 1, '2022-04-22 22:16:36', '2022-04-22 22:16:36'),
	(138, 1226, 4, 138, '1201-1250', 1, '2022-04-22 22:32:31', '2022-04-22 22:32:31'),
	(139, 1227, 4, 139, '1201-1250', 1, '2022-04-22 22:43:57', '2022-04-22 22:43:57'),
	(140, 1137, 5, 140, '1135-1150', 1, '2022-04-22 22:57:14', '2022-04-22 22:57:14'),
	(141, 1138, 5, 141, '1135-1150', 1, '2022-04-22 23:04:41', '2022-04-22 23:04:41'),
	(142, 1228, 4, 142, '1201-1250', 1, '2022-04-22 23:05:55', '2022-04-22 23:05:55'),
	(143, 1229, 4, 143, '1201-1250', 1, '2022-04-22 23:13:12', '2022-04-22 23:13:12'),
	(144, 1230, 4, 144, '1201-1250', 1, '2022-04-22 23:28:15', '2022-04-22 23:28:15'),
	(145, 1231, 4, 145, '1201-1250', 1, '2022-04-23 19:28:12', '2022-04-23 19:28:12'),
	(146, 1189, 3, 146, '1151-1200', 1, '2022-04-23 19:32:39', '2022-04-23 19:32:39'),
	(147, 1232, 4, 147, '1201-1250', 1, '2022-04-23 20:21:48', '2022-04-23 20:21:48'),
	(148, 1233, 4, 148, '1201-1250', 1, '2022-04-23 21:13:25', '2022-04-23 21:13:25'),
	(149, 1234, 4, 149, '1201-1250', 1, '2022-04-23 21:18:50', '2022-04-23 21:18:50'),
	(150, 1235, 4, 150, '1201-1250', 1, '2022-04-23 21:50:40', '2022-04-23 21:50:40'),
	(151, 1236, 4, 151, '1201-1250', 1, '2022-04-23 22:10:47', '2022-04-23 22:10:47'),
	(152, 1237, 4, 152, '1201-1250', 1, '2022-04-23 22:26:27', '2022-04-23 22:26:27'),
	(153, 1190, 3, 153, '1151-1200', 1, '2022-04-23 22:40:38', '2022-04-23 22:40:38'),
	(154, 1191, 3, 154, '1151-1200', 1, '2022-04-23 22:51:38', '2022-04-23 22:51:38'),
	(155, 1238, 4, 155, '1201-1250', 1, '2022-04-23 23:28:26', '2022-04-23 23:28:26'),
	(156, 1239, 4, 156, '1201-1250', 1, '2022-04-23 23:41:32', '2022-04-23 23:41:32'),
	(157, 1240, 4, 157, '1201-1250', 1, '2022-04-23 23:56:18', '2022-04-23 23:56:18'),
	(158, 1192, 3, 158, '1151-1200', 1, '2022-04-25 18:43:38', '2022-04-25 18:43:38'),
	(159, 1241, 4, 159, '1201-1250', 1, '2022-04-25 18:59:00', '2022-04-25 18:59:00'),
	(160, 1193, 3, 160, '1151-1200', 1, '2022-04-25 19:02:55', '2022-04-25 19:02:55'),
	(161, 1056, 1, 161, '1051-1100', 1, '2022-04-26 01:33:48', '2022-04-26 01:33:48'),
	(162, 1194, 3, 162, '1151-1200', 1, '2022-04-26 20:24:28', '2022-04-26 20:24:28'),
	(163, 1139, 5, 163, '1135-1150', 1, '2022-04-26 20:50:12', '2022-04-26 20:50:12'),
	(164, 1140, 5, 164, '1135-1150', 1, '2022-04-26 20:50:59', '2022-04-26 20:50:59'),
	(165, 1141, 5, 165, '1135-1150', 1, '2022-04-26 20:51:19', '2022-04-26 20:51:19'),
	(166, 1142, 5, 166, '1135-1150', 1, '2022-04-26 20:51:45', '2022-04-26 20:51:45'),
	(167, 1143, 5, 167, '1135-1150', 1, '2022-04-26 20:52:16', '2022-04-26 20:52:16'),
	(168, 1144, 5, 168, '1135-1150', 1, '2022-04-26 20:52:49', '2022-04-26 20:52:49'),
	(169, 1145, 5, 169, '1135-1150', 1, '2022-04-26 20:53:23', '2022-04-26 20:53:23'),
	(170, 1146, 5, 170, '1135-1150', 1, '2022-04-26 20:53:59', '2022-04-26 20:53:59'),
	(171, 1147, 5, 171, '1135-1150', 1, '2022-04-26 20:54:24', '2022-04-26 20:54:24'),
	(172, 1148, 5, 172, '1135-1150', 1, '2022-04-26 20:55:21', '2022-04-26 20:55:21'),
	(173, 1149, 5, 173, '1135-1150', 1, '2022-04-26 20:55:58', '2022-04-26 20:55:58'),
	(174, 1243, 4, 174, '1243-1250', 1, '2022-04-26 20:57:38', '2022-04-26 20:57:38'),
	(175, 1243, 4, 175, '1243-1250', 1, '2022-04-26 20:57:38', '2022-04-26 20:57:38'),
	(176, 1244, 4, 176, '1243-1250', 1, '2022-04-26 21:44:12', '2022-04-26 21:44:12'),
	(177, 1150, 5, 177, '1135-1150', 1, '2022-04-26 21:46:24', '2022-04-26 21:46:24'),
	(178, 1245, 4, 178, '1243-1250', 1, '2022-04-26 21:55:02', '2022-04-26 21:55:02'),
	(179, 1246, 4, 179, '1243-1250', 1, '2022-04-26 22:08:25', '2022-04-26 22:08:25'),
	(180, 1247, 4, 180, '1243-1250', 1, '2022-04-26 22:17:51', '2022-04-26 22:17:51'),
	(181, 1248, 4, 181, '1243-1250', 1, '2022-04-26 22:28:04', '2022-04-26 22:28:04'),
	(182, 1251, 5, 182, '1251-1300', 1, '2022-04-26 22:49:04', '2022-04-26 22:49:04'),
	(183, 1249, 4, 183, '1243-1250', 1, '2022-04-26 22:58:17', '2022-04-26 22:58:17'),
	(184, 1250, 4, 184, '1243-1250', 1, '2022-04-26 23:12:44', '2022-04-26 23:12:44'),
	(185, 1250, 4, 185, '1243-1250', 1, '2022-04-26 23:12:44', '2022-04-26 23:12:44'),
	(186, 1301, 4, 186, '1301-1350', 1, '2022-04-27 00:00:28', '2022-04-27 00:00:28'),
	(187, 1057, 1, 187, '1051-1100', 1, '2022-04-27 01:07:48', '2022-04-27 01:07:48'),
	(188, 1058, 1, 188, '1051-1100', 1, '2022-04-27 21:40:57', '2022-04-27 21:40:57'),
	(189, 1252, 5, 189, '1251-1300', 1, '2022-04-27 22:04:58', '2022-04-27 22:04:58'),
	(190, 1059, 1, 190, '1051-1100', 1, '2022-04-28 01:36:29', '2022-04-28 01:36:29'),
	(191, 1195, 3, 191, '1151-1200', 1, '2022-04-30 13:05:33', '2022-04-30 13:05:33'),
	(192, 1196, 3, 192, '1151-1200', 1, '2022-04-30 13:25:39', '2022-04-30 13:25:39');
/*!40000 ALTER TABLE `recibo_historials` ENABLE KEYS */;

-- Volcando estructura para tabla api_maquillaje.recibo_historial_contado
CREATE TABLE IF NOT EXISTS `recibo_historial_contado` (
  `id` bigint(20) unsigned NOT NULL AUTO_INCREMENT,
  `numero` bigint(20) unsigned NOT NULL,
  `recibo_id` bigint(20) unsigned NOT NULL,
  `factura_id` bigint(20) unsigned NOT NULL,
  `rango` varchar(200) COLLATE utf8mb4_unicode_ci NOT NULL,
  `estado` int(11) NOT NULL,
  `created_at` timestamp NULL DEFAULT NULL,
  `updated_at` timestamp NULL DEFAULT NULL,
  PRIMARY KEY (`id`),
  KEY `recibo_historial_contado_recibo_id_foreign` (`recibo_id`),
  KEY `recibo_historial_contado_factura_id_foreign` (`factura_id`),
  CONSTRAINT `recibo_historial_contado_factura_id_foreign` FOREIGN KEY (`factura_id`) REFERENCES `facturas` (`id`),
  CONSTRAINT `recibo_historial_contado_recibo_id_foreign` FOREIGN KEY (`recibo_id`) REFERENCES `recibos` (`id`)
) ENGINE=InnoDB AUTO_INCREMENT=2 DEFAULT CHARSET=utf8mb4 COLLATE=utf8mb4_unicode_ci;

-- Volcando datos para la tabla api_maquillaje.recibo_historial_contado: ~0 rows (aproximadamente)
/*!40000 ALTER TABLE `recibo_historial_contado` DISABLE KEYS */;
INSERT INTO `recibo_historial_contado` (`id`, `numero`, `recibo_id`, `factura_id`, `rango`, `estado`, `created_at`, `updated_at`) VALUES
	(1, 1197, 3, 260, '1151-1200', 1, '2022-04-30 13:50:10', '2022-04-30 13:50:10');
/*!40000 ALTER TABLE `recibo_historial_contado` ENABLE KEYS */;

-- Volcando estructura para tabla api_maquillaje.roles
CREATE TABLE IF NOT EXISTS `roles` (
  `id` bigint(20) unsigned NOT NULL AUTO_INCREMENT,
  `name` varchar(255) COLLATE utf8mb4_unicode_ci NOT NULL,
  `guard_name` varchar(255) COLLATE utf8mb4_unicode_ci NOT NULL,
  `created_at` timestamp NULL DEFAULT NULL,
  `updated_at` timestamp NULL DEFAULT NULL,
  PRIMARY KEY (`id`),
  UNIQUE KEY `roles_name_guard_name_unique` (`name`,`guard_name`)
) ENGINE=InnoDB AUTO_INCREMENT=5 DEFAULT CHARSET=utf8mb4 COLLATE=utf8mb4_unicode_ci;

-- Volcando datos para la tabla api_maquillaje.roles: ~0 rows (aproximadamente)
/*!40000 ALTER TABLE `roles` DISABLE KEYS */;
INSERT INTO `roles` (`id`, `name`, `guard_name`, `created_at`, `updated_at`) VALUES
	(2, 'administrador', 'web', '2022-01-25 12:27:11', '2022-01-25 12:27:11'),
	(3, 'vendedor', 'web', '2022-02-14 11:31:21', '2022-02-14 11:31:21'),
	(4, 'supervisor', 'web', '2022-03-02 21:23:04', '2022-03-02 21:23:06');
/*!40000 ALTER TABLE `roles` ENABLE KEYS */;

-- Volcando estructura para tabla api_maquillaje.role_has_permissions
CREATE TABLE IF NOT EXISTS `role_has_permissions` (
  `permission_id` bigint(20) unsigned NOT NULL,
  `role_id` bigint(20) unsigned NOT NULL,
  PRIMARY KEY (`permission_id`,`role_id`),
  KEY `role_has_permissions_role_id_foreign` (`role_id`),
  CONSTRAINT `role_has_permissions_permission_id_foreign` FOREIGN KEY (`permission_id`) REFERENCES `permissions` (`id`) ON DELETE CASCADE,
  CONSTRAINT `role_has_permissions_role_id_foreign` FOREIGN KEY (`role_id`) REFERENCES `roles` (`id`) ON DELETE CASCADE
) ENGINE=InnoDB DEFAULT CHARSET=utf8mb4 COLLATE=utf8mb4_unicode_ci;

-- Volcando datos para la tabla api_maquillaje.role_has_permissions: ~0 rows (aproximadamente)
/*!40000 ALTER TABLE `role_has_permissions` DISABLE KEYS */;
/*!40000 ALTER TABLE `role_has_permissions` ENABLE KEYS */;

-- Volcando estructura para tabla api_maquillaje.users
CREATE TABLE IF NOT EXISTS `users` (
  `id` bigint(20) unsigned NOT NULL AUTO_INCREMENT,
  `name` varchar(255) COLLATE utf8mb4_unicode_ci NOT NULL,
  `apellido` varchar(255) COLLATE utf8mb4_unicode_ci NOT NULL,
  `cargo` varchar(255) COLLATE utf8mb4_unicode_ci NOT NULL,
  `email` varchar(255) COLLATE utf8mb4_unicode_ci NOT NULL,
  `email_verified_at` timestamp NULL DEFAULT NULL,
  `password` varchar(255) COLLATE utf8mb4_unicode_ci NOT NULL,
  `remember_token` varchar(100) COLLATE utf8mb4_unicode_ci DEFAULT NULL,
  `estado` int(11) NOT NULL,
  `created_at` timestamp NULL DEFAULT NULL,
  `updated_at` timestamp NULL DEFAULT NULL,
  PRIMARY KEY (`id`),
  UNIQUE KEY `users_email_unique` (`email`)
) ENGINE=InnoDB AUTO_INCREMENT=29 DEFAULT CHARSET=utf8mb4 COLLATE=utf8mb4_unicode_ci;

-- Volcando datos para la tabla api_maquillaje.users: ~0 rows (aproximadamente)
/*!40000 ALTER TABLE `users` DISABLE KEYS */;
INSERT INTO `users` (`id`, `name`, `apellido`, `cargo`, `email`, `email_verified_at`, `password`, `remember_token`, `estado`, `created_at`, `updated_at`) VALUES
	(20, 'Alejandro', 'sanchez', 'Programador', 'alejosb13@gmail.com', NULL, '$2y$10$ycLD6AVSbqAZmd/qgpuy0OfiHeL7d8vDmsO.xo2OR6o8gV8xlqwZ.', NULL, 0, '2022-03-05 03:27:40', '2022-03-11 20:56:38'),
	(21, 'Rigoberto', 'Gallo', 'Programador', 'rigoberto.gallo@regxi.com', NULL, '$2y$10$pCduaZHii83COKb/Etlrxu0u4VAyxWzCLMIqqTMMo.FAEHHl69.Qe', NULL, 1, '2022-03-05 03:34:04', '2022-03-05 03:34:04'),
	(23, 'Ronald', 'Lopez', 'Gerente', 'Isaac1987lopez@gmail.com', NULL, '$2y$10$VcgIqbD5l1EhDbWZX24l9.Q56X.8ptI2PwiGE09eS3z9mc7coYBza', NULL, 1, '2022-03-15 04:51:37', '2022-03-15 07:53:37'),
	(24, 'Marileth de los Angeles', 'Sanchez López', 'Administradora', 'marilethsanchez75@gmail.com', NULL, '$2y$10$jt4pBYrXhfBPHS4hQULMsujmzpuwGxnewa7LKwI8ViC8PlaYorHHG', NULL, 1, '2022-03-15 05:27:31', '2022-03-15 05:27:31'),
	(25, 'Mari Laura', 'Obando Sanchez', 'Administradora', 'marilauraobando123@gmail.com', NULL, '$2y$10$JZe0PAu1MjfDCURAWUy/jOTWqVd5YefRzFBSuZ6MjkLzF1LG9SlZW', NULL, 1, '2022-03-15 07:53:41', '2022-03-15 07:53:41'),
	(26, 'Kevin Francisco', 'Palacio Lopez', 'Ejecutivo de venta', 'kevinfranciscopalaciolopez@gmail.com', NULL, '$2y$10$aamDgF0oNPhMHo6CkhOj8uTHWPs8xkzfXCu9l2/WjOrFVzk7O6Ynu', NULL, 1, '2022-03-15 21:56:28', '2022-03-15 21:56:28'),
	(27, 'Jostin Isaac', 'Lopez Rizo', 'Ejecutivo de venta', 'jostinlopez21@gmail.com', NULL, '$2y$10$v/9YHelJijsqYwv4NCNgmOGxJsSjr2T5Zz8aQVimC/QZ.4Ml.JpwO', NULL, 1, '2022-03-16 01:06:43', '2022-03-16 01:06:43'),
	(28, 'Ivan del Socorro', 'Fornos Herrera', 'Ejecutivo de venta', 'fornosivan8@gmail.com', NULL, '$2y$10$PulsRauKt1R7g6OQLMM8HuZj75NGI4OvQokfnkU5bTIKZFtujTo02', NULL, 1, '2022-04-07 22:34:11', '2022-04-07 22:34:11');
/*!40000 ALTER TABLE `users` ENABLE KEYS */;

/*!40101 SET SQL_MODE=IFNULL(@OLD_SQL_MODE, '') */;
/*!40014 SET FOREIGN_KEY_CHECKS=IFNULL(@OLD_FOREIGN_KEY_CHECKS, 1) */;
/*!40101 SET CHARACTER_SET_CLIENT=@OLD_CHARACTER_SET_CLIENT */;
/*!40111 SET SQL_NOTES=IFNULL(@OLD_SQL_NOTES, 1) */;
