-- phpMyAdmin SQL Dump
-- version 4.9.7
-- https://www.phpmyadmin.net/
--
-- Servidor: localhost:3306
-- Tiempo de generación: 11-04-2022 a las 16:42:39
-- Versión del servidor: 5.7.23-23
-- Versión de PHP: 7.3.32

SET FOREIGN_KEY_CHECKS=0;
SET SQL_MODE = "NO_AUTO_VALUE_ON_ZERO";
SET AUTOCOMMIT = 0;
START TRANSACTION;
SET time_zone = "+00:00";


/*!40101 SET @OLD_CHARACTER_SET_CLIENT=@@CHARACTER_SET_CLIENT */;
/*!40101 SET @OLD_CHARACTER_SET_RESULTS=@@CHARACTER_SET_RESULTS */;
/*!40101 SET @OLD_COLLATION_CONNECTION=@@COLLATION_CONNECTION */;
/*!40101 SET NAMES utf8mb4 */;

--
-- Base de datos: `mombacho_mrcosmetic`
--

--
-- Truncar tablas antes de insertar `categorias`
--

TRUNCATE TABLE `categorias`;
--
-- Volcado de datos para la tabla `categorias`
--

INSERT INTO `categorias` (`id`, `tipo`, `descripcion`, `estado`, `valor_dias`, `created_at`, `updated_at`) VALUES
(1, 'A', '65 dias', 0, 65, '2022-03-05 07:38:04', '2022-03-15 08:14:29'),
(2, 'B', '30 dias', 1, 30, '2022-03-05 07:38:04', '2022-04-11 22:05:19'),
(3, 'C', '15 dias', 1, 15, '2022-03-05 07:38:04', '2022-03-22 10:30:40');

--
-- Truncar tablas antes de insertar `clientes`
--

TRUNCATE TABLE `clientes`;
--
-- Volcado de datos para la tabla `clientes`
--

INSERT INTO `clientes` (`id`, `categoria_id`, `frecuencia_id`, `user_id`, `nombreCompleto`, `nombreEmpresa`, `celular`, `telefono`, `direccion_casa`, `direccion_negocio`, `cedula`, `dias_cobro`, `estado`, `created_at`, `updated_at`) VALUES
(1, 2, 1, 20, 'Cliente perfecto', 'Salon PR', 1131905210, 1131905212, 'Av.francisco beiro 3360', 'Av.francisco beiro 3360', '12142412221344', 'viernes,jueves,miércoles', 1, '2022-03-07 04:55:37', '2022-03-12 01:28:45'),
(3, 3, 4, 24, 'C bella Academia', 'C bella Academia', 50581562409, 50581562409, 'Altamira, de la farmacia value 1c arriba', 'Altamira, de la farmacia value 1c arriba', '0011605750009M', 'domingo', 1, '2022-03-15 23:26:38', '2022-03-19 03:20:16'),
(4, 3, 2, 26, 'Jahaziel lopez perez', 'Estetica giacefull', 5082540048, 5082540048, 'Club terraza 2 abajo', 'Club terraza 2 abajo', '00105027800658', 'jueves', 1, '2022-03-18 01:53:26', '2022-03-18 01:53:26'),
(5, 3, 2, 26, 'Blanca palacios', '10700', 50558795938, 50558795930, 'Club terraza 2 abajo', 'Club terraza 2 abajo', '20113087600080', 'jueves', 1, '2022-03-18 02:14:45', '2022-03-18 02:14:45'),
(6, 2, 2, 27, 'Regina Mercedes Martínez Delgadillo', 'Regina salón', 8244634300, 8244634300, 'Raspado Lolis sumen 1C arriba 1-2 C al sur', 'Raspados Lolis sumen 1C arriba 1-2 C al sur', '00101129000350', 'miércoles', 1, '2022-03-18 03:58:30', '2022-03-18 03:58:30'),
(7, 2, 2, 27, 'Marcela Reyes Campos', 'D\'marce Beauty Salón', 2269246200, 2269246200, 'Ciudad sandino , entrada principal 1.5 cuadras al oeste', 'Ciudad sandino , entrada  principal 1.5 cuadras al oeste', '28411017700030', 'sábado', 1, '2022-03-18 04:03:23', '2022-03-18 04:03:23'),
(8, 2, 2, 27, 'Marcela Reyes Campos', 'D\'marce Beauty Salón', 2269246200, 2269246200, 'Ciudad sandino , entrada principal 1.5 cuadras al oeste', 'Ciudad sandino , entrada  principal 1.5 cuadras al oeste', '28411017700032', 'sábado', 1, '2022-03-18 04:03:53', '2022-03-18 04:03:53'),
(9, 2, 2, 27, 'Jamilleth de la cruz Gutiérrez Duarte', 'Nails JC', 8554339500, 8554339500, 'Ciudad sandino , zona 4 centro Tigo 1C al lago 1/2 abajo', 'Ciudad sandino , zona 4 centro Tigo 1C al lago 1/2 abajo', '00123048400901', 'miércoles', 1, '2022-03-18 04:10:26', '2022-03-18 04:10:26'),
(10, 3, 2, 26, 'Geoconda toruño', 'Duos salon', 50576823820, 50576823820, 'Residencial las delicias casa r541', 'Residencias las delicias casa r541', '52118067200060', 'viernes', 1, '2022-03-18 04:18:27', '2022-03-18 04:18:27'),
(11, 2, 2, NULL, 'Hazel  Jasmin blancomedina', 'Hazel salon', 8176028900, 8176028900, 'De Enel central 2 al sur 5 abajo 1 1/2 al sur', 'De Enel central 2 al sur 5 abajo 1 1/2 al sur', '00128079400474', 'martes', 1, '2022-03-18 04:37:43', '2022-03-18 04:37:43'),
(12, 3, 2, 26, 'Doris seledon peralta', 'Doris seledon peralta', 50587907855, 50587907855, 'Villa flor norte contiguo a iglecia los mormones', 'Villa flor sur contiguo a iglesia los mormones', '48911028000040', 'viernes', 1, '2022-03-18 06:55:04', '2022-03-18 06:55:04'),
(13, 3, 2, 26, 'Doris seledon peralta', 'Doris seledon peralta', 50587907855, 50587907855, 'Villa flor norte contiguo a iglesia los mormones', 'Villa flor sur contiguo a iglesia los mormones', '48911028000041', 'viernes', 1, '2022-03-18 06:56:31', '2022-03-18 06:56:31'),
(14, 3, 2, 26, 'Tania arauz', 'Yara salon', 85889194, 85889194, 'Segunda entrada las colinas 1 y media abajo 2 al lago', 'Segunda entrada las colinas 1 y media abajo 2 al lago', '6752312908902', 'sábado', 1, '2022-03-19 01:26:31', '2022-03-19 01:26:31'),
(15, 2, 2, 27, 'Francis Paola Nicaragua Gómez', 'Francis salon', 89801141, 22811825, 'Bo. Altagracia del portón principal del colegio divino pastor 2C , al lago 1/2 C arriba', 'Bo. Altagracia del portón principal del colegio divino pastor 2C , al lago 1/2 C arriba', '0011209850026T', 'miércoles', 1, '2022-03-19 02:43:05', '2022-03-19 02:43:05'),
(16, 2, 2, 27, 'Francis Paola Nicaragua Gómez', 'Francis salon', 89801141, 22811825, 'Bo. Altagracia del portón principal del colegio divino pastor 2C , al lago 1/2 C arriba', 'Bo. Altagracia del portón principal del colegio divino pastor 2C , al lago 1/2 C arriba', '00112098500260', 'miércoles', 1, '2022-03-19 02:44:26', '2022-03-19 02:44:26'),
(17, 2, 2, 27, 'Daniela greseeth Zapatas', 'Dani salón', 86556822, 86556822, 'Residencia praderas de sandino primera etapa Casa R2', 'Residencia praderas de sandino primera etapa Casa R2', '482030289002D', 'miércoles', 1, '2022-03-19 04:24:58', '2022-03-19 04:24:58'),
(18, 2, 2, 27, 'Consuelo Aguilar rivera', 'Consuelo salón', 88434073, 88434073, 'Ciudad el doral  calle 4, avenida 10,casa 0/11', 'Ciudad el doral  calle 4, avenida 10,casa 0/11', '0931105680000E', 'miércoles', 1, '2022-03-20 01:06:26', '2022-03-20 01:06:26'),
(19, 2, 2, 24, 'Douglas Alberto Manzanares Ramírez', 'Jefrys salón', 85191700, 0, 'San Marcos. Reparto Carlos Núñez . Detrás de keyzer universidad en la calle de los maestros casa izquierda mano derecha color gris', 'San Marcos. Reparto Carlos Núñez . Detrás de keyzer universidad en la calle de los maestros casa izquierda mano derecha color gris', '0010909780055G', 'viernes', 1, '2022-03-20 01:16:38', '2022-03-20 01:19:23'),
(20, 3, 2, 24, 'María Guadalupe Guillen Chavarría', 'Sala de belleza Lupita', 87707222, 0, 'Rivas. De los semáforos del mercado 25 metros al sur frente a la tienda el tigre más tigre', 'Rivas. De los semáforos del mercado 25 metros al sur frente a la tienda el tigre más tigre', '5611012981002N', 'jueves', 1, '2022-03-20 01:18:50', '2022-03-20 01:18:50'),
(21, 3, 2, 24, 'Lester Daniel Artola Lopez', 'Art Studio', 81498099, 0, 'Puente desnivel de Rubenia 2c arriba, 7c al sur', 'Puente desnivel de Rubenia 2c arriba, 7c al sur', '445271190002H', 'sábado', 1, '2022-03-20 04:39:35', '2022-03-20 04:39:35'),
(22, 3, 1, 24, 'Jasury Jared Gonzalez Chavarria', 'Jasury Jared Gonzalez Chavarria', 89423510, 0, 'Chinandega, corinto. Zona 8, palacio del deporte 1/2c al oeste', 'Chinandega, corinto. Zona 8, palacio del deporte 1/2c al oeste', '081-201202-1004L', 'sábado', 1, '2022-03-20 06:04:33', '2022-03-20 06:04:33'),
(23, 2, 2, 27, 'Mayra Tereza Hernandez peña', 'Mayra salón de belleza', 22685204, 22685204, 'Direction Antiguo  Restaurante  Aragon  1 c abajo una al lago casa B17 Valle Dorado', 'Direction Antiguo  Restaurante  Aragon  1 c abajo una al lago casa B17 Valle Dorado', '0440411520000N', 'miércoles,sábado', 1, '2022-03-21 05:54:56', '2022-03-21 05:54:56'),
(24, 2, 2, 27, 'Francis elizabeth reyes mendoza', 'Salón Jireh', 77045653, 77045653, 'Mercado israel lewuites de la ferreteria la grapa seis andenes al norte.  10 vrs abajo.', 'Mercado israel lewuites de la ferreteria la grapa seis andenes al norte.  10 vrs abajo.', 'O01- 190572- 0015R', 'sábado', 1, '2022-03-21 06:11:37', '2022-03-21 06:11:37'),
(25, 2, 1, 27, 'Sayra Maria vasquez Bravo', 'Sayra salón', 84913281, 84913281, 'Del ceibo 1c ala sur 1c 1/2 abajo', 'Del ceibo 1c ala sur 1c 1/2 abajo', '1232912870001j', 'lunes', 1, '2022-03-21 22:27:00', '2022-03-21 22:27:00'),
(26, 3, 2, 24, 'Amantina De Los Ángeles Guillén Lagos', 'K\'bellos', 88494007, 0, 'Matagalpa. DDF LA PARMALAP SALIDA MANAGUA', 'Matagalpa. DDF LA PARMALAP SALIDA MANAGUA', '4413110890005Y', 'sábado', 1, '2022-03-22 01:17:29', '2022-03-22 01:17:29'),
(27, 3, 2, 26, 'Daniela Hernández', 'Daniela hernandez', 87555218, 87555218, 'De los semafaron la tenderi 2 c.abajo', 'Delos semafaros la tenderi dos cuadras abajo', '0011010780011s', 'miércoles', 1, '2022-03-22 01:39:12', '2022-03-22 01:39:12'),
(28, 3, 2, 26, 'Maria isabel amaya', 'Maria', 85898229, 85898229, 'Shell waspan 4 cadra al lago', 'Shell waspan cuatro cuadra al lago', '0012708930019t', 'viernes', 1, '2022-03-22 02:24:38', '2022-03-22 02:24:38'),
(29, 3, 2, 26, 'Corina davila', 'Corina davila', 89517987, 89517987, 'Metro centro', 'Metro centro', '6160211780001R', 'viernes', 1, '2022-03-22 03:12:48', '2022-03-22 03:12:48'),
(30, 3, 2, 26, 'Bonny  lopez', 'Tufani rouse', 78257128, 78257128, 'Shell waspan 4 al lago 1 arriba 2 al lago', 'Shell waspan', '0011411870000w', 'lunes', 1, '2022-03-22 05:01:18', '2022-03-22 05:01:18'),
(31, 3, 2, 26, 'Bonny  lopez', 'Tufani rouse', 78257128, 78257128, 'Shell waspan 4 al lago 1 arriba 2 al lago', 'Shell waspan', '0011411870000i', 'lunes', 0, '2022-03-22 05:01:47', '2022-04-11 22:46:03'),
(32, 2, 2, 27, 'Kathy Del Carmen Campos Gutiérrez', 'KC Beauty Salón', 78239308, 78239308, 'Batahola norte , de los semáforos del gigante 2 al lago , 4 abajo,  1/2 al lago', 'Batahola norte , de los semáforos del gigante 2 al lago , 4 abajo,  1/2 al lago', '0012112770077G', 'miércoles', 1, '2022-03-22 06:08:45', '2022-03-22 06:08:45'),
(33, 3, 2, 26, 'Maria elena ortiz', 'Mary', 87526430, 87526430, 'Dela pdh 1abajo 2 al sur', 'Dela pdh 1 abajo 2 al sur', '7890395890000t', 'sábado', 1, '2022-03-22 07:28:14', '2022-03-22 07:28:14'),
(34, 2, 2, 27, 'Angélica Yahaira Castro Sánchez', 'Angel salón', 83739816, 83739816, 'Loma linda , de la parrilla 2 al lago , 1/2 abajo', 'Loma linda , de la parrilla 2 al lago , 1/2 abajo', '0011908860047U', 'miércoles', 1, '2022-03-22 08:31:35', '2022-03-22 08:31:35'),
(35, 2, 1, 24, 'Rigoberto Pineda Perez', 'Rigoberto Pineda Perez', 88892979, 0, 'Masaya. Villa San Jeronimo de union fenenosa 1c al este, 1 1/2c al norte, 1/2 al oeste. Csa #66', 'Masaya. Villa San Jeronimo de union fenenosa 1c al este, 1 1/2c al norte, 1/2 al oeste. Csa #66', '0010106820047P', 'sábado', 1, '2022-03-23 02:10:31', '2022-03-23 02:10:31'),
(36, 2, 1, 24, 'CSL SA', 'CSL SA', 88766947, 0, 'Loma de Monserat, del porton Oeste del colegio americano 1c al norte, 2c al oeste, 50vrs al norte', 'Loma de Monserat, del porton Oeste del colegio americano 1c al norte, 2c al oeste, 50vrs al norte', 'J0310000222126', 'sábado', 1, '2022-03-23 02:14:51', '2022-03-23 02:14:51'),
(37, 2, 2, 24, 'Whinder Martinez', 'Whinder Martínez', 82640547, 0, 'Juigalpa, Chontales. Supermercado San Antonio 4 1/2c al sur', 'Juigalpa, Chontales. Supermercado San Antonio 4 1/2c al sur', '1210806880007Q', 'sábado', 1, '2022-03-23 04:48:24', '2022-03-23 04:48:24'),
(38, 2, 2, 27, 'Ana Carolina Méndez Montenegro', 'Bonita sala de belleza', 57807405, 57807405, 'Bello horizonte , la taquiza 4 al sur , frente al autolavado taichi contiguo a mundo digital', 'Multicentro las brisas', '0011004840015A', 'martes', 1, '2022-03-23 06:46:21', '2022-03-23 06:46:21'),
(39, 2, 2, 27, 'Keyling irenes masías García', 'Bonita sala de belleza', 57706802, 57706802, 'Monseñor Lescano , frente al cine león', 'Multicentro las brisas', '0012503920047S', 'lunes', 1, '2022-03-23 06:57:45', '2022-03-23 06:57:45'),
(40, 3, 1, 24, 'Cindy Junieth Perez Marin', 'Cindy Junieth Perez Marin', 84764111, 0, 'Granada, Nandaime. B° Oscar Turcios, Miscelania Cruz 2c al norte', 'Granada, Nandaime. B° Oscar Turcios, Miscelania Cruz 2c al norte', '202-231295-0000A', 'sábado', 1, '2022-03-24 00:56:41', '2022-03-24 00:56:41'),
(41, 3, 1, 24, 'Heydi Vanessa Paz Membreño', 'Heydi Vanessa Paz Membreño', 89087531, 0, 'B° San Judas, supermercado pali 75vrs al norte', 'B° San Judas, supermercado pali 75vrs al norte', '001-050884-0005E', 'sábado', 1, '2022-03-24 00:57:59', '2022-03-24 00:57:59'),
(42, 3, 1, 24, 'Marjourie del Carmen Gutierrez Canales', 'Marjourie del Carmen Gutierrez Canales', 57058002, 0, 'Comarca los Vanegas, escuela Pablo Antonio Cuadra 500vrs al sur, 300vrs al oeste', 'Comarca los Vanegas, escuela Pablo Antonio Cuadra 500vrs al sur, 300vrs al oeste', '001-091194-0036M', 'sábado', 1, '2022-03-24 00:59:18', '2022-03-24 00:59:18'),
(43, 2, 2, 27, 'Martha garht taleno', 'Her Salon', 75201325, 75201325, 'Ciudad sandino villa soberana , casa letra U7', 'Ciudad sandino villa soberana , casa', '0012907770038Y', 'miércoles', 1, '2022-03-24 04:48:40', '2022-03-24 04:48:40'),
(44, 3, 2, 24, 'Griselda Burgos', 'Sala de bellaza griselda', 82486444, 0, 'Chinandega. Costado norte de CDI de santana patricia', 'Chinandega. Costado norte de CDI de santana patricia', '081-040292-0003J', 'miércoles', 1, '2022-03-25 00:47:36', '2022-03-25 00:47:36'),
(45, 3, 2, 24, 'Hilda Carolina Peraza Gutiérrez', 'Sala de belleza Hilda', 85792314, 0, 'Granada. Villa Sandino grupo C casa 369-370 de los bomberos 1 c al lago', 'Granada. Villa Sandino grupo C casa 369-370 de los bomberos 1 c al lago', '4012603900003P', 'miércoles', 1, '2022-03-25 00:49:38', '2022-03-25 00:49:38'),
(46, 3, 2, 24, 'Jenny Laguna', 'Jenny salon', 83821754, 0, 'Chichigalpa del pali 5 c oeste', 'Chichigalpa del pali 5 c oeste', '281-311090-0013U', 'miércoles', 1, '2022-03-25 00:51:19', '2022-03-25 00:51:19'),
(47, 3, 2, 26, 'Pamela mayor', 'Pamela', 83924852, 83924852, 'Contiguo al colegio luis alfonzo velasque', 'Contiguo al colegio luis alfonso velasque', '0010205910004p', 'sábado', 1, '2022-03-25 01:19:50', '2022-03-25 01:19:50'),
(48, 3, 2, 26, 'Sobeyda arriaza', 'Zoe', 85743672, 85743772, 'Rotonda bello orizonte 3 cuadra al sur', 'Rotonda bello orizonte 3 cuadra al sur', '0012204910052d', 'sábado', 1, '2022-03-25 02:13:37', '2022-03-25 02:13:37'),
(49, 3, 1, 27, 'Miriam del Carmen García Estrada', 'Miriam salón', 88824223, 88824223, 'De los semáforos del Lenin Fonseca 2 C al lago', 'De los semáforos del Lenin 2 C al lago', '0011604790007G', 'miércoles', 1, '2022-03-25 02:53:45', '2022-03-25 02:53:45'),
(50, 3, 2, 26, 'Veronica duarte', '10700', 84352054, 84352054, 'Cub terraza 2 c.abajo', '10700', '0010609750081u', 'jueves', 1, '2022-03-25 03:08:44', '2022-03-25 03:08:44'),
(51, 3, 2, NULL, 'Reyna martinez', 'Reyna', 88691873, 88691873, 'Tipitapa frente la parada el colegio', 'Tipitapa frente ala parada el colegio', '7650906869950n', 'viernes', 1, '2022-03-25 06:32:27', '2022-03-25 06:32:27'),
(52, 2, 2, 27, 'Johela isabel garay Bendaña', 'Nails bautiful', 57099490, 57099490, 'Multicentro las brisas , 12 C al lago media C Abajo Casa Q-62', 'Multicentro las brisas , 12 C al lago media C Abajo Casa Q-62', '001 241197 0022N', 'miércoles', 1, '2022-03-25 07:02:40', '2022-03-25 07:02:40'),
(53, 3, 1, 24, 'Gema Taniuska Hernandez Molina', 'Gema Taniuska Hernandez Molina', 89715040, 0, 'Colonia CentroAmerica parque los Marañones 4c al sur. Casa N° G-454', 'Colonia CentroAmerica parque los Marañones 4c al sur. Casa N° G-454', '001-080980-0128X', 'viernes', 1, '2022-03-26 02:28:53', '2022-03-26 02:28:53'),
(54, 3, 2, 26, 'Maribel del socorro', 'Status fashion', 86035060, 86035060, 'Tipitapa', 'Tipitapa', '0012105690056g', 'viernes', 1, '2022-03-26 02:39:53', '2022-03-26 02:39:53'),
(55, 2, 2, 27, 'Fabiola Mairena Acevedo', 'Color y arte', 83829102, 83829102, 'Del ceibon de San Judas 3 al sur 1 1/2 abaj', 'Del ceibon de San Judas 3 al sur 1 1/2 abaj', '0011509860035E', 'lunes', 1, '2022-03-29 04:08:19', '2022-03-29 04:08:19'),
(56, 2, 2, 27, 'Elvira de los angeles inzer Mayorga', 'Incer salón', 89469006, 89469006, 'Del Ceibon  3 al sur San Judas', 'Del Ceibon de San Judas 3 al sur', '5640103710000U', 'lunes', 1, '2022-03-29 04:58:38', '2022-03-29 04:58:38'),
(57, 3, 2, 26, 'Belen calero', 'Onix', 85884398, 85884398, 'Semafaro la fuente 3 al sur 1 arriba', 'Semafaro la fuente 3 al sur 1 arriba', '0012205790058k', 'sábado', 1, '2022-03-30 02:35:26', '2022-03-30 02:35:26'),
(58, 2, 2, 27, 'María Mercedes Quintero Aleman', 'Merc\' Salón', 76805932, 76805932, 'Dónde fue el banco popular monzeñor lescano , 1 al sur , 4 abajo , 1/2 Al sur', 'Dónde fue el banco popular monzeñor lescano , 1 al sur , 4 abajo , 1/2 Al sur', '0011003710003B', 'miércoles', 1, '2022-03-30 03:11:35', '2022-03-30 03:11:35'),
(59, 3, 2, 26, 'Judith nabarrete flores', 'Judith', 84487251, 84487251, 'Mercado oriental', 'Mercado oriental', '0012308830084k', 'miércoles', 1, '2022-03-30 06:10:14', '2022-03-30 06:10:14'),
(60, 2, 2, 27, 'Reyna Mercedes flores', 'Merci salón', 83549733, 83549733, 'Km 8 1/2 carretera Sur , frente a la salida de la colonia', 'Km 8 1/2 carretera Sur , frente a la salida de la colonia', '0010601580004B', 'miércoles', 1, '2022-03-31 03:26:52', '2022-03-31 03:26:52'),
(61, 2, 1, 24, 'Patricia Blandon', 'Infinity salon', 82486817, 0, 'Puerta principal del sementerio de lomalinda 2 C abajo 1/2 al lago 1/2 abajo muro sin pintar porton cafe', 'Puerta principal del sementerio de lomalinda 2 C abajo 1/2 al lago 1/2 abajo muro sin pintar porton cafe', '402-191080-0001P', 'sábado', 1, '2022-04-01 01:30:38', '2022-04-01 01:30:38'),
(62, 2, 2, 23, 'Silvia Olivares López', 'S/B Silvia', 83888686, 0, 'Nagarote del colegio Rubén Dario 1 1/2 c Arriva m/i', 'Nagarote del colegio Rubén Dario 1 1/2 c Arriva m/i', '287-280972-0003X', 'sábado', 1, '2022-04-01 02:38:39', '2022-04-01 02:38:39'),
(63, 3, 2, 26, 'Evelin margarita cano', '10700', 88655355, 88655355, 'Club terraza 2 cuadras abajo', 'Club terraza 2 cuadras abajo', '0011008750086c', 'jueves', 1, '2022-04-02 00:23:16', '2022-04-02 00:23:16'),
(64, 3, 2, 26, 'Evelin margarita cano', '10700', 88655355, 88655355, 'Club terraza 2 cuadras abajo', 'Club terraza 2 cuadras abajo', '0011008750086c', 'jueves', 0, '2022-04-02 00:23:16', '2022-04-12 01:29:45'),
(65, 3, 2, 26, 'Misledis espinoza', 'Misledis', 58499445, 58499445, 'Rotonda centro comercial 6 cuadras al sur', 'Rotonda centro comercial 6 c. Al sur', '0013012830809k', 'viernes', 1, '2022-04-02 01:13:34', '2022-04-02 01:13:34'),
(66, 3, 2, 26, 'Alexandra García', 'Alexandra', 76339504, 76339504, 'Semafaro la fuente 4 c.arriba', 'Semafaro la fuente 4 c.arriba', '0012108001049f', 'viernes', 1, '2022-04-02 01:19:13', '2022-04-02 01:19:13'),
(67, 3, 2, 26, 'Sheyla borge', 'Beracas', 77868253, 77868253, 'Bulcanisacion los triyisos 2 al sur 1 arriba', 'Bulcanisacion los triyisos 2 al sur una arriba', '0012708790048b', 'viernes', 1, '2022-04-02 04:11:38', '2022-04-02 04:11:38'),
(68, 3, 2, 26, 'Sheyla borge', 'Beracas', 77868253, 77868253, 'Bulcanisacion los triyisos 2 al sur 1 arriba', 'Bulcanisacion los triyisos 2 al sur una arriba', '0012708790048b', 'viernes', 0, '2022-04-02 04:11:38', '2022-04-11 23:14:07'),
(69, 2, 2, 27, 'Betty Chavarria', 'ByB Salón', 82818015, 22995368, 'Semáforos del seminario linda vista , 4 C al lago , 1/2 abajo', 'Semáforos del seminario linda vista , 4 C al lago , 1/2 abajo', '6812101820005V', 'viernes', 1, '2022-04-02 05:03:57', '2022-04-02 05:03:57'),
(70, 3, 2, 26, 'Wendy rodriguez', 'Wendy', 75006208, 75006208, 'Centro de salud americas dos 2 c. Abajo 3 al sur 1abajo', 'Americas 2', '0012012850061t', 'sábado', 1, '2022-04-02 05:57:47', '2022-04-02 05:57:47'),
(71, 2, 1, 27, 'Damaris Del Socorro Obando Padilla', '---', 88971332, 88971332, 'B. Memorial Sandino , Del monumento 1 C al Sur', 'B. Memorial Sandino , Del monumento 1 C al Sur', '5262105880000X', 'miércoles,lunes', 1, '2022-04-02 23:00:52', '2022-04-02 23:00:52'),
(72, 3, 1, 24, 'Katherine Belen Carballo Manzanares', 'Katherine Belen Carballo Manzanares', 77585839, 0, 'Masaya', NULL, '401-301195-0010F', 'sábado', 1, '2022-04-03 00:58:25', '2022-04-03 00:58:25'),
(73, 3, 2, 26, 'Brenda uriarte urbina', 'Zoe prince', 77315277, 77315277, 'Terminar 170 1c. Arriba 3 andenes al lago', 'Terminal de la 170 1v.arriba 3 andenes al lago', '0010408810096s', 'sábado', 1, '2022-04-05 01:55:09', '2022-04-05 01:55:09'),
(74, 3, 2, 26, 'Brenda uriarte urbina', 'Zoe prince', 77315277, 77315277, 'Terminar 170 1c. Arriba 3 andenes al lago', 'Terminal de la 170 1v.arriba 3 andenes al lago', '0010408810096s', 'sábado', 0, '2022-04-05 01:55:09', '2022-04-11 22:14:42'),
(75, 3, 2, 26, 'Brenda uriarte urbina', 'Zoe prince', 77315277, 77315277, 'Terminar 170 1c. Arriba 3 andenes al lago', 'Terminal de la 170 1v.arriba 3 andenes al lago', '0010408810096s', 'sábado', 0, '2022-04-05 01:55:09', '2022-04-11 22:14:52'),
(76, 3, 2, 26, 'Brenda ramires nicaragua', 'Brenda salon', 88622323, 88622323, 'Villa livertad farmacia marie 75 vrs al este', 'Villa livertad', '0011707710003s', 'viernes', 1, '2022-04-05 02:40:40', '2022-04-05 02:40:40'),
(77, 3, 2, 26, 'Esther Rodriguez suazo', 'Mary', 84750454, 84750454, 'Mercado oriental de el calvario 5 c.arriba', 'Mercado oriental', '0012911840022u', 'martes', 1, '2022-04-05 21:39:29', '2022-04-05 21:39:29'),
(78, 3, 2, 26, 'Esther Rodriguez suazo', 'Mary', 84750454, 84750454, 'Mercado oriental de el calvario 5 c.arriba', 'Mercado oriental', '0012911840022y', 'martes', 0, '2022-04-05 21:39:39', '2022-04-11 23:23:16'),
(79, 3, 2, 26, 'Nahomi montenegro bermudez', 'Naho salon', 83833515, 83833515, 'Villa livertad terminal de la 116 un anden arriba', 'Villa livertad', '0011403031064h', 'viernes', 1, '2022-04-05 23:32:18', '2022-04-05 23:32:18'),
(80, 3, 2, 26, 'Mercedes lopez', 'Mercedes salon', 75264190, 75264190, 'Villa livertad parada la chelita 1 media al sur', 'Villa livertad', '4032208710002a', 'viernes', 1, '2022-04-06 00:08:23', '2022-04-06 00:08:23'),
(81, 3, 2, 26, 'Ana morales', 'Ana', 88482409, 88482409, 'Contiguo al coleguio luis alfonzo velasque', 'Contiguo al colegio luiz alfonzo velasque', '4010101830001h', 'sábado', 1, '2022-04-06 00:50:32', '2022-04-06 00:50:32'),
(82, 2, 1, 27, 'Johana Elizabeth tercero Contreras', 'Eli salón', 89544670, 89544670, 'B. Loma linda , Quinta santa Marta 1 1/2 abajo', 'B. Loma linda , Quinta santa Marta 1 1/2 abajo', '0010402810070A', 'miércoles', 1, '2022-04-06 03:40:21', '2022-04-06 03:40:21'),
(83, 3, 2, 26, 'Mauricio ramirez', 'Mauricio', 89799588, 89799588, 'Walter ferreti ludia magica r abajo 11 al sur 1 abajo', 'Walter ferreti', '0011611860038x', 'jueves', 1, '2022-04-06 22:56:44', '2022-04-06 22:56:44'),
(84, 3, 2, 26, 'Wendy vanesa palacios', 'Vanesa', 83864083, 83864083, 'Iglesia santo domingo 1 arriba', 'Mercado oriental', '0010504770038c', 'miércoles', 1, '2022-04-07 00:48:47', '2022-04-07 00:48:47'),
(85, 3, 2, 24, 'Nora Francisca Lago Castillo', 'Nora Francisca Lago Castillo', 87659158, 0, 'Pista Suburbana, parque nacional de feria 2c al sur, 3c abajo, 1/2c arriba', 'Pista Suburbana, parque nacional de feria 2c al sur, 3c abajo, 1/2c arriba', '0012502890013Q', 'miércoles', 1, '2022-04-07 00:55:21', '2022-04-07 00:58:10'),
(86, 2, 1, 27, 'Aimy Del Carmen Sánchez Sánchez', 'Haimy Sánchez', 85887161, 85887161, 'Reparto san Juan , Edificio Invercasa 1 C abajo  1C , 1 . 1/2 Norte', 'Reparto san Juan , Edificio Invercasa 1 C abajo  1C , 1 . 1/2 Norte', '0011705880001K', 'jueves', 1, '2022-04-07 01:02:56', '2022-04-07 01:02:56'),
(87, 3, 2, 24, 'Tania Marcela Rivas Morales', 'Marcela Beauty Salon', 77101723, 0, 'Residencial Montecielo, avenida 7. Casa E-211', 'Residencial Montecielo, avenida 7. Casa E-211', '0012407890036V', 'sábado', 1, '2022-04-07 01:09:05', '2022-04-07 01:09:05'),
(88, 2, 1, 28, 'Julio Alexander Marquez García', 'El Salón 505', 84311942, 0, 'Estelí, Barrio 14 de abril, Ferreteria el Bosque, 1/2c al Este', NULL, '161-091090-0005b', 'jueves', 1, '2022-04-09 00:33:04', '2022-04-09 03:16:05'),
(89, 2, 1, 28, 'Julio Alexander Marquez García', 'El Salón 505', 84311942, 0, 'Estelí, Barrio 14 de abril, Ferreteria el Bosque, 1/2c al Este', NULL, '161-091090-005b', 'jueves', 1, '2022-04-09 00:33:51', '2022-04-09 03:14:55'),
(90, 2, 1, 28, 'Yaribet Parrilla', 'Valeria’s Salón', 84039704, 0, 'Estelí, Del Instituto Reino de Suecia, 1c. al Este, 10 varas al Norte', 'Del instituto Reino de Suecia, 1c. al Este, 10 varas al Norte', '161-050786-0006v', 'jueves,viernes', 1, '2022-04-09 01:53:43', '2022-04-09 03:17:08'),
(91, 2, 1, 28, 'Dilcia Mayerling Salinas Salcedo', 'Sala de Belleza Dilcia', 86481122, 0, 'Estelí, Del Silais 1c. 1/2 al Este, Barrio Rene Barrante', NULL, '488-021180-0002R', 'jueves,viernes', 1, '2022-04-09 02:54:49', '2022-04-09 03:21:15'),
(92, 2, 1, 28, 'Dilcia Mayerling Salinas Salcedo', 'Sala de Belleza Dilcia', 86481122, 0, 'Del Silais 1c. 1/2 al Este, Barrio Rene Barrante', NULL, '488-021180-002R', 'jueves,viernes', 1, '2022-04-09 02:54:50', '2022-04-09 03:20:30'),
(93, 3, 2, 26, 'Grethel massiel matuz', 'Massiel', 89931257, 89931257, 'Colegio cristo rey  1 cuadra arriba', 'Colegio cristo rey 1 cuadra arriba', '0010103971002b', 'miércoles', 1, '2022-04-09 03:18:38', '2022-04-09 03:18:38'),
(94, 3, 2, 26, 'Veronica montiel lopez', 'Veronica', 58683634, 58683634, 'Entrada el mayoreo 2 arriba', 'Entrada al mayoreo 2 arriba', '0012412800065j', 'viernes', 1, '2022-04-09 03:28:11', '2022-04-09 03:28:11'),
(95, 2, 1, 28, 'Reina Espinoza', 'King ir king’s', 88242223, 0, 'Estelí, Del autolote el Norte, 7varas al Este', NULL, '161-060195-0007L', 'viernes,jueves', 1, '2022-04-09 03:47:14', '2022-04-09 03:47:14'),
(96, 2, 1, 28, 'Itzell Pérez', 'Itzell’s Salon', 87141354, 0, 'Estelí, Chele Esquipula, 3c. al Este, 1c. 1/2 al Sur', NULL, '161-021293-0002E', 'viernes,jueves', 1, '2022-04-09 04:36:43', '2022-04-09 04:36:43'),
(97, 2, 2, 27, 'Alicia Leonor Estrada Rivera', 'Alicia Estrada', 88121239, 22318674, 'De la entrada del hospital Lenin Fonseca 3 1/2 La lago MI', 'De la entrada del hospital Lenin Fonseca 3 1/2 La lago MI', '2412709810004P', 'miércoles', 1, '2022-04-09 04:49:06', '2022-04-09 04:49:06'),
(98, 2, 1, 28, 'María Isabel Albizuga Díaz', 'Salón de Belleza María', 89221653, 0, 'Ciudad Darío, Barrio San Pedro, Casa Cural 1 1/2c. al Este', NULL, '449-281174-0000P', 'sábado', 1, '2022-04-09 23:46:14', '2022-04-09 23:46:14'),
(99, 3, 1, 24, 'Lily Denees Webster Siles', 'Lily Denees Webster Siles', 75392789, 0, 'Semaforo del Mando Guido 1c al sur, 1 1/2c abajo', 'Semaforo del Mando Guido 1c al sur, 1 1/2c abajo', '001-130295-0017L', 'sábado', 1, '2022-04-10 00:57:06', '2022-04-10 00:57:06'),
(100, 2, 1, 28, 'Nazarena del Rosario Rodriguez Hidalgo', 'Sala de belleza Nazarena', 57352621, 0, 'Sebaco, Barrio San Jerónimo , del puente de sobaco, 4c. al Este, 1/2c. al Norte, 1/2c. al Este', NULL, '161-010374-0003X', 'sábado', 1, '2022-04-10 01:44:45', '2022-04-11 21:51:06'),
(101, 3, 2, 26, 'Mareling ortiz', 'Maritza', 87634534, 87634534, 'Rotonda la virgen', 'Rotonda la virgen', '0011203009865h', 'sábado', 1, '2022-04-11 20:56:55', '2022-04-11 20:56:55'),
(102, 3, 2, 26, 'Virginia flores', 'Virginia', 88071437, 88071437, 'Maxi pali la fuente 1 kilometro abajo', 'Maxi pali la fuente', '3622706620000g', 'miércoles', 1, '2022-04-11 21:01:26', '2022-04-11 21:01:26'),
(103, 2, 2, 26, 'Gabriela orozco arrieta', 'Koam', 78684426, 78684426, 'Semafaro el dorado 1 al sur 1 arriba', 'Semafaro el dorado 1 al sur 1 arriba', '8881605920000l', 'sábado', 1, '2022-04-11 22:12:16', '2022-04-11 22:12:16'),
(104, 2, 2, 26, 'Oscar antonio miranda', 'Oscar salon', 88664015, 88664015, 'Villaflor contiguo a iglesia catolica', 'Villa flor sur', '0', 'miércoles', 1, '2022-04-11 22:22:03', '2022-04-11 22:22:03'),
(105, 2, 2, 26, 'Marileth vanegas', 'Marileth', 75211206, 75211206, 'Semafaro club terraza 2 c.arriba', 'Edificio 10700', '00', 'jueves', 1, '2022-04-11 22:27:58', '2022-04-11 22:27:58'),
(106, 2, 2, 26, 'Suyen luna', 'Suyen', 84508427, 84508427, 'Parque el madroño 2 al lago', 'Parque el madroño 2 al lago', '01', 'sábado', 1, '2022-04-11 22:41:55', '2022-04-11 22:41:55'),
(107, 2, 2, 26, 'Cinthya telleria', 'Cinthya', 86888420, 86888420, 'Parque el madroño 1 c.al lago', 'Parque el madroño 1 c. Al lago', '002', 'viernes', 1, '2022-04-11 22:47:54', '2022-04-11 22:47:54'),
(108, 2, 2, 27, 'Mercedes Orozco', 'Merci salón', 78028595, 78028595, 'Del súper exprés De Altagracia 1 C Al sur , 1 C Abajo , 1/2 Al lago', 'Altagracia 1 C Al sur , 1 C Abajo , 1/2 Al lago', '1', 'viernes', 1, '2022-04-11 22:49:13', '2022-04-11 22:49:13'),
(109, 2, 2, 27, 'Lucína estrada', 'Luci Salón', 86683288, 86683288, 'Zumen , semáforos del gallo más gallo , 1 al lago , 1 Arriba , 1 1/2 al lago', 'Zumen , semáforos del gallo más gallo , 1 al lago , 1 Arriba , 1 1/2 al lago', '2', 'viernes', 1, '2022-04-11 22:52:26', '2022-04-11 22:52:26'),
(110, 2, 2, 26, 'Karla urbina aburto', 'Karla', 89869712, 89869712, 'Reparto shick en el cine ideal', 'Reparto shick', '003', 'sábado', 1, '2022-04-11 22:54:16', '2022-04-11 22:54:16'),
(111, 2, 2, 26, 'Darling rojas', 'Darling', 82149013, 82149013, 'Villa livertad  parada de buses la chelita 1 al sur', 'Villa livertad', '04', 'viernes', 1, '2022-04-11 23:07:38', '2022-04-11 23:07:38'),
(112, 2, 2, 27, 'Ana Cecilia Figueroa', 'Ana Salón', 89172597, 89172597, 'Del ranchon   dela Alcadia 2 c abajo  25 baras al sur', 'Del ranchon   dela Alcadia 2 c abajo  25 baras al sur', '2020110730004N', 'domingo', 1, '2022-04-11 23:15:50', '2022-04-11 23:15:50'),
(113, 2, 2, 26, 'Martha Hernández', 'Martha', 87603012, 87603012, 'Hotel ex 2 al lago 1 abajo', 'Hotel ex 2 al lago 1 abajo', '03', 'sábado', 1, '2022-04-11 23:16:28', '2022-04-11 23:16:28'),
(114, 2, 2, 26, 'Georgina gamez', 'Georgina', 84758998, 84758998, 'Rotonda vello orizonte 1 al sur 2 abajo', 'Rotonda vello orizonte', 'O4', 'miércoles', 1, '2022-04-11 23:28:59', '2022-04-11 23:28:59'),
(115, 2, 2, 26, 'Maria jose garcias', 'Maria', 88645730, 88645730, 'Contiguo al colegio luis alfonso velasque', 'Contiguo al colegio luis alfonso velasque', '05', 'sábado', 1, '2022-04-11 23:58:50', '2022-04-11 23:58:50'),
(116, 2, 2, 26, 'Mileydi morales espinoza', 'Mileydi', 85393593, 85393593, 'Reparto shick tanque rojo 4 al sur', 'Reparto shick', '0004', 'sábado', 1, '2022-04-12 00:54:36', '2022-04-12 00:54:36'),
(117, 2, 2, 26, 'Perla jarquin', 'Perla', 88664015, 88664015, 'Villa flor sur contiguo ala iglecia catolica', 'Villa flor sur', '004', 'miércoles', 1, '2022-04-12 01:21:06', '2022-04-12 01:21:06'),
(118, 2, 2, 26, 'Reyna toruño', 'Reyna', 89846027, 89846027, 'Tipitapa gasolinera 1 2 cuadras abajo', 'Tipitapa', '008', 'sábado', 1, '2022-04-12 01:33:48', '2022-04-12 01:33:48'),
(119, 3, 2, 26, 'Devora estela salinas', 'Devora', 83514647, 83514647, 'Contiguo al colegio luis alfonzo velasque', 'Contiguo al colegio luis alfonzo velasque', '09', 'viernes,sábado', 1, '2022-04-12 01:40:54', '2022-04-12 01:40:54'),
(120, 2, 2, 26, 'Darling salazar marenco', 'Darling', 89969617, 89969617, 'Contiguo al parque los jardines de vera cruz', 'Jardines de vera cruz', '897', 'viernes', 1, '2022-04-12 01:53:26', '2022-04-12 01:53:26'),
(121, 2, 2, 26, 'Maritza mercedes', 'Maritza', 76411376, 76411376, 'Rotonda la virgen 2 al sur 1 abajo', 'Rotonda la virgen', '890', 'martes', 1, '2022-04-12 02:03:43', '2022-04-12 02:03:43'),
(122, 2, 2, 26, 'Brenda diaz', 'Brenda', 88806675, 88806675, 'Bario georgino andrades', 'Bario georgino andrades', '867', 'sábado', 1, '2022-04-12 02:09:27', '2022-04-12 02:09:27'),
(123, 2, 2, 26, 'Ingrid montalvan', 'Ingrid', 81104880, 81104880, 'Residencia Praderas de cofradias', 'Praderas de cofradias', '734', 'viernes', 1, '2022-04-12 02:13:44', '2022-04-12 02:13:44'),
(124, 2, 2, 26, 'Darling soza', 'Darling', 86267827, 86267827, 'Sabana grande', 'Sabana grande residencias altos de sabana grande', '46', 'viernes', 1, '2022-04-12 02:37:09', '2022-04-12 02:37:09'),
(125, 3, 1, 24, 'Raquel Jose Lopez Gomez', 'Raquel Jose Lopez Gomez', 57325997, 0, 'B° Monseñor Lezcano porton cementerio general 1c al este', 'B° Monseñor Lezcano porton cementerio general 1c al este', '001-230486-0006H', 'sábado', 1, '2022-04-12 03:28:54', '2022-04-12 03:28:54'),
(126, 3, 1, 24, 'Francis Audeli Baltodano Guadamuz', 'Francis Audeli Baltodano Guadamuz', 84935170, 0, 'B° Georgino Andrade', NULL, '0002', 'sábado', 1, '2022-04-12 03:32:14', '2022-04-12 03:32:14'),
(127, 3, 1, 24, 'Lizett Carolina Peña Abarca', 'Lizett Carolina Peña Abarca', 85653636, 0, 'Ticuantepe, Villa Valeska N° 2, Km 13.2 carretera a Masaya 1200mtrs sureste. Casa N° 56', 'Ticuantepe, Villa Valeska N° 2, Km 13.2 carretera a Masaya 1200mtrs sureste. Casa N° 56', '401-110976-0004X', 'viernes', 1, '2022-04-12 03:35:33', '2022-04-12 03:35:33'),
(128, 3, 1, 24, 'Olman Eugenio Treminio Soza', 'Olman Eugenio Treminio Soza', 86188504, 0, 'Mueye de los bueyes', 'Mueye de los bueyes', '0003', 'sábado', 1, '2022-04-12 03:43:23', '2022-04-12 03:43:23'),
(129, 3, 1, 24, 'Karina Paola Gaitan Mendieta', 'Karina Paola Gaitan Mendieta', 86607728, 0, 'San Rafael del Sur, B° la bolsa esquina opuesta de donde fue el cine santa Marta', 'San Rafael del Sur, B° la bolsa esquina opuesta de donde fue el cine santa Marta', '001-260496-003T', 'viernes', 1, '2022-04-12 03:55:48', '2022-04-12 03:55:48'),
(130, 3, 1, 24, 'Karen Eliett Narvaez Ampie', 'Karen Eliett Narvaez Ampie', 87545372, 0, 'B° Jonathan Gonzalez, Pricesmart 1 1/2c al este, 1 1/2c al sur', NULL, '001-280179-0042B', 'sábado', 1, '2022-04-12 04:02:37', '2022-04-12 04:02:37'),
(131, 3, 1, 24, 'Genesis Leyton Campos', 'Genesis Leyton Campos', 78071725, 0, 'Barrio Riguero, del parque Bill stiwar 1c a lago, casa esquinera de dos piso. Mano izquierda.', NULL, '001-281296- 1015N', 'sábado', 1, '2022-04-12 04:07:34', '2022-04-12 04:07:34'),
(132, 3, 1, 24, 'Veronica Petrona Collado Aleman', 'Veronica Petrona Collado Aleman', 86933438, 0, 'Empalme San Benito', 'Empalme San Benito', '001-290470-0044Y', 'sábado', 1, '2022-04-12 04:11:44', '2022-04-12 04:11:44'),
(133, 3, 1, 24, 'Marbely del Socorro Sevilla', 'Marbely del Socorro Sevilla', 88317001, 0, 'Sebaco, de la cruz roja 1 1/2c al norte', NULL, '0005', 'sábado', 1, '2022-04-12 04:18:01', '2022-04-12 04:18:01');

--
-- Truncar tablas antes de insertar `facturas`
--

TRUNCATE TABLE `facturas`;
--
-- Volcado de datos para la tabla `facturas`
--

INSERT INTO `facturas` (`id`, `user_id`, `cliente_id`, `monto`, `saldo_restante`, `fecha_vencimiento`, `iva`, `tipo_venta`, `status_pagado`, `despachado`, `status`, `created_at`, `updated_at`) VALUES
(5, 20, 1, 80.00, 80.00, '2022-04-04 12:00:00', 0.00, 1, 0, 1, 1, '2022-03-14 23:03:21', '2022-04-09 00:29:31'),
(6, 21, 1, 200.00, 200.00, '2022-04-04 12:00:00', 0.00, 1, 0, 1, 1, '2022-03-15 06:58:37', '2022-04-09 00:29:24'),
(7, 21, 1, 40.00, 40.00, '2022-04-04 12:00:00', 0.00, 1, 0, 1, 1, '2022-03-15 07:31:53', '2022-04-09 00:29:20'),
(8, 25, 3, 405.00, 0.00, '2022-03-23 12:00:00', 0.00, 2, 1, 1, 1, '2022-03-15 23:27:08', '2022-04-07 20:27:52'),
(9, 26, 4, 80.00, 40.00, '2022-04-28 12:00:00', 0.00, 1, 0, 1, 1, '2022-03-18 02:01:05', '2022-04-12 01:28:37'),
(10, 26, 5, 95.00, 39.00, '2022-04-28 12:00:00', 0.00, 1, 0, 1, 1, '2022-03-18 02:15:31', '2022-04-12 01:06:51'),
(11, 27, 9, 140.00, 140.00, '2022-04-28 12:00:00', 0.00, 1, 0, 1, 1, '2022-03-18 04:15:58', '2022-04-07 20:28:16'),
(12, 27, 6, 195.00, 195.00, '2022-04-28 12:00:00', 0.00, 1, 0, 1, 1, '2022-03-18 04:17:39', '2022-04-07 20:28:33'),
(13, 26, 10, 210.00, 210.00, '2022-04-28 12:00:00', 0.00, 1, 0, 1, 1, '2022-03-18 04:19:18', '2022-04-07 20:28:41'),
(14, 27, 11, 80.00, 80.00, '2022-04-28 12:00:00', 0.00, 1, 0, 1, 1, '2022-03-18 04:39:10', '2022-04-07 20:28:49'),
(15, 26, 12, 140.00, 140.00, '2022-04-28 12:00:00', 0.00, 1, 0, 1, 1, '2022-03-18 06:57:40', '2022-04-07 20:31:47'),
(16, 26, 14, 195.00, 0.00, '2022-04-29 12:00:00', 0.00, 1, 1, 1, 1, '2022-03-19 01:27:05', '2022-04-12 03:26:23'),
(17, 27, 15, 46.00, 46.00, '2022-04-18 12:00:00', 0.00, 1, 0, 1, 1, '2022-03-19 02:59:21', '2022-04-07 20:32:24'),
(18, 27, 15, 4.00, 4.00, '2022-04-18 12:00:00', 0.00, 1, 0, 1, 1, '2022-03-19 03:25:45', '2022-04-07 20:32:44'),
(19, 27, 15, 4.00, 0.00, '2022-04-18 12:00:00', 0.00, 1, 0, 0, 0, '2022-03-19 03:25:47', '2022-03-26 00:46:51'),
(20, 27, 17, 14.00, 14.00, '2022-03-30 12:00:00', 0.00, 1, 0, 1, 1, '2022-03-19 04:26:15', '2022-04-07 20:32:52'),
(21, 27, 18, 195.00, 195.00, '2022-04-29 12:00:00', 0.00, 1, 0, 1, 1, '2022-03-20 01:07:05', '2022-04-07 20:32:56'),
(22, 25, 19, 210.00, 210.00, '2022-04-29 12:00:00', 0.00, 1, 0, 1, 1, '2022-03-20 01:20:18', '2022-04-07 20:33:02'),
(23, 25, 20, 140.00, 140.00, '2022-04-29 12:00:00', 0.00, 1, 0, 1, 1, '2022-03-20 01:21:26', '2022-04-07 20:33:10'),
(24, 25, 21, 14.00, 14.00, '2022-04-29 12:00:00', 0.00, 1, 0, 1, 1, '2022-03-20 04:41:28', '2022-04-07 20:33:21'),
(25, 25, 22, 33.00, 33.00, '2022-04-08 12:00:00', 0.00, 1, 0, 1, 1, '2022-03-20 06:05:01', '2022-04-07 20:33:41'),
(26, 27, 24, 48.00, 48.00, '2022-04-21 12:00:00', 0.00, 1, 0, 1, 1, '2022-03-21 06:16:01', '2022-04-07 20:33:47'),
(27, 27, 24, 48.00, 0.00, '2022-04-21 12:00:00', 0.00, 1, 0, 0, 0, '2022-03-21 06:16:02', '2022-03-28 23:42:25'),
(28, 27, 25, 13.00, 13.00, '2022-04-11 12:00:00', 0.00, 1, 0, 1, 1, '2022-03-21 22:28:39', '2022-04-07 20:33:53'),
(29, 27, 23, 29.00, 29.00, '2022-05-31 12:00:00', 0.00, 1, 0, 1, 1, '2022-03-21 22:43:00', '2022-04-07 20:34:04'),
(30, 25, 26, 75.00, 75.00, '2022-05-02 12:00:00', 0.00, 1, 0, 1, 1, '2022-03-22 01:19:23', '2022-04-07 20:33:59'),
(31, 26, 27, 66.00, 0.00, '2022-05-02 12:00:00', 0.00, 1, 1, 1, 1, '2022-03-22 02:00:33', '2022-04-12 01:10:22'),
(32, 26, 29, 21.00, 0.00, '2022-05-02 12:00:00', 0.00, 2, 1, 1, 1, '2022-03-22 03:14:26', '2022-04-07 20:34:15'),
(33, 26, 28, 31.00, 0.00, '2022-05-02 12:00:00', 0.00, 1, 1, 1, 1, '2022-03-22 03:19:40', '2022-04-12 00:48:40'),
(34, 27, 24, 3.00, 3.00, '2022-04-02 12:00:00', 0.00, 1, 0, 1, 1, '2022-03-22 03:29:04', '2022-04-07 20:39:35'),
(35, 27, 24, 22.00, 22.00, '2022-05-02 12:00:00', 0.00, 1, 0, 1, 1, '2022-03-22 03:43:00', '2022-04-07 20:39:40'),
(36, 26, 28, 36.00, 23.94, '2022-05-02 12:00:00', 0.00, 1, 0, 1, 1, '2022-03-22 04:10:19', '2022-04-12 00:48:40'),
(37, 26, 30, 138.00, 98.00, '2022-05-02 12:00:00', 0.00, 1, 0, 1, 1, '2022-03-22 05:05:37', '2022-04-11 22:47:00'),
(38, 27, 32, 22.00, 22.00, '2022-04-15 12:00:00', 0.00, 1, 0, 1, 1, '2022-03-22 06:10:28', '2022-04-07 20:39:58'),
(39, 26, 27, 9.00, 0.00, '2022-05-02 12:00:00', 0.00, 1, 1, 1, 1, '2022-03-22 07:23:20', '2022-04-12 01:10:22'),
(40, 26, 33, 54.00, 34.00, '2022-05-02 12:00:00', 0.00, 1, 0, 1, 1, '2022-03-22 07:29:21', '2022-04-11 22:08:43'),
(41, 27, 34, 57.00, 57.00, '2022-04-10 12:00:00', 0.00, 1, 0, 1, 1, '2022-03-22 08:34:35', '2022-04-07 20:40:13'),
(42, 26, 27, 195.00, 170.00, '2022-05-03 12:00:00', 0.00, 1, 0, 1, 1, '2022-03-23 01:59:06', '2022-04-12 01:10:22'),
(43, 25, 35, 40.00, 0.00, '2022-04-12 12:00:00', 0.00, 2, 1, 1, 1, '2022-03-23 02:11:26', '2022-04-07 20:40:26'),
(44, 25, 36, 195.00, 0.00, '2022-04-12 12:00:00', 0.00, 2, 1, 1, 1, '2022-03-23 02:15:19', '2022-04-07 20:40:31'),
(45, 27, 23, 9.00, 0.00, '2022-04-21 12:00:00', 0.00, 2, 1, 1, 1, '2022-03-23 03:22:51', '2022-04-07 20:40:36'),
(46, 25, 37, 524.80, 524.80, '2022-05-03 12:00:00', 0.00, 1, 0, 1, 1, '2022-03-23 05:04:19', '2022-04-07 20:40:44'),
(47, 26, 12, 45.00, 45.00, '2022-05-03 12:00:00', 0.00, 1, 0, 1, 1, '2022-03-23 06:43:23', '2022-04-07 20:40:49'),
(48, 27, 39, 17.00, 17.00, '2022-05-03 12:00:00', 0.00, 1, 0, 1, 1, '2022-03-23 06:58:55', '2022-04-07 20:40:55'),
(49, 25, 40, 40.00, 40.00, '2022-04-13 12:00:00', 0.00, 1, 0, 1, 1, '2022-03-24 01:01:19', '2022-04-07 20:41:00'),
(50, 25, 41, 18.00, 18.00, '2022-04-13 12:00:00', 0.00, 1, 0, 1, 1, '2022-03-24 01:02:23', '2022-04-07 20:41:07'),
(51, 25, 42, 38.00, 38.00, '2022-04-13 12:00:00', 0.00, 1, 0, 1, 1, '2022-03-24 01:03:26', '2022-04-07 20:41:16'),
(52, 27, 43, 41.00, 41.00, '2022-04-23 12:00:00', 0.00, 1, 0, 1, 1, '2022-03-24 04:54:04', '2022-04-07 20:41:21'),
(54, 25, 44, 44.00, 44.00, '2022-05-05 12:00:00', 0.00, 1, 0, 1, 1, '2022-03-25 00:53:19', '2022-04-07 20:41:41'),
(55, 25, 45, 9.00, 9.00, '2022-05-05 12:00:00', 0.00, 1, 0, 1, 1, '2022-03-25 00:54:34', '2022-04-07 20:41:47'),
(56, 25, 46, 13.00, 13.00, '2022-05-05 12:00:00', 0.00, 1, 0, 1, 1, '2022-03-25 00:55:44', '2022-04-07 20:41:52'),
(57, 26, 47, 22.00, 14.49, '2022-05-05 12:00:00', 0.00, 1, 0, 1, 1, '2022-03-25 01:20:50', '2022-04-12 01:08:28'),
(58, 26, 48, 119.00, 58.66, '2022-05-05 12:00:00', 0.00, 1, 0, 1, 1, '2022-03-25 02:18:47', '2022-04-12 01:46:40'),
(59, 26, 48, 22.00, 22.00, '2022-05-05 12:00:00', 0.00, 1, 0, 1, 1, '2022-03-25 02:21:44', '2022-04-07 20:42:07'),
(60, 27, 49, 21.00, 21.00, '2022-03-31 12:00:00', 0.00, 1, 0, 1, 1, '2022-03-25 02:55:39', '2022-04-07 20:42:17'),
(61, 26, 50, 80.00, 60.00, '2022-05-05 12:00:00', 0.00, 1, 0, 1, 1, '2022-03-25 03:10:11', '2022-04-12 01:47:56'),
(62, 25, 37, 224.00, 224.00, '2022-05-05 12:00:00', 0.00, 1, 0, 1, 1, '2022-03-25 03:15:45', '2022-04-07 20:42:25'),
(63, 27, 39, 29.00, 0.00, '2022-04-22 12:00:00', 0.00, 1, 0, 0, 0, '2022-03-25 04:38:02', '2022-03-29 02:27:16'),
(64, 27, 39, 29.00, 0.00, '2022-04-22 12:00:00', 0.00, 1, 0, 0, 0, '2022-03-25 04:38:03', '2022-03-28 23:45:23'),
(65, 27, 52, 140.00, 140.00, '2022-04-24 12:00:00', 0.00, 1, 0, 1, 1, '2022-03-25 07:03:43', '2022-04-07 20:42:29'),
(66, 25, 53, 9.00, 9.00, '2022-04-15 12:00:00', 0.00, 1, 0, 1, 1, '2022-03-26 02:29:39', '2022-04-07 20:42:35'),
(67, 25, 3, 4.00, 0.00, '2022-04-04 12:00:00', 0.00, 2, 1, 1, 1, '2022-03-26 02:30:11', '2022-04-07 20:43:51'),
(69, 26, 54, 27.00, 0.00, '2022-05-06 12:00:00', 0.00, 1, 1, 1, 1, '2022-03-26 02:42:42', '2022-04-12 01:44:00'),
(70, 26, 54, 195.00, 136.83, '2022-05-06 12:00:00', 0.00, 1, 0, 1, 1, '2022-03-26 03:01:48', '2022-04-12 01:44:00'),
(71, 25, 3, 170.00, 0.00, '2022-04-05 12:00:00', 0.00, 1, 0, 0, 0, '2022-03-28 23:38:50', '2022-03-28 23:40:04'),
(72, 25, 37, 88.80, 88.80, '2022-05-09 12:00:00', 0.00, 1, 0, 1, 1, '2022-03-28 23:57:26', '2022-04-07 20:42:53'),
(73, 27, 38, 210.00, 210.00, '2022-04-28 12:00:00', 0.00, 1, 0, 1, 1, '2022-03-29 01:53:26', '2022-04-07 20:43:13'),
(74, 27, 38, 4.00, 4.00, '2022-05-09 12:00:00', 0.00, 1, 0, 1, 1, '2022-03-29 02:21:09', '2022-04-07 20:43:46'),
(75, 27, 39, 29.00, 29.00, '2022-04-28 12:00:00', 0.00, 1, 0, 1, 1, '2022-03-29 02:28:39', '2022-04-07 20:44:11'),
(76, 27, 55, 26.00, 26.00, '2022-04-28 12:00:00', 0.00, 1, 0, 1, 1, '2022-03-29 04:09:36', '2022-04-07 20:44:16'),
(77, 26, 57, 140.00, 100.00, '2022-05-10 12:00:00', 0.00, 1, 0, 1, 1, '2022-03-30 02:47:54', '2022-04-12 02:35:45'),
(78, 26, 57, 8.00, 8.00, '2022-05-10 12:00:00', 0.00, 1, 0, 1, 1, '2022-03-30 02:52:50', '2022-04-07 20:44:27'),
(79, 27, 58, 22.00, 0.00, '2022-04-15 12:00:00', 0.00, 1, 0, 0, 0, '2022-03-30 03:12:20', '2022-03-30 04:10:03'),
(80, 25, 21, 35.00, 35.00, '2022-05-10 12:00:00', 0.00, 1, 0, 1, 1, '2022-03-30 03:20:32', '2022-04-07 20:44:32'),
(81, 27, 58, 22.00, 22.00, '2022-04-15 12:00:00', 0.00, 1, 0, 1, 1, '2022-03-30 04:08:59', '2022-04-07 20:44:38'),
(82, 27, 58, 20.00, 20.00, '2022-04-15 12:00:00', 0.00, 1, 0, 1, 1, '2022-03-30 04:11:58', '2022-04-07 20:44:45'),
(83, 26, 59, 164.00, 134.00, '2022-05-10 12:00:00', 0.00, 1, 0, 1, 1, '2022-03-30 06:12:06', '2022-04-12 01:05:33'),
(84, 26, 59, 164.00, 0.00, '2022-05-10 12:00:00', 0.00, 1, 0, 0, 0, '2022-03-30 06:12:07', '2022-03-31 02:09:07'),
(85, 27, 60, 31.00, 31.00, '2022-04-30 12:00:00', 0.00, 1, 0, 1, 1, '2022-03-31 03:29:01', '2022-04-07 20:45:08'),
(86, 25, 53, 11.00, 11.00, '2022-04-21 12:00:00', 0.00, 1, 0, 1, 1, '2022-04-01 00:09:31', '2022-04-07 20:45:16'),
(87, 25, 37, 224.00, 224.00, '2022-05-12 12:00:00', 0.00, 1, 0, 1, 1, '2022-04-01 00:17:55', '2022-04-07 20:45:27'),
(88, 25, 61, 112.00, 0.00, '2022-04-21 12:00:00', 0.00, 2, 1, 1, 1, '2022-04-01 01:30:55', '2022-04-07 20:45:22'),
(89, 25, 62, 67.00, 67.00, '2022-05-12 12:00:00', 0.00, 1, 0, 1, 1, '2022-04-01 02:39:50', '2022-04-07 20:45:39'),
(90, 26, 63, 27.00, 0.00, '2022-05-13 12:00:00', 0.00, 1, 1, 1, 1, '2022-04-02 00:25:03', '2022-04-12 01:31:39'),
(91, 26, 4, 17.00, 17.00, '2022-05-13 12:00:00', 0.00, 1, 0, 1, 1, '2022-04-02 00:25:42', '2022-04-07 20:45:55'),
(92, 26, 65, 17.00, 17.00, '2022-05-13 12:00:00', 0.00, 1, 0, 1, 1, '2022-04-02 01:14:30', '2022-04-07 20:51:52'),
(93, 26, 66, 6.00, 6.00, '2022-05-13 12:00:00', 0.00, 1, 0, 1, 1, '2022-04-02 01:23:02', '2022-04-07 20:52:43'),
(94, 26, 63, 210.00, 197.00, '2022-05-13 12:00:00', 0.00, 1, 0, 1, 1, '2022-04-02 01:24:06', '2022-04-12 01:31:39'),
(95, 26, 67, 15.00, 15.00, '2022-05-13 12:00:00', 0.00, 1, 0, 1, 1, '2022-04-02 04:12:46', '2022-04-07 20:53:20'),
(96, 27, 69, 20.00, 0.00, '2022-04-10 12:00:00', 0.00, 1, 0, 0, 0, '2022-04-02 05:04:50', '2022-04-02 05:15:49'),
(97, 26, 70, 55.00, 55.00, '2022-05-13 12:00:00', 0.00, 1, 0, 1, 1, '2022-04-02 05:59:23', '2022-04-07 20:53:28'),
(98, 27, 18, 98.00, 98.00, '2022-05-01 12:00:00', 0.00, 1, 0, 1, 1, '2022-04-02 12:12:53', '2022-04-07 20:53:48'),
(99, 27, 71, 18.00, 18.00, '2022-04-17 12:00:00', 0.00, 1, 0, 1, 1, '2022-04-02 23:03:27', '2022-04-07 20:53:54'),
(100, 27, 25, 17.00, 17.00, '2022-04-15 12:00:00', 0.00, 1, 0, 1, 1, '2022-04-03 00:42:03', '2022-04-07 20:54:02'),
(101, 25, 72, 4.00, 4.00, '2022-04-22 12:00:00', 0.00, 1, 0, 1, 1, '2022-04-03 00:58:39', '2022-04-07 20:54:22'),
(102, 25, 3, 59.50, 0.00, '2022-04-11 12:00:00', 0.00, 2, 1, 1, 1, '2022-04-03 01:21:02', '2022-04-07 20:54:32'),
(103, 26, 73, 40.00, 40.00, '2022-05-16 12:00:00', 0.00, 1, 0, 1, 1, '2022-04-05 01:56:18', '2022-04-07 20:54:38'),
(104, 26, 76, 130.00, 130.00, '2022-05-16 12:00:00', 0.00, 1, 0, 1, 1, '2022-04-05 02:41:22', '2022-04-07 20:54:46'),
(105, 26, 77, 23.00, 23.00, '2022-05-17 12:00:00', 0.00, 1, 0, 1, 1, '2022-04-05 21:40:35', '2022-04-07 20:54:50'),
(106, 26, 70, 63.50, 63.50, '2022-05-17 12:00:00', 0.00, 1, 0, 1, 1, '2022-04-05 21:43:37', '2022-04-07 20:54:57'),
(107, 26, 79, 179.00, 179.00, '2022-05-17 12:00:00', 0.00, 1, 0, 1, 0, '2022-04-05 23:33:44', '2022-04-07 23:27:35'),
(108, 26, 80, 40.00, 20.00, '2022-05-17 12:00:00', 0.00, 1, 0, 1, 1, '2022-04-06 00:08:54', '2022-04-11 23:19:18'),
(109, 26, 81, 22.00, 22.00, '2022-05-17 12:00:00', 0.00, 1, 0, 1, 1, '2022-04-06 00:51:51', '2022-04-07 20:55:15'),
(110, 27, 82, 56.00, 56.00, '2022-04-20 12:00:00', 0.00, 1, 0, 1, 1, '2022-04-06 03:41:42', '2022-04-07 20:55:31'),
(111, 27, 23, 90.00, 90.00, '2022-05-06 12:00:00', 0.00, 1, 0, 1, 1, '2022-04-06 22:40:47', '2022-04-07 20:55:37'),
(112, 26, 83, 174.00, 109.00, '2022-05-18 12:00:00', 0.00, 1, 0, 1, 1, '2022-04-06 23:20:28', '2022-04-11 23:20:59'),
(113, 26, 84, 60.00, 60.00, '2022-05-18 12:00:00', 0.00, 1, 0, 1, 1, '2022-04-07 00:53:45', '2022-04-07 20:56:14'),
(114, 25, 85, 106.00, 106.00, '2022-05-18 12:00:00', 0.00, 1, 0, 1, 1, '2022-04-07 00:56:51', '2022-04-07 20:56:20'),
(115, 27, 86, 30.00, 30.00, '2022-04-06 12:00:00', 0.00, 2, 1, 1, 1, '2022-04-07 01:04:53', '2022-04-07 20:56:26'),
(116, 25, 87, 208.00, 208.00, '2022-05-18 12:00:00', 0.00, 1, 0, 1, 1, '2022-04-07 01:25:59', '2022-04-07 20:56:32'),
(117, 25, 3, 19.50, 19.50, '2022-04-15 12:00:00', 0.00, 2, 1, 1, 1, '2022-04-07 20:57:10', '2022-04-07 20:58:45'),
(118, 27, 38, 40.00, 40.00, '2022-04-30 12:00:00', 0.00, 1, 0, 1, 1, '2022-04-09 00:05:03', '2022-04-09 00:09:14'),
(119, 28, 88, 80.00, 80.00, '2022-05-29 12:00:00', 0.00, 1, 0, 1, 1, '2022-04-09 00:40:49', '2022-04-09 22:36:47'),
(120, 28, 90, 210.00, 210.00, '2022-05-29 12:00:00', 0.00, 1, 0, 1, 1, '2022-04-09 02:02:59', '2022-04-09 22:36:42'),
(121, 28, 91, 152.00, 152.00, '2022-05-29 12:00:00', 0.00, 1, 0, 1, 1, '2022-04-09 02:57:40', '2022-04-09 22:36:35'),
(122, 26, 93, 135.00, 135.00, '2022-05-20 12:00:00', 0.00, 1, 0, 1, 1, '2022-04-09 03:19:53', '2022-04-09 21:17:22'),
(123, 26, 94, 95.00, 86.73, '2022-05-20 12:00:00', 0.00, 1, 0, 1, 1, '2022-04-09 03:29:02', '2022-04-12 02:33:13'),
(124, 28, 95, 115.00, 115.00, '2022-05-29 12:00:00', 0.00, 1, 0, 1, 1, '2022-04-09 03:49:07', '2022-04-09 22:36:28'),
(125, 28, 96, 21.00, 0.00, '2022-05-29 12:00:00', 0.00, 1, 1, 1, 1, '2022-04-09 04:38:45', '2022-04-09 22:36:18'),
(126, 27, 97, 154.00, 154.00, '2022-05-08 12:00:00', 0.00, 1, 0, 1, 1, '2022-04-09 04:56:39', '2022-04-09 21:18:58'),
(127, 28, 98, 33.00, 33.00, '2022-05-09 12:00:00', 0.00, 1, 0, 1, 1, '2022-04-09 23:48:32', '2022-04-11 21:28:20'),
(128, 25, 99, 95.00, 55.00, '2022-04-29 12:00:00', 0.00, 1, 0, 1, 1, '2022-04-10 00:58:00', '2022-04-12 03:26:50'),
(129, 25, 21, 21.00, 21.00, '2022-05-20 12:00:00', 0.00, 1, 0, 1, 1, '2022-04-10 01:29:08', '2022-04-10 01:38:31'),
(130, 25, 3, 4.00, 4.00, '2022-04-18 12:00:00', 0.00, 2, 1, 0, 1, '2022-04-10 01:40:22', '2022-04-10 01:40:22'),
(131, 28, 100, 37.00, 37.00, '2022-05-09 12:00:00', 0.00, 1, 0, 1, 1, '2022-04-10 01:45:31', '2022-04-11 21:28:25'),
(132, 26, 101, 155.00, 90.00, '2022-05-23 12:00:00', 0.00, 1, 0, 1, 1, '2022-04-11 20:57:58', '2022-04-12 02:34:16'),
(133, 26, 102, 246.00, 186.69, '2022-05-23 12:00:00', 0.00, 1, 0, 1, 1, '2022-04-11 22:14:39', '2022-04-12 04:01:44'),
(134, 26, 103, 210.00, 210.00, '2022-05-23 12:00:00', 0.00, 1, 0, 1, 0, '2022-04-11 22:15:29', '2022-04-12 00:45:54'),
(135, 26, 104, 140.00, 49.00, '2022-05-23 12:00:00', 0.00, 1, 0, 1, 1, '2022-04-11 22:24:07', '2022-04-11 22:33:11'),
(136, 27, 69, 170.00, 170.00, '2022-05-20 12:00:00', 0.00, 1, 0, 1, 1, '2022-04-11 22:33:37', '2022-04-12 00:15:16'),
(137, 26, 105, 140.00, 5.00, '2022-05-23 12:00:00', 0.00, 1, 0, 1, 1, '2022-04-11 22:34:02', '2022-04-11 22:45:03'),
(138, 26, 106, 160.00, 50.00, '2022-05-23 12:00:00', 0.00, 1, 0, 1, 1, '2022-04-11 22:43:02', '2022-04-11 22:45:10'),
(139, 26, 107, 31.00, 0.00, '2022-05-23 12:00:00', 0.00, 1, 1, 0, 1, '2022-04-11 22:51:06', '2022-04-11 23:06:53'),
(140, 26, 107, 160.00, 17.00, '2022-05-23 12:00:00', 0.00, 1, 0, 1, 1, '2022-04-11 22:56:58', '2022-04-11 23:05:29'),
(141, 26, 110, 195.00, 85.00, '2022-05-23 12:00:00', 0.00, 1, 0, 1, 1, '2022-04-11 23:03:57', '2022-04-11 23:05:41'),
(142, 26, 111, 160.00, 70.00, '2022-05-23 12:00:00', 0.00, 1, 0, 1, 1, '2022-04-11 23:08:22', '2022-04-11 23:13:23'),
(143, 26, 113, 40.00, 10.00, '2022-05-23 12:00:00', 0.00, 1, 0, 1, 1, '2022-04-11 23:20:25', '2022-04-11 23:42:20'),
(144, 27, 112, 116.00, 116.00, '2022-04-11 12:00:00', 0.00, 2, 1, 1, 1, '2022-04-11 23:25:57', '2022-04-12 00:15:03'),
(145, 26, 114, 80.00, 40.00, '2022-05-23 12:00:00', 0.00, 1, 0, 1, 1, '2022-04-11 23:29:48', '2022-04-11 23:45:06'),
(146, 26, 77, 96.00, 96.00, '2022-05-23 12:00:00', 0.00, 1, 0, 1, 1, '2022-04-11 23:32:59', '2022-04-11 23:41:19'),
(147, 26, 77, 7.58, 7.58, '2022-05-23 12:00:00', 0.00, 1, 0, 1, 1, '2022-04-11 23:39:58', '2022-04-11 23:41:13'),
(148, 27, 112, 95.00, 109.00, '2022-04-11 12:00:00', 0.00, 2, 1, 1, 1, '2022-04-11 23:46:20', '2022-04-12 00:14:58'),
(149, 26, 115, 140.00, 122.00, '2022-05-23 12:00:00', 0.00, 1, 0, 1, 1, '2022-04-12 00:51:18', '2022-04-12 00:52:51'),
(150, 26, 116, 40.00, 31.16, '2022-05-23 12:00:00', 0.00, 1, 0, 1, 1, '2022-04-12 00:55:48', '2022-04-12 01:18:08'),
(151, 26, 14, 320.00, 320.00, '2022-05-23 12:00:00', 0.00, 1, 0, 1, 1, '2022-04-12 01:13:11', '2022-04-12 02:46:36'),
(152, 26, 102, 78.00, 78.00, '2022-05-23 12:00:00', 0.00, 1, 0, 1, 1, '2022-04-12 01:13:52', '2022-04-12 01:18:14'),
(153, 26, 81, 12.55, 12.55, '2022-05-23 12:00:00', 0.00, 1, 0, 1, 1, '2022-04-12 01:18:27', '2022-04-12 01:19:27'),
(154, 26, 117, 80.00, 80.00, '2022-05-23 12:00:00', 0.00, 1, 0, 1, 0, '2022-04-12 01:22:37', '2022-04-12 01:23:42'),
(155, 26, 117, 65.00, 65.00, '2022-05-23 12:00:00', 0.00, 1, 0, 1, 1, '2022-04-12 01:23:58', '2022-04-12 01:37:03'),
(156, 26, 118, 20.00, 20.00, '2022-05-23 12:00:00', 0.00, 1, 0, 1, 1, '2022-04-12 01:37:22', '2022-04-12 01:51:55'),
(157, 26, 119, 93.14, 93.14, '2022-05-23 12:00:00', 0.00, 1, 0, 1, 1, '2022-04-12 01:41:26', '2022-04-12 01:51:41'),
(158, 26, 120, 42.00, 42.00, '2022-05-23 12:00:00', 0.00, 1, 0, 1, 1, '2022-04-12 01:53:45', '2022-04-12 02:04:47'),
(159, 26, 66, 44.00, 44.00, '2022-05-23 12:00:00', 0.00, 1, 0, 1, 1, '2022-04-12 01:57:28', '2022-04-12 02:04:42'),
(160, 26, 10, 21.10, 21.10, '2022-05-23 12:00:00', 0.00, 1, 0, 1, 1, '2022-04-12 02:01:38', '2022-04-12 02:04:36'),
(161, 26, 121, 93.00, 93.00, '2022-05-23 12:00:00', 0.00, 1, 0, 1, 1, '2022-04-12 02:04:50', '2022-04-12 02:06:46'),
(162, 26, 70, 13.00, 13.00, '2022-05-23 12:00:00', 0.00, 1, 0, 1, 1, '2022-04-12 02:07:02', '2022-04-12 02:12:16'),
(163, 26, 122, 55.00, 55.00, '2022-05-23 12:00:00', 0.00, 1, 0, 1, 1, '2022-04-12 02:11:07', '2022-04-12 02:12:08'),
(164, 26, 123, 40.00, 40.00, '2022-05-23 12:00:00', 0.00, 1, 0, 1, 1, '2022-04-12 02:14:13', '2022-04-12 02:14:32'),
(165, 26, 65, 173.00, 173.00, '2022-05-23 12:00:00', 0.00, 1, 0, 1, 1, '2022-04-12 02:31:12', '2022-04-12 02:38:20'),
(166, 26, 124, 123.00, 123.00, '2022-05-23 12:00:00', 0.00, 1, 0, 1, 1, '2022-04-12 02:38:23', '2022-04-12 02:43:23'),
(167, 25, 125, 80.00, 80.00, '2022-05-02 12:00:00', 0.00, 1, 0, 0, 1, '2022-04-12 03:30:32', '2022-04-12 03:30:32'),
(168, 25, 126, 8.00, 8.00, '2022-05-02 12:00:00', 0.00, 1, 0, 0, 1, '2022-04-12 03:33:41', '2022-04-12 03:33:41'),
(169, 25, 127, 48.20, 48.20, '2022-05-02 12:00:00', 0.00, 1, 0, 0, 1, '2022-04-12 03:37:10', '2022-04-12 03:37:10'),
(170, 25, 53, 100.00, 100.00, '2022-05-02 12:00:00', 0.00, 1, 0, 0, 1, '2022-04-12 03:40:58', '2022-04-12 03:40:58'),
(171, 25, 128, 94.98, 94.98, '2022-05-02 12:00:00', 0.00, 2, 1, 0, 0, '2022-04-12 03:45:31', '2022-04-12 03:47:09'),
(172, 25, 128, 94.98, 94.98, '2022-05-02 12:00:00', 0.00, 1, 0, 0, 1, '2022-04-12 03:48:02', '2022-04-12 03:48:02'),
(173, 25, 129, 134.99, 134.99, '2022-05-02 12:00:00', 0.00, 1, 0, 0, 1, '2022-04-12 03:58:16', '2022-04-12 03:58:16'),
(174, 25, 130, 122.00, 122.00, '2022-05-02 12:00:00', 0.00, 1, 0, 0, 1, '2022-04-12 04:03:56', '2022-04-12 04:03:56'),
(175, 25, 131, 18.57, 18.57, '2022-05-02 12:00:00', 0.00, 1, 0, 0, 1, '2022-04-12 04:10:04', '2022-04-12 04:10:04'),
(176, 25, 132, 190.00, 190.00, '2022-05-02 12:00:00', 0.00, 1, 0, 0, 1, '2022-04-12 04:13:17', '2022-04-12 04:13:17'),
(177, 25, 133, 28.00, 28.00, '2022-05-02 12:00:00', 0.00, 1, 0, 0, 1, '2022-04-12 04:20:41', '2022-04-12 04:20:41');

--
-- Truncar tablas antes de insertar `factura_detalles`
--

TRUNCATE TABLE `factura_detalles`;
--
-- Volcado de datos para la tabla `factura_detalles`
--

INSERT INTO `factura_detalles` (`id`, `producto_id`, `factura_id`, `cantidad`, `precio`, `estado`, `created_at`, `updated_at`) VALUES
(6, 7, 5, 2, 80.00, 1, '2022-03-14 23:03:21', '2022-03-14 23:03:21'),
(7, 7, 6, 5, 200.00, 1, '2022-03-15 06:58:37', '2022-03-15 06:58:37'),
(8, 7, 7, 1, 40.00, 1, '2022-03-15 07:31:53', '2022-03-15 07:31:53'),
(9, 11, 8, 1, 210.00, 1, '2022-03-15 23:27:08', '2022-03-15 23:27:08'),
(10, 8, 8, 1, 195.00, 1, '2022-03-15 23:27:08', '2022-03-15 23:27:08'),
(11, 22, 9, 1, 80.00, 1, '2022-03-18 02:01:05', '2022-03-18 02:01:05'),
(12, 15, 10, 1, 95.00, 1, '2022-03-18 02:15:31', '2022-03-18 02:15:31'),
(13, 9, 11, 1, 140.00, 1, '2022-03-18 04:15:58', '2022-03-18 04:15:58'),
(14, 8, 12, 1, 195.00, 1, '2022-03-18 04:17:39', '2022-03-18 04:17:39'),
(15, 11, 13, 1, 210.00, 1, '2022-03-18 04:19:18', '2022-03-18 04:19:18'),
(16, 13, 14, 1, 80.00, 1, '2022-03-18 04:39:10', '2022-03-18 04:39:10'),
(17, 9, 15, 1, 140.00, 1, '2022-03-18 06:57:40', '2022-03-18 06:57:40'),
(18, 8, 16, 1, 195.00, 1, '2022-03-19 01:27:05', '2022-03-19 01:27:05'),
(19, 16, 17, 1, 18.00, 1, '2022-03-19 02:59:21', '2022-03-19 02:59:21'),
(20, 31, 17, 1, 4.00, 1, '2022-03-19 02:59:21', '2022-03-19 02:59:21'),
(21, 32, 17, 1, 4.00, 1, '2022-03-19 02:59:21', '2022-03-19 02:59:21'),
(22, 40, 17, 1, 20.00, 1, '2022-03-19 02:59:21', '2022-03-19 02:59:21'),
(23, 35, 18, 1, 4.00, 1, '2022-03-19 03:25:45', '2022-03-19 03:25:45'),
(24, 35, 19, 1, 4.00, 1, '2022-03-19 03:25:47', '2022-03-19 03:25:47'),
(25, 26, 20, 2, 14.00, 1, '2022-03-19 04:26:15', '2022-03-19 04:26:15'),
(26, 8, 21, 1, 195.00, 1, '2022-03-20 01:07:05', '2022-03-20 01:07:05'),
(27, 11, 22, 1, 210.00, 1, '2022-03-20 01:20:18', '2022-03-20 01:20:18'),
(28, 9, 23, 1, 140.00, 1, '2022-03-20 01:21:26', '2022-03-20 01:21:26'),
(29, 56, 24, 1, 14.00, 1, '2022-03-20 04:41:28', '2022-03-23 10:14:46'),
(30, 25, 25, 1, 33.00, 1, '2022-03-20 06:05:01', '2022-03-20 06:05:01'),
(31, 64, 26, 1, 9.00, 1, '2022-03-21 06:16:01', '2022-03-21 06:16:01'),
(32, 61, 26, 1, 4.00, 1, '2022-03-21 06:16:01', '2022-03-21 06:16:01'),
(33, 55, 26, 1, 20.00, 1, '2022-03-21 06:16:01', '2022-03-21 06:16:01'),
(34, 54, 26, 1, 15.00, 1, '2022-03-21 06:16:01', '2022-03-21 06:16:01'),
(35, 64, 27, 1, 9.00, 1, '2022-03-21 06:16:02', '2022-03-21 06:16:02'),
(36, 61, 27, 1, 4.00, 1, '2022-03-21 06:16:02', '2022-03-21 06:16:02'),
(37, 55, 27, 1, 20.00, 1, '2022-03-21 06:16:02', '2022-03-21 06:16:02'),
(38, 54, 27, 1, 15.00, 1, '2022-03-21 06:16:02', '2022-03-21 06:16:02'),
(39, 64, 28, 1, 9.00, 1, '2022-03-21 22:28:39', '2022-03-21 22:28:39'),
(40, 61, 28, 1, 4.00, 1, '2022-03-21 22:28:39', '2022-03-21 22:28:39'),
(41, 61, 29, 3, 12.00, 1, '2022-03-21 22:43:00', '2022-03-21 22:43:00'),
(42, 65, 29, 1, 17.00, 1, '2022-03-21 22:43:00', '2022-03-21 22:43:00'),
(43, 65, 30, 1, 15.00, 1, '2022-03-22 01:19:23', '2022-03-22 01:19:23'),
(44, 29, 30, 1, 20.00, 1, '2022-03-22 01:19:23', '2022-03-22 01:19:23'),
(45, 58, 30, 1, 18.00, 1, '2022-03-22 01:19:23', '2022-03-22 01:19:23'),
(46, 70, 30, 1, 22.00, 1, '2022-03-22 01:19:23', '2022-03-22 01:19:23'),
(47, 53, 31, 1, 18.00, 1, '2022-03-22 02:00:33', '2022-03-22 02:00:33'),
(48, 29, 31, 1, 23.00, 1, '2022-03-22 02:00:33', '2022-03-22 02:00:33'),
(49, 28, 31, 1, 25.00, 1, '2022-03-22 02:00:33', '2022-03-22 02:00:33'),
(50, 65, 32, 1, 17.00, 1, '2022-03-22 03:14:26', '2022-03-22 03:14:26'),
(51, 61, 32, 1, 4.00, 1, '2022-03-22 03:14:26', '2022-03-22 03:14:26'),
(52, 70, 33, 1, 22.00, 1, '2022-03-22 03:19:40', '2022-03-22 03:19:40'),
(53, 64, 33, 1, 9.00, 1, '2022-03-22 03:19:40', '2022-03-22 03:19:40'),
(54, 62, 34, 1, 3.00, 1, '2022-03-22 03:29:04', '2022-03-22 03:29:04'),
(55, 70, 35, 1, 22.00, 1, '2022-03-22 03:43:00', '2022-03-22 10:20:46'),
(56, 51, 36, 1, 14.00, 1, '2022-03-22 04:10:19', '2022-03-22 04:10:19'),
(57, 52, 36, 1, 22.00, 1, '2022-03-22 04:10:19', '2022-03-22 04:10:19'),
(58, 58, 37, 1, 18.00, 1, '2022-03-22 05:05:37', '2022-03-22 05:05:37'),
(59, 57, 37, 1, 18.00, 1, '2022-03-22 05:05:37', '2022-03-22 05:05:37'),
(60, 70, 37, 2, 44.00, 1, '2022-03-22 05:05:37', '2022-03-22 05:05:37'),
(61, 63, 37, 1, 9.00, 1, '2022-03-22 05:05:37', '2022-03-22 05:05:37'),
(62, 26, 37, 1, 7.00, 1, '2022-03-22 05:05:37', '2022-03-22 05:05:37'),
(63, 62, 37, 1, 3.00, 1, '2022-03-22 05:05:37', '2022-03-22 05:05:37'),
(64, 61, 37, 1, 4.00, 1, '2022-03-22 05:05:37', '2022-03-22 05:05:37'),
(65, 18, 37, 1, 35.00, 1, '2022-03-22 05:05:37', '2022-03-22 05:05:37'),
(66, 70, 38, 1, 22.00, 1, '2022-03-22 06:10:28', '2022-03-23 03:16:34'),
(67, 64, 39, 1, 9.00, 1, '2022-03-22 07:23:20', '2022-03-22 07:23:20'),
(68, 27, 40, 1, 45.00, 1, '2022-03-22 07:29:21', '2022-03-22 07:29:21'),
(69, 64, 40, 1, 9.00, 1, '2022-03-22 07:29:21', '2022-03-22 07:29:21'),
(70, 67, 41, 1, 40.00, 1, '2022-03-22 08:34:35', '2022-03-22 08:34:35'),
(71, 65, 41, 1, 17.00, 1, '2022-03-22 08:34:35', '2022-03-22 08:34:35'),
(72, 8, 42, 1, 195.00, 1, '2022-03-23 01:59:06', '2022-03-23 01:59:06'),
(73, 68, 43, 1, 40.00, 1, '2022-03-23 02:11:26', '2022-03-23 02:11:26'),
(74, 8, 44, 1, 195.00, 1, '2022-03-23 02:15:19', '2022-03-23 02:15:19'),
(75, 63, 45, 1, 9.00, 1, '2022-03-23 03:22:51', '2022-03-23 03:22:51'),
(76, 65, 46, 4, 54.40, 1, '2022-03-23 05:04:19', '2022-03-23 05:05:46'),
(77, 13, 46, 1, 64.00, 1, '2022-03-23 05:04:19', '2022-03-23 05:06:07'),
(78, 61, 46, 10, 32.00, 1, '2022-03-23 05:04:19', '2022-03-23 05:08:35'),
(79, 27, 46, 2, 72.00, 1, '2022-03-23 05:04:19', '2022-03-23 05:09:03'),
(80, 59, 46, 1, 11.20, 1, '2022-03-23 05:04:19', '2022-03-23 05:09:27'),
(81, 51, 46, 2, 22.40, 1, '2022-03-23 05:04:19', '2022-03-23 05:09:49'),
(82, 63, 46, 2, 14.40, 1, '2022-03-23 05:04:19', '2022-03-23 05:10:17'),
(83, 64, 46, 1, 7.20, 1, '2022-03-23 05:04:19', '2022-03-23 05:10:37'),
(84, 8, 46, 1, 156.00, 1, '2022-03-23 05:04:19', '2022-03-23 05:12:31'),
(85, 71, 46, 3, 52.80, 1, '2022-03-23 05:04:19', '2022-03-23 05:13:00'),
(86, 66, 46, 1, 19.20, 1, '2022-03-23 05:04:19', '2022-03-23 05:13:20'),
(87, 35, 46, 2, 6.40, 1, '2022-03-23 05:04:19', '2022-03-23 05:14:03'),
(88, 31, 46, 2, 6.40, 1, '2022-03-23 05:04:19', '2022-03-23 05:14:13'),
(89, 34, 46, 2, 6.40, 1, '2022-03-23 05:04:19', '2022-03-23 05:14:23'),
(90, 28, 47, 1, 25.00, 1, '2022-03-23 06:43:23', '2022-03-23 06:43:23'),
(91, 31, 47, 1, 4.00, 1, '2022-03-23 06:43:23', '2022-03-23 06:43:23'),
(92, 32, 47, 1, 4.00, 1, '2022-03-23 06:43:23', '2022-03-23 06:43:23'),
(93, 33, 47, 1, 4.00, 1, '2022-03-23 06:43:23', '2022-03-23 06:43:23'),
(94, 34, 47, 1, 4.00, 1, '2022-03-23 06:43:23', '2022-03-23 06:43:23'),
(95, 35, 47, 1, 4.00, 1, '2022-03-23 06:43:23', '2022-03-23 06:43:23'),
(96, 65, 48, 1, 17.00, 1, '2022-03-23 06:58:55', '2022-03-23 06:58:55'),
(97, 61, 49, 1, 4.00, 1, '2022-03-24 01:01:19', '2022-03-24 01:01:19'),
(98, 57, 49, 1, 18.00, 1, '2022-03-24 01:01:19', '2022-03-24 01:01:19'),
(99, 58, 49, 1, 18.00, 1, '2022-03-24 01:01:19', '2022-03-24 01:01:19'),
(100, 58, 50, 1, 18.00, 1, '2022-03-24 01:02:23', '2022-03-24 01:02:23'),
(101, 55, 51, 1, 20.00, 1, '2022-03-24 01:03:26', '2022-03-24 01:03:26'),
(102, 58, 51, 1, 18.00, 1, '2022-03-24 01:03:26', '2022-03-24 01:03:26'),
(103, 65, 52, 1, 17.00, 1, '2022-03-24 04:54:04', '2022-03-24 04:54:04'),
(104, 31, 52, 1, 4.00, 1, '2022-03-24 04:54:04', '2022-03-24 04:54:04'),
(105, 33, 52, 1, 4.00, 1, '2022-03-24 04:54:04', '2022-03-24 04:54:04'),
(106, 34, 52, 1, 4.00, 1, '2022-03-24 04:54:04', '2022-03-24 04:54:04'),
(107, 61, 52, 1, 4.00, 1, '2022-03-24 04:54:04', '2022-03-24 04:54:04'),
(108, 35, 52, 2, 8.00, 1, '2022-03-24 04:54:04', '2022-03-24 04:54:04'),
(109, 63, 54, 1, 9.00, 1, '2022-03-25 00:53:19', '2022-03-25 00:53:19'),
(110, 17, 54, 1, 35.00, 1, '2022-03-25 00:53:19', '2022-03-25 00:53:19'),
(111, 64, 55, 1, 9.00, 1, '2022-03-25 00:54:34', '2022-03-25 00:54:34'),
(112, 64, 56, 1, 9.00, 1, '2022-03-25 00:55:44', '2022-03-25 00:55:44'),
(113, 61, 56, 1, 4.00, 1, '2022-03-25 00:55:44', '2022-03-25 00:55:44'),
(114, 70, 57, 1, 22.00, 1, '2022-03-25 01:20:50', '2022-03-25 01:20:50'),
(115, 50, 58, 1, 40.00, 1, '2022-03-25 02:18:47', '2022-03-25 02:18:47'),
(116, 33, 58, 1, 4.00, 1, '2022-03-25 02:18:47', '2022-03-25 02:18:47'),
(117, 52, 58, 1, 22.00, 1, '2022-03-25 02:18:47', '2022-03-25 02:18:47'),
(118, 67, 58, 1, 40.00, 1, '2022-03-25 02:18:47', '2022-03-25 02:18:47'),
(119, 63, 58, 1, 9.00, 1, '2022-03-25 02:18:47', '2022-03-25 02:18:47'),
(120, 61, 58, 1, 4.00, 1, '2022-03-25 02:18:47', '2022-03-25 02:18:47'),
(121, 70, 59, 1, 22.00, 1, '2022-03-25 02:21:44', '2022-03-25 02:21:44'),
(122, 65, 60, 1, 17.00, 1, '2022-03-25 02:55:39', '2022-03-25 02:55:39'),
(123, 33, 60, 1, 4.00, 1, '2022-03-25 02:55:39', '2022-03-25 02:55:39'),
(124, 22, 61, 1, 80.00, 1, '2022-03-25 03:10:11', '2022-03-25 03:10:11'),
(125, 9, 62, 2, 224.00, 1, '2022-03-25 03:15:45', '2022-03-25 03:15:45'),
(126, 51, 63, 1, 14.00, 1, '2022-03-25 04:38:02', '2022-03-25 04:38:02'),
(127, 23, 63, 1, 15.00, 1, '2022-03-25 04:38:02', '2022-03-25 04:38:02'),
(128, 51, 64, 1, 14.00, 1, '2022-03-25 04:38:03', '2022-03-25 04:38:03'),
(129, 23, 64, 1, 15.00, 1, '2022-03-25 04:38:03', '2022-03-25 04:38:03'),
(130, 44, 65, 1, 140.00, 1, '2022-03-25 07:03:43', '2022-03-25 07:03:43'),
(131, 64, 66, 1, 9.00, 1, '2022-03-26 02:29:39', '2022-03-26 02:29:39'),
(132, 61, 67, 1, 4.00, 1, '2022-03-26 02:30:11', '2022-03-26 02:30:11'),
(133, 20, 69, 1, 20.00, 1, '2022-03-26 02:42:42', '2022-03-26 02:42:42'),
(134, 26, 69, 1, 7.00, 1, '2022-03-26 02:42:42', '2022-03-26 02:42:42'),
(135, 8, 70, 1, 195.00, 1, '2022-03-26 03:01:48', '2022-03-26 03:01:48'),
(136, 12, 71, 1, 170.00, 1, '2022-03-28 23:38:50', '2022-03-28 23:38:50'),
(137, 55, 72, 2, 32.00, 1, '2022-03-28 23:57:26', '2022-03-28 23:58:18'),
(138, 59, 72, 1, 11.20, 1, '2022-03-28 23:57:26', '2022-03-28 23:58:39'),
(139, 65, 72, 1, 13.60, 1, '2022-03-28 23:57:26', '2022-03-28 23:59:03'),
(140, 72, 72, 1, 32.00, 1, '2022-03-28 23:57:26', '2022-03-29 00:01:08'),
(141, 11, 73, 1, 210.00, 1, '2022-03-29 01:53:26', '2022-03-29 01:53:26'),
(142, 69, 74, 1, 0.00, 1, '2022-03-29 02:21:09', '2022-03-29 02:21:40'),
(143, 51, 75, 1, 14.00, 1, '2022-03-29 02:28:39', '2022-03-29 02:28:39'),
(144, 54, 75, 1, 15.00, 1, '2022-03-29 02:28:39', '2022-03-29 02:28:39'),
(145, 70, 76, 1, 22.00, 1, '2022-03-29 04:09:36', '2022-03-29 04:09:36'),
(146, 61, 76, 1, 4.00, 1, '2022-03-29 04:09:36', '2022-03-29 04:09:36'),
(147, 44, 77, 1, 140.00, 1, '2022-03-30 02:47:54', '2022-03-30 02:47:54'),
(148, 32, 78, 1, 4.00, 1, '2022-03-30 02:52:50', '2022-03-30 02:52:50'),
(149, 33, 78, 1, 4.00, 1, '2022-03-30 02:52:50', '2022-03-30 02:52:50'),
(150, 70, 79, 1, 22.00, 1, '2022-03-30 03:12:20', '2022-03-30 03:12:20'),
(151, 52, 80, 1, 22.00, 1, '2022-03-30 03:20:32', '2022-03-30 03:20:32'),
(152, 63, 80, 1, 9.00, 1, '2022-03-30 03:20:32', '2022-03-30 03:20:32'),
(153, 33, 80, 1, 4.00, 1, '2022-03-30 03:20:32', '2022-03-30 03:20:32'),
(154, 71, 81, 1, 22.00, 1, '2022-03-30 04:08:59', '2022-03-30 04:08:59'),
(155, 19, 82, 1, 20.00, 1, '2022-03-30 04:11:58', '2022-03-30 04:11:58'),
(156, 14, 83, 1, 90.00, 1, '2022-03-30 06:12:06', '2022-03-30 06:12:06'),
(157, 72, 83, 1, 40.00, 1, '2022-03-30 06:12:06', '2022-03-30 06:12:06'),
(158, 63, 83, 1, 9.00, 1, '2022-03-30 06:12:06', '2022-03-30 06:12:06'),
(159, 28, 83, 1, 25.00, 1, '2022-03-30 06:12:06', '2022-03-30 06:12:06'),
(160, 14, 84, 1, 90.00, 1, '2022-03-30 06:12:07', '2022-03-30 06:12:07'),
(161, 72, 84, 1, 40.00, 1, '2022-03-30 06:12:07', '2022-03-30 06:12:07'),
(162, 63, 84, 1, 9.00, 1, '2022-03-30 06:12:07', '2022-03-30 06:12:07'),
(163, 28, 84, 1, 25.00, 1, '2022-03-30 06:12:07', '2022-03-30 06:12:07'),
(164, 65, 85, 1, 17.00, 1, '2022-03-31 03:29:01', '2022-03-31 03:29:01'),
(165, 56, 85, 1, 14.00, 1, '2022-03-31 03:29:01', '2022-03-31 03:29:01'),
(166, 73, 86, 1, 11.00, 1, '2022-04-01 00:09:31', '2022-04-01 00:09:31'),
(167, 9, 87, 2, 224.00, 1, '2022-04-01 00:17:55', '2022-04-01 00:17:55'),
(168, 9, 88, 1, 112.00, 1, '2022-04-01 01:30:55', '2022-04-01 01:30:55'),
(169, 77, 89, 1, 40.00, 1, '2022-04-01 02:39:50', '2022-04-01 02:39:50'),
(170, 57, 89, 1, 18.00, 1, '2022-04-01 02:39:50', '2022-04-01 02:39:50'),
(171, 64, 89, 1, 9.00, 1, '2022-04-01 02:39:50', '2022-04-01 02:39:50'),
(172, 58, 90, 1, 18.00, 1, '2022-04-02 00:25:03', '2022-04-02 00:25:03'),
(173, 63, 90, 1, 9.00, 1, '2022-04-02 00:25:03', '2022-04-02 00:25:03'),
(174, 65, 91, 1, 17.00, 1, '2022-04-02 00:25:42', '2022-04-02 00:25:42'),
(175, 65, 92, 1, 17.00, 1, '2022-04-02 01:14:30', '2022-04-02 01:14:30'),
(176, 80, 93, 1, 6.00, 1, '2022-04-02 01:23:02', '2022-04-02 01:23:02'),
(177, 82, 94, 1, 210.00, 1, '2022-04-02 01:24:06', '2022-04-02 01:24:06'),
(178, 63, 95, 1, 9.00, 1, '2022-04-02 04:12:46', '2022-04-02 04:12:46'),
(179, 79, 95, 1, 6.00, 1, '2022-04-02 04:12:46', '2022-04-02 04:12:46'),
(180, 20, 96, 1, 20.00, 1, '2022-04-02 05:04:50', '2022-04-02 05:04:50'),
(181, 66, 97, 1, 24.00, 1, '2022-04-02 05:59:23', '2022-04-02 05:59:23'),
(182, 63, 97, 1, 9.00, 1, '2022-04-02 05:59:23', '2022-04-02 05:59:23'),
(183, 71, 97, 1, 22.00, 1, '2022-04-02 05:59:23', '2022-04-02 05:59:23'),
(184, 78, 98, 1, 98.00, 1, '2022-04-02 12:12:53', '2022-04-02 12:12:53'),
(185, 69, 98, 1, 0.00, 1, '2022-04-02 12:12:53', '2022-04-03 00:16:55'),
(186, 79, 99, 3, 18.00, 1, '2022-04-02 23:03:27', '2022-04-02 23:03:27'),
(187, 73, 100, 1, 11.00, 1, '2022-04-03 00:42:03', '2022-04-03 00:42:03'),
(188, 79, 100, 1, 6.00, 1, '2022-04-03 00:42:03', '2022-04-03 00:42:03'),
(189, 46, 101, 1, 4.00, 1, '2022-04-03 00:58:39', '2022-04-03 00:58:39'),
(190, 42, 102, 1, 12.75, 1, '2022-04-03 01:21:02', '2022-04-03 01:21:02'),
(191, 40, 102, 1, 17.00, 1, '2022-04-03 01:21:02', '2022-04-03 01:21:02'),
(192, 46, 102, 1, 0.00, 1, '2022-04-03 01:21:02', '2022-04-03 01:21:02'),
(193, 17, 102, 1, 29.75, 1, '2022-04-03 01:21:02', '2022-04-03 01:21:02'),
(194, 72, 103, 1, 40.00, 1, '2022-04-05 01:56:18', '2022-04-05 01:56:18'),
(195, 77, 104, 1, 40.00, 1, '2022-04-05 02:41:22', '2022-04-05 02:41:22'),
(196, 14, 104, 1, 90.00, 1, '2022-04-05 02:41:22', '2022-04-05 02:41:22'),
(197, 29, 105, 1, 23.00, 1, '2022-04-05 21:40:35', '2022-04-05 21:40:35'),
(198, 51, 106, 1, 14.00, 1, '2022-04-05 21:43:37', '2022-04-05 21:43:37'),
(199, 54, 106, 1, 15.00, 1, '2022-04-05 21:43:37', '2022-04-05 21:43:37'),
(200, 24, 106, 1, 15.00, 1, '2022-04-05 21:43:37', '2022-04-05 21:43:37'),
(201, 81, 106, 1, 19.50, 1, '2022-04-05 21:43:37', '2022-04-05 21:43:37'),
(202, 72, 107, 1, 40.00, 1, '2022-04-05 23:33:44', '2022-04-05 23:33:44'),
(203, 77, 107, 1, 40.00, 1, '2022-04-05 23:33:44', '2022-04-05 23:33:44'),
(204, 14, 107, 1, 90.00, 1, '2022-04-05 23:33:44', '2022-04-05 23:33:44'),
(205, 63, 107, 1, 9.00, 1, '2022-04-05 23:33:44', '2022-04-05 23:33:44'),
(206, 77, 108, 1, 40.00, 1, '2022-04-06 00:08:54', '2022-04-06 00:08:54'),
(207, 70, 109, 1, 22.00, 1, '2022-04-06 00:51:51', '2022-04-06 00:51:51'),
(208, 58, 110, 1, 18.00, 1, '2022-04-06 03:41:42', '2022-04-06 03:41:42'),
(209, 57, 110, 1, 18.00, 1, '2022-04-06 03:41:42', '2022-04-06 03:41:42'),
(210, 55, 110, 1, 20.00, 1, '2022-04-06 03:41:42', '2022-04-06 03:41:42'),
(211, 14, 111, 1, 90.00, 1, '2022-04-06 22:40:47', '2022-04-06 22:40:47'),
(212, 71, 112, 2, 44.00, 1, '2022-04-06 23:20:28', '2022-04-06 23:20:28'),
(213, 66, 112, 2, 48.00, 1, '2022-04-06 23:20:28', '2022-04-06 23:20:28'),
(214, 25, 112, 1, 33.00, 1, '2022-04-06 23:20:28', '2022-04-06 23:20:28'),
(215, 63, 112, 1, 9.00, 1, '2022-04-06 23:20:28', '2022-04-06 23:20:28'),
(216, 77, 112, 1, 40.00, 1, '2022-04-06 23:20:28', '2022-04-06 23:20:28'),
(217, 72, 113, 1, 40.00, 1, '2022-04-07 00:53:45', '2022-04-07 00:53:45'),
(218, 55, 113, 1, 20.00, 1, '2022-04-07 00:53:45', '2022-04-07 00:53:45'),
(219, 15, 114, 1, 95.00, 1, '2022-04-07 00:56:51', '2022-04-07 00:56:51'),
(220, 74, 114, 1, 11.00, 1, '2022-04-07 00:56:51', '2022-04-07 00:56:51'),
(221, 17, 115, 1, 30.00, 1, '2022-04-07 01:04:53', '2022-04-07 01:04:53'),
(222, 15, 116, 1, 95.00, 1, '2022-04-07 01:25:59', '2022-04-07 01:25:59'),
(223, 71, 116, 1, 22.00, 1, '2022-04-07 01:25:59', '2022-04-07 01:25:59'),
(224, 67, 116, 1, 40.00, 1, '2022-04-07 01:25:59', '2022-04-07 01:25:59'),
(225, 16, 116, 1, 18.00, 1, '2022-04-07 01:25:59', '2022-04-07 01:25:59'),
(226, 25, 116, 1, 33.00, 1, '2022-04-07 01:25:59', '2022-04-07 01:25:59'),
(227, 69, 116, 2, 0.00, 1, '2022-04-07 01:25:59', '2022-04-07 01:25:59'),
(228, 81, 117, 1, 19.50, 1, '2022-04-07 20:57:10', '2022-04-07 20:57:10'),
(229, 77, 118, 1, 40.00, 1, '2022-04-09 00:05:03', '2022-04-09 00:05:03'),
(230, 22, 119, 1, 80.00, 1, '2022-04-09 00:40:49', '2022-04-09 00:40:49'),
(231, 21, 120, 1, 20.00, 1, '2022-04-09 02:02:59', '2022-04-09 02:02:59'),
(232, 22, 120, 1, 80.00, 1, '2022-04-09 02:02:59', '2022-04-09 02:02:59'),
(233, 68, 120, 1, 40.00, 1, '2022-04-09 02:02:59', '2022-04-09 02:02:59'),
(234, 16, 120, 1, 18.00, 1, '2022-04-09 02:02:59', '2022-04-09 02:02:59'),
(235, 64, 120, 1, 9.00, 1, '2022-04-09 02:02:59', '2022-04-09 02:02:59'),
(236, 26, 120, 1, 7.00, 1, '2022-04-09 02:02:59', '2022-04-09 02:02:59'),
(237, 57, 120, 1, 18.00, 1, '2022-04-09 02:02:59', '2022-04-09 02:02:59'),
(238, 58, 120, 1, 18.00, 1, '2022-04-09 02:02:59', '2022-04-09 02:02:59'),
(239, 57, 121, 1, 18.00, 1, '2022-04-09 02:57:40', '2022-04-09 02:57:40'),
(240, 52, 121, 1, 22.00, 1, '2022-04-09 02:57:40', '2022-04-09 02:57:40'),
(241, 51, 121, 1, 14.00, 1, '2022-04-09 02:57:40', '2022-04-09 02:57:40'),
(242, 58, 121, 1, 18.00, 1, '2022-04-09 02:57:40', '2022-04-09 02:57:40'),
(243, 77, 121, 1, 40.00, 1, '2022-04-09 02:57:40', '2022-04-09 02:57:40'),
(244, 67, 121, 1, 40.00, 1, '2022-04-09 02:57:40', '2022-04-09 02:57:40'),
(245, 15, 122, 1, 95.00, 1, '2022-04-09 03:19:53', '2022-04-09 03:19:53'),
(246, 77, 122, 1, 40.00, 1, '2022-04-09 03:19:53', '2022-04-09 03:19:53'),
(247, 15, 123, 1, 95.00, 1, '2022-04-09 03:29:02', '2022-04-09 03:29:02'),
(248, 51, 124, 1, 14.00, 1, '2022-04-09 03:49:07', '2022-04-09 03:49:07'),
(249, 52, 124, 1, 22.00, 1, '2022-04-09 03:49:07', '2022-04-09 03:49:07'),
(250, 56, 124, 1, 14.00, 1, '2022-04-09 03:49:07', '2022-04-09 03:49:07'),
(251, 16, 124, 1, 18.00, 1, '2022-04-09 03:49:07', '2022-04-09 03:49:07'),
(252, 26, 124, 1, 7.00, 1, '2022-04-09 03:49:07', '2022-04-09 03:49:07'),
(253, 77, 124, 1, 40.00, 1, '2022-04-09 03:49:07', '2022-04-09 03:49:07'),
(254, 83, 125, 1, 21.00, 1, '2022-04-09 04:38:45', '2022-04-09 04:38:45'),
(255, 15, 126, 1, 95.00, 1, '2022-04-09 04:56:39', '2022-04-09 04:56:39'),
(256, 83, 126, 1, 21.00, 1, '2022-04-09 04:56:39', '2022-04-09 04:56:39'),
(257, 41, 126, 1, 27.00, 1, '2022-04-09 04:56:39', '2022-04-09 04:56:39'),
(258, 35, 126, 1, 4.00, 1, '2022-04-09 04:56:39', '2022-04-09 04:56:39'),
(259, 33, 126, 1, 4.00, 1, '2022-04-09 04:56:39', '2022-04-09 04:56:39'),
(260, 62, 126, 1, 3.00, 1, '2022-04-09 04:56:39', '2022-04-09 04:56:39'),
(261, 23, 127, 1, 15.00, 1, '2022-04-09 23:48:32', '2022-04-09 23:48:32'),
(262, 57, 127, 1, 18.00, 1, '2022-04-09 23:48:32', '2022-04-09 23:48:32'),
(263, 15, 128, 1, 95.00, 1, '2022-04-10 00:58:00', '2022-04-10 00:58:00'),
(264, 83, 129, 1, 21.00, 1, '2022-04-10 01:29:08', '2022-04-10 01:29:08'),
(265, 32, 130, 1, 0.00, 1, '2022-04-10 01:40:22', '2022-04-10 01:40:38'),
(266, 83, 131, 1, 21.00, 1, '2022-04-10 01:45:31', '2022-04-10 01:45:31'),
(267, 60, 131, 1, 16.00, 1, '2022-04-10 01:45:31', '2022-04-10 01:45:31'),
(268, 85, 132, 1, 155.00, 1, '2022-04-11 20:57:58', '2022-04-11 20:57:58'),
(269, 90, 133, 1, 160.00, 1, '2022-04-11 22:14:39', '2022-04-11 22:14:39'),
(270, 43, 133, 1, 41.00, 1, '2022-04-11 22:14:39', '2022-04-11 22:14:39'),
(271, 66, 133, 1, 24.00, 1, '2022-04-11 22:14:39', '2022-04-11 22:14:39'),
(272, 83, 133, 1, 21.00, 1, '2022-04-11 22:14:39', '2022-04-11 22:14:39'),
(273, 82, 134, 1, 210.00, 1, '2022-04-11 22:15:29', '2022-04-11 22:15:29'),
(274, 9, 135, 1, 140.00, 1, '2022-04-11 22:24:07', '2022-04-11 22:24:07'),
(275, 92, 136, 1, 170.00, 1, '2022-04-11 22:33:37', '2022-04-11 22:33:37'),
(276, 44, 137, 1, 140.00, 1, '2022-04-11 22:34:03', '2022-04-11 22:34:03'),
(277, 86, 138, 1, 160.00, 1, '2022-04-11 22:43:02', '2022-04-11 22:43:02'),
(278, 37, 139, 2, 8.00, 1, '2022-04-11 22:51:06', '2022-04-11 22:51:06'),
(279, 29, 139, 1, 23.00, 1, '2022-04-11 22:51:06', '2022-04-11 23:06:53'),
(280, 86, 140, 1, 160.00, 1, '2022-04-11 22:56:58', '2022-04-11 22:56:58'),
(281, 8, 141, 1, 195.00, 1, '2022-04-11 23:03:57', '2022-04-11 23:03:57'),
(282, 86, 142, 1, 160.00, 1, '2022-04-11 23:08:22', '2022-04-11 23:08:22'),
(283, 72, 143, 1, 40.00, 1, '2022-04-11 23:20:25', '2022-04-11 23:20:25'),
(284, 63, 144, 1, 9.00, 1, '2022-04-11 23:25:57', '2022-04-11 23:25:57'),
(285, 41, 144, 1, 27.00, 1, '2022-04-11 23:25:57', '2022-04-11 23:25:57'),
(286, 22, 144, 1, 80.00, 1, '2022-04-11 23:25:57', '2022-04-11 23:25:57'),
(287, 22, 145, 1, 80.00, 1, '2022-04-11 23:29:48', '2022-04-11 23:29:48'),
(288, 97, 146, 1, 17.00, 1, '2022-04-11 23:32:59', '2022-04-11 23:32:59'),
(289, 77, 146, 1, 40.00, 1, '2022-04-11 23:32:59', '2022-04-11 23:32:59'),
(290, 81, 146, 2, 39.00, 1, '2022-04-11 23:32:59', '2022-04-11 23:32:59'),
(291, 26, 147, 1, 7.58, 1, '2022-04-11 23:39:58', '2022-04-11 23:39:58'),
(292, 15, 148, 1, 95.00, 1, '2022-04-11 23:46:20', '2022-04-11 23:46:20'),
(293, 56, 148, 1, 0.00, 1, '2022-04-11 23:46:20', '2022-04-12 00:11:14'),
(294, 9, 149, 1, 140.00, 1, '2022-04-12 00:51:18', '2022-04-12 00:51:18'),
(295, 72, 150, 1, 40.00, 1, '2022-04-12 00:55:48', '2022-04-12 00:55:48'),
(296, 86, 151, 2, 320.00, 1, '2022-04-12 01:13:11', '2022-04-12 01:13:11'),
(297, 9, 152, 1, 78.00, 1, '2022-04-12 01:13:52', '2022-04-12 01:13:52'),
(298, 23, 153, 1, 12.55, 1, '2022-04-12 01:18:27', '2022-04-12 01:18:27'),
(299, 22, 154, 1, 80.00, 1, '2022-04-12 01:22:37', '2022-04-12 01:22:37'),
(300, 22, 155, 1, 65.00, 1, '2022-04-12 01:23:58', '2022-04-12 01:23:58'),
(301, 58, 156, 1, 20.00, 1, '2022-04-12 01:37:22', '2022-04-12 01:37:22'),
(302, 15, 157, 1, 93.14, 1, '2022-04-12 01:41:26', '2022-04-12 01:41:26'),
(303, 77, 158, 1, 42.00, 1, '2022-04-12 01:53:45', '2022-04-12 01:53:45'),
(304, 77, 159, 1, 44.00, 1, '2022-04-12 01:57:28', '2022-04-12 01:57:28'),
(305, 58, 160, 1, 21.10, 1, '2022-04-12 02:01:38', '2022-04-12 02:01:38'),
(306, 15, 161, 1, 93.00, 1, '2022-04-12 02:04:50', '2022-04-12 02:04:50'),
(307, 23, 162, 1, 13.00, 1, '2022-04-12 02:07:02', '2022-04-12 02:07:02'),
(308, 77, 163, 1, 55.00, 1, '2022-04-12 02:11:07', '2022-04-12 02:11:07'),
(309, 77, 164, 1, 40.00, 1, '2022-04-12 02:14:13', '2022-04-12 02:14:13'),
(310, 8, 165, 1, 173.00, 1, '2022-04-12 02:31:12', '2022-04-12 02:31:12'),
(311, 9, 166, 1, 123.00, 1, '2022-04-12 02:38:23', '2022-04-12 02:38:23'),
(312, 22, 167, 1, 80.00, 1, '2022-04-12 03:30:32', '2022-04-12 03:30:32'),
(313, 36, 168, 1, 4.00, 1, '2022-04-12 03:33:41', '2022-04-12 03:33:41'),
(314, 39, 168, 1, 4.00, 1, '2022-04-12 03:33:41', '2022-04-12 03:33:41'),
(315, 77, 169, 1, 48.20, 1, '2022-04-12 03:37:10', '2022-04-12 03:37:10'),
(316, 15, 170, 1, 100.00, 1, '2022-04-12 03:40:58', '2022-04-12 03:40:58'),
(317, 15, 171, 1, 94.98, 1, '2022-04-12 03:45:31', '2022-04-12 03:45:31'),
(318, 15, 172, 1, 94.98, 1, '2022-04-12 03:48:02', '2022-04-12 03:48:02'),
(319, 9, 173, 1, 134.99, 1, '2022-04-12 03:58:16', '2022-04-12 03:58:16'),
(320, 9, 174, 1, 122.00, 1, '2022-04-12 04:03:56', '2022-04-12 04:03:56'),
(321, 58, 175, 1, 18.57, 1, '2022-04-12 04:10:04', '2022-04-12 04:10:04'),
(322, 8, 176, 1, 190.00, 1, '2022-04-12 04:13:17', '2022-04-12 04:13:17'),
(323, 19, 177, 1, 28.00, 1, '2022-04-12 04:20:41', '2022-04-12 04:20:41');

--
-- Truncar tablas antes de insertar `factura_historials`
--

TRUNCATE TABLE `factura_historials`;
--
-- Volcado de datos para la tabla `factura_historials`
--

INSERT INTO `factura_historials` (`id`, `cliente_id`, `user_id`, `precio`, `debitado`, `estado`, `created_at`, `updated_at`) VALUES
(1, 96, 28, 21.00, 1, 1, '2022-04-09 04:51:32', '2022-04-09 04:51:32'),
(2, 33, 25, 20.00, 1, 1, '2022-04-11 22:08:43', '2022-04-11 22:08:43'),
(3, 104, 25, 70.00, 1, 1, '2022-04-11 22:26:39', '2022-04-11 22:26:39'),
(4, 104, 25, 21.00, 1, 1, '2022-04-11 22:28:22', '2022-04-11 22:28:22'),
(5, 105, 25, 135.00, 1, 1, '2022-04-11 22:38:34', '2022-04-11 22:38:34'),
(6, 106, 25, 110.00, 1, 1, '2022-04-11 22:44:31', '2022-04-11 22:44:31'),
(7, 30, 25, 40.00, 1, 1, '2022-04-11 22:47:00', '2022-04-11 22:47:00'),
(8, 107, 25, 174.00, 1, 1, '2022-04-11 23:02:16', '2022-04-11 23:02:16'),
(9, 110, 25, 110.00, 1, 1, '2022-04-11 23:04:50', '2022-04-11 23:04:50'),
(10, 111, 25, 90.00, 1, 1, '2022-04-11 23:09:49', '2022-04-11 23:09:49'),
(11, 80, 25, 20.00, 1, 1, '2022-04-11 23:19:18', '2022-04-11 23:19:18'),
(12, 83, 25, 65.00, 1, 1, '2022-04-11 23:20:59', '2022-04-11 23:20:59'),
(13, 113, 25, 30.00, 1, 1, '2022-04-11 23:42:20', '2022-04-11 23:42:20'),
(14, 114, 25, 40.00, 1, 1, '2022-04-11 23:45:06', '2022-04-11 23:45:06'),
(15, 28, 25, 43.06, 1, 1, '2022-04-12 00:48:40', '2022-04-12 00:48:40'),
(16, 115, 25, 18.00, 1, 1, '2022-04-12 00:52:34', '2022-04-12 00:52:34'),
(17, 116, 25, 8.84, 1, 1, '2022-04-12 00:58:27', '2022-04-12 00:58:27'),
(18, 59, 25, 30.00, 1, 1, '2022-04-12 01:05:33', '2022-04-12 01:05:33'),
(19, 5, 25, 56.00, 1, 1, '2022-04-12 01:06:51', '2022-04-12 01:06:51'),
(20, 47, 25, 7.51, 1, 1, '2022-04-12 01:08:28', '2022-04-12 01:08:28'),
(21, 27, 25, 100.00, 1, 1, '2022-04-12 01:10:22', '2022-04-12 01:10:22'),
(22, 4, 25, 40.00, 1, 1, '2022-04-12 01:28:37', '2022-04-12 01:28:37'),
(23, 63, 25, 40.00, 1, 1, '2022-04-12 01:31:39', '2022-04-12 01:31:39'),
(24, 54, 25, 85.17, 1, 1, '2022-04-12 01:44:00', '2022-04-12 01:44:00'),
(25, 48, 25, 60.34, 1, 1, '2022-04-12 01:46:40', '2022-04-12 01:46:40'),
(26, 50, 25, 20.00, 1, 1, '2022-04-12 01:47:56', '2022-04-12 01:47:56'),
(27, 14, 25, 99.32, 1, 1, '2022-04-12 02:25:29', '2022-04-12 02:25:29'),
(28, 94, 25, 8.27, 1, 1, '2022-04-12 02:33:13', '2022-04-12 02:33:13'),
(29, 101, 25, 65.00, 1, 1, '2022-04-12 02:34:16', '2022-04-12 02:34:16'),
(30, 57, 25, 40.00, 1, 1, '2022-04-12 02:35:45', '2022-04-12 02:35:45'),
(31, 14, 26, 95.68, 1, 1, '2022-04-12 03:26:23', '2022-04-12 03:26:23'),
(32, 99, 25, 40.00, 1, 1, '2022-04-12 03:26:50', '2022-04-12 03:26:50'),
(33, 102, 26, 59.31, 1, 1, '2022-04-12 04:01:44', '2022-04-12 04:01:44');


TRUNCATE TABLE `frecuencias`;
--
-- Volcado de datos para la tabla `frecuencias`
--

INSERT INTO `frecuencias` (`id`, `descripcion`, `dias`, `estado`, `created_at`, `updated_at`) VALUES
(1, 'quincenal', 15, 1, '2022-01-25 12:38:13', '2022-01-27 16:36:20'),
(2, 'mensual', 30, 1, '2022-01-27 16:28:49', '2022-02-09 09:35:49'),
(4, 'Semanal', 6, 1, '2022-03-15 12:29:58', '2022-03-15 12:29:58');


TRUNCATE TABLE `model_has_roles`;
--
-- Volcado de datos para la tabla `model_has_roles`
--

INSERT INTO `model_has_roles` (`role_id`, `model_type`, `model_id`) VALUES
(2, 'App\\Models\\User', 20),
(2, 'App\\Models\\User', 21),
(2, 'App\\Models\\User', 23),
(2, 'App\\Models\\User', 24),
(2, 'App\\Models\\User', 25),
(3, 'App\\Models\\User', 26),
(3, 'App\\Models\\User', 27),
(3, 'App\\Models\\User', 28);


TRUNCATE TABLE `personal_access_tokens`;
--
-- Volcado de datos para la tabla `personal_access_tokens`
--

INSERT INTO `personal_access_tokens` (`id`, `tokenable_type`, `tokenable_id`, `name`, `token`, `abilities`, `last_used_at`, `created_at`, `updated_at`) VALUES
(1, 'App\\Models\\User', 18, 'tokens', '542377f36a759959b225a9d1050fc73b3f9b1d628a188c58c4cb96d7954eb1ba', '[\"*\"]', NULL, '2022-02-20 16:08:49', '2022-02-20 16:08:49'),
(2, 'App\\Models\\User', 19, 'tokens', '1037f773e18d1b49ec0d2fda200bbe36f28b79da86acf2160b17a217133a5c0d', '[\"*\"]', NULL, '2022-02-20 18:19:44', '2022-02-20 18:19:44'),
(3, 'App\\Models\\User', 6, 'tokens', '4134f8ceefc11ce5e0a614ce04e9cf5a0d28fde6e307e5854a065babdaad27b7', '[\"*\"]', NULL, '2022-02-21 09:14:26', '2022-02-21 09:14:26'),
(4, 'App\\Models\\User', 6, 'tokens', '473566e86d963d674a483491ad44cf351f256f7b9ae0c2f90745d0b9a2a0bfd9', '[\"*\"]', NULL, '2022-02-21 10:40:33', '2022-02-21 10:40:33'),
(5, 'App\\Models\\User', 6, 'tokens', '6e1746b5b2feea1136271f569431f087669828b9a4fc0dc5bc82ac48a1dd71fd', '[\"*\"]', NULL, '2022-02-21 10:41:52', '2022-02-21 10:41:52'),
(6, 'App\\Models\\User', 20, 'tokens', '15615d97e8c6da2cac9f739c92ed14e15cf96bb9bf45cb8502835d78d1a91d44', '[\"*\"]', NULL, '2022-03-05 06:27:40', '2022-03-05 06:27:40'),
(7, 'App\\Models\\User', 20, 'tokens', 'b13fa9edcf5b6e9885a84fb9245bb64e2bc9b82567293c7243909a9477d58388', '[\"*\"]', NULL, '2022-03-05 06:31:39', '2022-03-05 06:31:39'),
(8, 'App\\Models\\User', 21, 'tokens', '7052753e7b40852447ec8046f8aaea48631513d974409fad7b94715df59d457a', '[\"*\"]', NULL, '2022-03-05 06:34:04', '2022-03-05 06:34:04'),
(9, 'App\\Models\\User', 20, 'tokens', '625ca44a3b9c022112e3bcff1a27e14781ffdd82f071a88d6f2b1ecd7aaba163', '[\"*\"]', NULL, '2022-03-12 01:36:37', '2022-03-12 01:36:37'),
(10, 'App\\Models\\User', 22, 'tokens', '72cd51187a5dc93dd366da9490859da560edd24dd9307b1ad3f18af0ec6ef25f', '[\"*\"]', NULL, '2022-03-12 01:37:40', '2022-03-12 01:37:40'),
(11, 'App\\Models\\User', 22, 'tokens', '06825a8d8f29580cc04f9250d1b5363d07877c091fdaaead8a333c079ad96366', '[\"*\"]', NULL, '2022-03-12 01:38:00', '2022-03-12 01:38:00'),
(12, 'App\\Models\\User', 22, 'tokens', 'd7a46f2b0b813c729abe9cd404d029f6756f1a434a7770c1db07d56d291b95ea', '[\"*\"]', NULL, '2022-03-12 01:38:14', '2022-03-12 01:38:14'),
(13, 'App\\Models\\User', 22, 'tokens', '0283fc2984c1542ac9c847ea4d5b25828ee715c4d43db8b0389ec58ebf57ecb1', '[\"*\"]', NULL, '2022-03-12 01:38:23', '2022-03-12 01:38:23'),
(14, 'App\\Models\\User', 22, 'tokens', 'f3eba9ca6f79d6a07c45a20f97ed031568a8dd0e8df5f16713fc1a726b0e33c0', '[\"*\"]', NULL, '2022-03-12 01:45:27', '2022-03-12 01:45:27'),
(15, 'App\\Models\\User', 20, 'tokens', '2fdbdd2da319f9ace58690d59c266bcf3d6f444461fa85fb65c33dae5d527a6b', '[\"*\"]', NULL, '2022-03-12 01:45:43', '2022-03-12 01:45:43'),
(16, 'App\\Models\\User', 21, 'tokens', 'da523c281ad2a08d56ffd879a95be1ae903e4dbad03f7450fc6b219b58224a7e', '[\"*\"]', NULL, '2022-03-15 05:57:05', '2022-03-15 05:57:05'),
(17, 'App\\Models\\User', 21, 'tokens', '0e966337e439462f58ca55487d81773aed6b08024fae0a61e6dac2f727974155', '[\"*\"]', NULL, '2022-03-15 05:57:07', '2022-03-15 05:57:07'),
(18, 'App\\Models\\User', 23, 'tokens', '6af4633431e93164eee05b21ae99f929a053f31e83d04ed6da3ed704868461ac', '[\"*\"]', NULL, '2022-03-15 07:51:37', '2022-03-15 07:51:37'),
(19, 'App\\Models\\User', 23, 'tokens', '526b7696aa70f872d3ca5f3bf22cee30f347a7f38fce20848638fbb7faf5d8de', '[\"*\"]', NULL, '2022-03-15 07:59:45', '2022-03-15 07:59:45'),
(20, 'App\\Models\\User', 23, 'tokens', 'a97248b398f8d7db03c83fc633306dbd0145542f5c8095774853682eb6fc2b3d', '[\"*\"]', NULL, '2022-03-15 08:02:58', '2022-03-15 08:02:58'),
(21, 'App\\Models\\User', 24, 'tokens', '6f59fcd0278867c7b7bfd6574af557a984fd35dd04af2e2f49a7d6b80df88e8e', '[\"*\"]', NULL, '2022-03-15 08:27:31', '2022-03-15 08:27:31'),
(22, 'App\\Models\\User', 24, 'tokens', '77478b892493a54057e630b85cea1f43901bfe4b51226a11f44c40d43f2d0899', '[\"*\"]', NULL, '2022-03-15 08:31:19', '2022-03-15 08:31:19'),
(23, 'App\\Models\\User', 25, 'tokens', 'bf315437486da31f607f64154d3f80168079afcf7ef32f3a698eadd262e96abe', '[\"*\"]', NULL, '2022-03-15 10:53:41', '2022-03-15 10:53:41'),
(24, 'App\\Models\\User', 23, 'tokens', '81f9a3b94bb0f2b8c1f9f66f287e3f36d4f48b73c52e959718c73fc83bfe51bf', '[\"*\"]', NULL, '2022-03-15 10:54:02', '2022-03-15 10:54:02'),
(25, 'App\\Models\\User', 25, 'tokens', 'd8c06c201e024f54bf75a09a877967570af921b28ac49f85640c2753ff410510', '[\"*\"]', NULL, '2022-03-15 10:55:53', '2022-03-15 10:55:53'),
(26, 'App\\Models\\User', 25, 'tokens', '956f6e688d68e232834d429d1afedc719dbb2f2409ca41e636232c338ecaa369', '[\"*\"]', NULL, '2022-03-15 12:39:04', '2022-03-15 12:39:04'),
(27, 'App\\Models\\User', 25, 'tokens', 'b5c216ae4ede862f0155277b77012a4c13138c65536515b31285ab9215210e2e', '[\"*\"]', NULL, '2022-03-15 23:19:16', '2022-03-15 23:19:16'),
(28, 'App\\Models\\User', 25, 'tokens', 'b95f5e511f0f5719a4ee39081ea2b22405b7c4c63b292565319ddf1658bc63f0', '[\"*\"]', NULL, '2022-03-16 00:42:41', '2022-03-16 00:42:41'),
(29, 'App\\Models\\User', 25, 'tokens', '7b22af7ba0d093384d3dc31329fa4d09f646e1865596fd699b76ad4dcbb1ecb0', '[\"*\"]', NULL, '2022-03-16 00:42:43', '2022-03-16 00:42:43'),
(30, 'App\\Models\\User', 26, 'tokens', 'fbd442c452b3b555c6589d71c5c2097de4adca2390e3eeb1b6ad13bf6618aaeb', '[\"*\"]', NULL, '2022-03-16 00:56:28', '2022-03-16 00:56:28'),
(31, 'App\\Models\\User', 26, 'tokens', 'a186fcedd988c415d9ebd64bc3bf474da52f36669f47e7e0e01a2beb7f7304a1', '[\"*\"]', NULL, '2022-03-16 00:59:06', '2022-03-16 00:59:06'),
(32, 'App\\Models\\User', 26, 'tokens', '376a89b3258d9fb4fe4c07ecf7ea7cd1fc4414c5ed36d85268a882ac407eec06', '[\"*\"]', NULL, '2022-03-16 02:24:21', '2022-03-16 02:24:21'),
(33, 'App\\Models\\User', 26, 'tokens', '735dff86b5f429425a203aadf4c096d7764c0d13631c135ec88e6a07911d9f2d', '[\"*\"]', NULL, '2022-03-16 02:24:57', '2022-03-16 02:24:57'),
(34, 'App\\Models\\User', 26, 'tokens', '803232232e74cd797e255917634d384e5ca23340b99d2dd31892c50fd674e3c5', '[\"*\"]', NULL, '2022-03-16 02:25:31', '2022-03-16 02:25:31'),
(35, 'App\\Models\\User', 26, 'tokens', 'b94499a92c7adf8309453d690525da0dd108df49172a01be491c09e25b902d6b', '[\"*\"]', NULL, '2022-03-16 02:26:50', '2022-03-16 02:26:50'),
(36, 'App\\Models\\User', 26, 'tokens', '32de8a0ae5ad835794dda15ab6070a946271c795b06ca38f3c0757526c99d6c8', '[\"*\"]', NULL, '2022-03-16 02:57:48', '2022-03-16 02:57:48'),
(37, 'App\\Models\\User', 27, 'tokens', '0e7f5da843048b28f9e16ab9a59195102602b44b8b8c7e7ce9332db1e40e0a93', '[\"*\"]', NULL, '2022-03-16 04:06:43', '2022-03-16 04:06:43'),
(38, 'App\\Models\\User', 27, 'tokens', '454e4242da4f4b2212280c442a137abd14964ad0b647c693deff880955ba39ac', '[\"*\"]', NULL, '2022-03-16 04:08:04', '2022-03-16 04:08:04'),
(39, 'App\\Models\\User', 27, 'tokens', 'e7a5ea2b75db001269f93ce1439dc5dc3cc5fed5be8ac3ebd4575fd3dcdb9ba9', '[\"*\"]', NULL, '2022-03-16 04:38:08', '2022-03-16 04:38:08'),
(40, 'App\\Models\\User', 26, 'tokens', 'bc1c20c485764983ab82c28f6c8c13d1a8758edea62edbb24feb7d0d2f720db5', '[\"*\"]', NULL, '2022-03-16 07:36:45', '2022-03-16 07:36:45'),
(41, 'App\\Models\\User', 26, 'tokens', '293a5bbbb8e41131b7363d301acaaf8da610d2e19a961eebd66bc1c3a947b45d', '[\"*\"]', NULL, '2022-03-16 07:36:45', '2022-03-16 07:36:45'),
(42, 'App\\Models\\User', 26, 'tokens', '79cffaf09b747b1b228d49fceeb93c9dbda58a360bc47a8ef7a1dc5b95cfd1c8', '[\"*\"]', NULL, '2022-03-18 00:58:41', '2022-03-18 00:58:41'),
(43, 'App\\Models\\User', 26, 'tokens', '08527544b2dc0dd9ca82f0ac1942b371deebcee819b5a88e0464321644c5b4b7', '[\"*\"]', NULL, '2022-03-18 00:58:43', '2022-03-18 00:58:43'),
(44, 'App\\Models\\User', 26, 'tokens', 'efd4ab39a5e38e930233e23c9d349c71172fc7c7bc4732b96a91fc63a37b4187', '[\"*\"]', NULL, '2022-03-18 01:40:40', '2022-03-18 01:40:40'),
(45, 'App\\Models\\User', 26, 'tokens', 'd73238458a68c82693d4ce0fbfa36c928b220f90ed32fda40434d97c6622d073', '[\"*\"]', NULL, '2022-03-18 01:40:40', '2022-03-18 01:40:40'),
(46, 'App\\Models\\User', 26, 'tokens', '02533f4f3c5c174d957ad21c3faccdf308929287ebd6be5ebd0081acfe79b790', '[\"*\"]', NULL, '2022-03-18 01:40:41', '2022-03-18 01:40:41'),
(47, 'App\\Models\\User', 26, 'tokens', '6f6c38c2114bfdc6566125183f827dcb62d968798ed0784ed71a944263e03b15', '[\"*\"]', NULL, '2022-03-18 01:59:53', '2022-03-18 01:59:53'),
(48, 'App\\Models\\User', 20, 'tokens', '0837086800499f066ecf3710704be2e08fe357aeb41f6529bb363b8cbd2434c3', '[\"*\"]', NULL, '2022-03-18 03:53:54', '2022-03-18 03:53:54'),
(49, 'App\\Models\\User', 26, 'tokens', 'ec613724af5a1b10b45376b57aa130920fdcd27d1c13d2f3e815054e93120079', '[\"*\"]', NULL, '2022-03-18 04:15:19', '2022-03-18 04:15:19'),
(50, 'App\\Models\\User', 26, 'tokens', '04a8582ce40b616c5b9bae52b40e670683678da57ade587a49ded9ec92cf487d', '[\"*\"]', NULL, '2022-03-18 04:15:19', '2022-03-18 04:15:19'),
(51, 'App\\Models\\User', 25, 'tokens', '0404a2713863d85d558878cbabbb0382fc937fc0bb8022e00dcd40ad37079833', '[\"*\"]', NULL, '2022-03-18 04:19:27', '2022-03-18 04:19:27'),
(52, 'App\\Models\\User', 25, 'tokens', '14e6f4b26e7ab238076a1e8b79ee34a554907d7e8d63ce2c2230dd9d7354e597', '[\"*\"]', NULL, '2022-03-18 04:19:28', '2022-03-18 04:19:28'),
(53, 'App\\Models\\User', 26, 'tokens', '58cc74ac9b0d1c67276986b042893e3e29c4ce65766df16919b6b27b722a9df4', '[\"*\"]', NULL, '2022-03-18 06:51:43', '2022-03-18 06:51:43'),
(54, 'App\\Models\\User', 26, 'tokens', 'ce7a764b1359675a30a3533abf3627c19b9b917485bbda34316bbfdc853c8a29', '[\"*\"]', NULL, '2022-03-18 06:51:46', '2022-03-18 06:51:46'),
(55, 'App\\Models\\User', 20, 'tokens', '097cdcd70117b97522fd2afe88b1b9676305bee0af68be3fbb64312f97cacb48', '[\"*\"]', NULL, '2022-03-18 21:21:43', '2022-03-18 21:21:43'),
(56, 'App\\Models\\User', 20, 'tokens', '5f53e896e26f875d87760f22a7e73b10be2a6d5809260cadc8f4cec205533fc2', '[\"*\"]', NULL, '2022-03-18 21:21:43', '2022-03-18 21:21:43'),
(57, 'App\\Models\\User', 26, 'tokens', 'b849b492dd13a470564fa952aa4f9737f379572dbcb11d1a828ebc5238d136ea', '[\"*\"]', NULL, '2022-03-19 01:22:27', '2022-03-19 01:22:27'),
(58, 'App\\Models\\User', 25, 'tokens', '44fbddccb4450802fa228c90be29f13112f73386e9940be3320d699d931a66a6', '[\"*\"]', NULL, '2022-03-19 01:22:27', '2022-03-19 01:22:27'),
(59, 'App\\Models\\User', 27, 'tokens', '7f54101f84d7e387f0cadac108d7f5c6a0d59e77ec30673cd2e26bf88b1598f6', '[\"*\"]', NULL, '2022-03-20 01:02:29', '2022-03-20 01:02:29'),
(60, 'App\\Models\\User', 27, 'tokens', '091f55e9120592df8522a7b2e3d3d51988732d82ab946787a4858850bdd8cced', '[\"*\"]', NULL, '2022-03-20 01:02:29', '2022-03-20 01:02:29'),
(61, 'App\\Models\\User', 25, 'tokens', 'fb81e441539dec1d33fbd1c6c66327aeb5ce4d3d83b62363f372cd2609c940bb', '[\"*\"]', NULL, '2022-03-20 01:13:59', '2022-03-20 01:13:59'),
(62, 'App\\Models\\User', 25, 'tokens', '21ddbf741d11a9305b53c76b8e23468aaca0f14ac2aad6093033c7d6d0af9974', '[\"*\"]', NULL, '2022-03-20 04:37:54', '2022-03-20 04:37:54'),
(63, 'App\\Models\\User', 27, 'tokens', 'f257e758f7737705461f695d58b455a18aa43304a1a4262e518cc16a3ea48a3a', '[\"*\"]', NULL, '2022-03-20 07:00:12', '2022-03-20 07:00:12'),
(64, 'App\\Models\\User', 25, 'tokens', 'a1affca35bcc6074801482cbb7d6d888ca0e6247df5a28275e8b0957f2846340', '[\"*\"]', NULL, '2022-03-20 08:13:11', '2022-03-20 08:13:11'),
(65, 'App\\Models\\User', 25, 'tokens', 'f705761bbb1f744ebfe9fbf7910107a799ffc81ea30017bb4ba02ed4b121d92c', '[\"*\"]', NULL, '2022-03-20 08:52:41', '2022-03-20 08:52:41'),
(66, 'App\\Models\\User', 25, 'tokens', '0adacb03ef41d66b1079f42395251b4eef27d7ffc11b22118f670360d5d6debd', '[\"*\"]', NULL, '2022-03-22 01:14:00', '2022-03-22 01:14:00'),
(67, 'App\\Models\\User', 26, 'tokens', '227596377aef965c18556fd8188aefbc4500dbb55b06f28c7f90517f8a7f28ee', '[\"*\"]', NULL, '2022-03-22 01:32:51', '2022-03-22 01:32:51'),
(68, 'App\\Models\\User', 26, 'tokens', 'dcf51b486c57d5d5bba63a17574a2f167c35708bba32ea1ace6e74fc46c57c30', '[\"*\"]', NULL, '2022-03-22 01:40:11', '2022-03-22 01:40:11'),
(69, 'App\\Models\\User', 25, 'tokens', 'a0a19ce8cae892f807f2b86b88da1e29adb602cad81983ccbf53368af2ae41a1', '[\"*\"]', NULL, '2022-03-22 02:01:49', '2022-03-22 02:01:49'),
(70, 'App\\Models\\User', 25, 'tokens', '6f3a6f6ce539713214b114bce68bf559da3516774401939b808d93fef466f475', '[\"*\"]', NULL, '2022-03-22 02:06:46', '2022-03-22 02:06:46'),
(71, 'App\\Models\\User', 26, 'tokens', 'f616e815bdff74c84b073327b1af3708d90c43a2b518a224cb511fecaa7e6ded', '[\"*\"]', NULL, '2022-03-22 02:21:20', '2022-03-22 02:21:20'),
(72, 'App\\Models\\User', 26, 'tokens', '6fa968cc251e8bfdba935d1bf6634068774e0fbb902dd6a32daadfde95baa383', '[\"*\"]', NULL, '2022-03-22 02:32:45', '2022-03-22 02:32:45'),
(73, 'App\\Models\\User', 26, 'tokens', '218015d1da9e221bd3cf144922e846d73d3e89a5f061e38a9ee62726bd9cc228', '[\"*\"]', NULL, '2022-03-22 02:32:46', '2022-03-22 02:32:46'),
(74, 'App\\Models\\User', 26, 'tokens', '19955390e504504abb38e3974c6ba63421d34f7cca2d2275018d32987baa374d', '[\"*\"]', NULL, '2022-03-22 03:05:44', '2022-03-22 03:05:44'),
(75, 'App\\Models\\User', 26, 'tokens', 'b2728728deb94e19812d6a2b6e20509d92d60f724ccbea1bebc5a03ae1cab98d', '[\"*\"]', NULL, '2022-03-22 03:05:44', '2022-03-22 03:05:44'),
(76, 'App\\Models\\User', 25, 'tokens', '6e7d488d174cffd71912348f9016e6853dc85fad0a4f8456534f85c6da42f3b9', '[\"*\"]', NULL, '2022-03-22 03:27:29', '2022-03-22 03:27:29'),
(77, 'App\\Models\\User', 25, 'tokens', 'de5c41135f4e61df09e19051c844f9113d1bb6c9ace3c61d2c248be39f2c57cc', '[\"*\"]', NULL, '2022-03-22 03:54:13', '2022-03-22 03:54:13'),
(78, 'App\\Models\\User', 26, 'tokens', 'd69429fc0b3fbce5d26de9513aff7d34b930134c8805cbfd40cc78d002937df1', '[\"*\"]', NULL, '2022-03-22 03:59:23', '2022-03-22 03:59:23'),
(79, 'App\\Models\\User', 26, 'tokens', '7edcb9764e8723ed7d6a14941693eb3bde90a8f5900d1dc36e94927494bf6416', '[\"*\"]', NULL, '2022-03-22 07:22:22', '2022-03-22 07:22:22'),
(80, 'App\\Models\\User', 20, 'tokens', '6b59fcaf994ef0c230ad0bfbb155bf07ffca5114d81ad99c7bd7b429a6f6ea8b', '[\"*\"]', NULL, '2022-03-22 10:36:27', '2022-03-22 10:36:27'),
(81, 'App\\Models\\User', 20, 'tokens', '8659f935db3ce3ad990e6c5de3f07b35f8619e7368d6d8951f63cbcd95c03df4', '[\"*\"]', NULL, '2022-03-22 10:36:29', '2022-03-22 10:36:29'),
(82, 'App\\Models\\User', 25, 'tokens', 'c1486fbd261bbccc84ca774b0505c3ec153104d9f7f0192458eb40445f2f4f25', '[\"*\"]', NULL, '2022-03-22 23:29:58', '2022-03-22 23:29:58'),
(83, 'App\\Models\\User', 26, 'tokens', '22de572fd18254152baea965c39bf5b1f929e157fb5eaa1a9358b819b6b054f5', '[\"*\"]', NULL, '2022-03-23 01:58:00', '2022-03-23 01:58:00'),
(84, 'App\\Models\\User', 26, 'tokens', '181dc64d3cf943ff5f1ed900c44a3e931dfdff91f246d9e2600bb476f6b64cd7', '[\"*\"]', NULL, '2022-03-23 01:58:00', '2022-03-23 01:58:00'),
(85, 'App\\Models\\User', 25, 'tokens', 'f02fa32feb23cc9fe1490d5d7ef67c252033696fb10db6530e76f4aa9ba37fa0', '[\"*\"]', NULL, '2022-03-23 02:07:01', '2022-03-23 02:07:01'),
(86, 'App\\Models\\User', 25, 'tokens', 'fa00510f4ad78b40ca46d128f2bd4ea2f7bcf1a13f0da3322f219af96c0afc4b', '[\"*\"]', NULL, '2022-03-23 03:17:52', '2022-03-23 03:17:52'),
(87, 'App\\Models\\User', 26, 'tokens', 'eb359ac0759977c719e669047ada093dc71dcc4eb75d1f6180ba1c7d540afe2a', '[\"*\"]', NULL, '2022-03-23 06:40:02', '2022-03-23 06:40:02'),
(88, 'App\\Models\\User', 26, 'tokens', '48ad289d42136e5deeda0911bfed5c386811f3272a20990433ae9bbbe8f8f699', '[\"*\"]', NULL, '2022-03-23 06:40:02', '2022-03-23 06:40:02'),
(89, 'App\\Models\\User', 26, 'tokens', '05fe896377bc4480e59a021c55235a4b700f6876a9b8be5a0f347d426b714a4e', '[\"*\"]', NULL, '2022-03-23 06:40:03', '2022-03-23 06:40:03'),
(90, 'App\\Models\\User', 25, 'tokens', '51605264adcd978d4025c672db1c08cccfccc0b113b745f767a6e4871dd9ee3b', '[\"*\"]', NULL, '2022-03-24 00:53:37', '2022-03-24 00:53:37'),
(91, 'App\\Models\\User', 25, 'tokens', '191530c414638e26109e4a08d2cbb4b597e1a8d0e657d6cbdf22f1e7dd668804', '[\"*\"]', NULL, '2022-03-25 00:26:05', '2022-03-25 00:26:05'),
(92, 'App\\Models\\User', 25, 'tokens', 'a5f1a811e44358dd40a391fb3dd950c0d0bfda5391d3258d778d6db699a8ca3b', '[\"*\"]', NULL, '2022-03-25 01:12:43', '2022-03-25 01:12:43'),
(93, 'App\\Models\\User', 26, 'tokens', '2ca3480329db61f1a24d5763cf64d87272342f6a442429335fbddaac3dacf273', '[\"*\"]', NULL, '2022-03-25 01:15:43', '2022-03-25 01:15:43'),
(94, 'App\\Models\\User', 25, 'tokens', 'a8ef76a7ff36dd10a7138add7a3c58c3ba4d178285678faa037752a9f910ee06', '[\"*\"]', NULL, '2022-03-25 01:23:15', '2022-03-25 01:23:15'),
(95, 'App\\Models\\User', 26, 'tokens', 'd000089e076827e2627a54962628455f5f80ba00a2b8fc5aeed09481b49e86b7', '[\"*\"]', NULL, '2022-03-25 02:01:13', '2022-03-25 02:01:13'),
(96, 'App\\Models\\User', 26, 'tokens', 'befcf20058291d388a6bc0629b40d8f5d538d2a16bd41ba9c87c995650f982f1', '[\"*\"]', NULL, '2022-03-25 02:01:14', '2022-03-25 02:01:14'),
(97, 'App\\Models\\User', 26, 'tokens', 'ea49af5fb0af4649642bdd2c319430543df3b90d621f73b3cadaa7423442eee6', '[\"*\"]', NULL, '2022-03-25 02:11:07', '2022-03-25 02:11:07'),
(98, 'App\\Models\\User', 26, 'tokens', '2456b70603dc5e84de20d25d2afd05a9142789a69d5bb544a31f6420bfbb810a', '[\"*\"]', NULL, '2022-03-25 02:11:08', '2022-03-25 02:11:08'),
(99, 'App\\Models\\User', 26, 'tokens', 'c41402f9883c9fc8455c19455c0ba750f4514e9cbfd5d7de61cecf6ca0a91960', '[\"*\"]', NULL, '2022-03-25 02:20:52', '2022-03-25 02:20:52'),
(100, 'App\\Models\\User', 25, 'tokens', '428caf1223f71f85e7860cfe627db56bd6513a37f84bd2a7b8cc0d082bc5db48', '[\"*\"]', NULL, '2022-03-25 02:35:18', '2022-03-25 02:35:18'),
(101, 'App\\Models\\User', 26, 'tokens', 'ea3fa1cc469553beafde2e8dfbc6e61c8abdc44f8461ef0e91f9c3565b90d475', '[\"*\"]', NULL, '2022-03-25 03:06:06', '2022-03-25 03:06:06'),
(102, 'App\\Models\\User', 26, 'tokens', 'c22c6f51d9fc3e4b6b8d3ad6b8ed3516c17b05e50801289e60a7b00b173a2552', '[\"*\"]', NULL, '2022-03-25 06:27:59', '2022-03-25 06:27:59'),
(103, 'App\\Models\\User', 26, 'tokens', '6a1b4ca79b5979d00a7e4a748ba94931419e538d7f1110336b141df5b7ba0e3b', '[\"*\"]', NULL, '2022-03-25 06:29:37', '2022-03-25 06:29:37'),
(104, 'App\\Models\\User', 26, 'tokens', '6948f15078b110df03a420e94ce65bccd582c3eb52dcb6991e84d8d0f1f12265', '[\"*\"]', NULL, '2022-03-25 06:29:38', '2022-03-25 06:29:38'),
(105, 'App\\Models\\User', 25, 'tokens', '672ab55227ddc37b4605332b2f451e5bde8da38e9193d158bcbd7bd2ae79f703', '[\"*\"]', NULL, '2022-03-25 23:42:40', '2022-03-25 23:42:40'),
(106, 'App\\Models\\User', 25, 'tokens', '54881899d02c7a748f843555387241ad8ad9e929fe810a10fff90e7b250906a9', '[\"*\"]', NULL, '2022-03-26 00:44:42', '2022-03-26 00:44:42'),
(107, 'App\\Models\\User', 26, 'tokens', 'bf15868391a9d1e8ea37be485d2dced16794b6a974baca5c05c98d4f25cac4e8', '[\"*\"]', NULL, '2022-03-26 02:37:23', '2022-03-26 02:37:23'),
(108, 'App\\Models\\User', 26, 'tokens', 'ea4f8f819bf8e3b4c841a4464f05d87b1f374cd33f65f2d2929d47a711d1a44c', '[\"*\"]', NULL, '2022-03-26 02:37:23', '2022-03-26 02:37:23'),
(109, 'App\\Models\\User', 26, 'tokens', '92bc9019aad1a69375b63b1befa3212b3ba59871e145bd2872375b8f74ee57c2', '[\"*\"]', NULL, '2022-03-26 02:37:23', '2022-03-26 02:37:23'),
(110, 'App\\Models\\User', 26, 'tokens', 'dc4a59e8f003b01f1db713b58121638d73a92098afb2bb679728f975d74977af', '[\"*\"]', NULL, '2022-03-26 03:00:58', '2022-03-26 03:00:58'),
(111, 'App\\Models\\User', 26, 'tokens', '9c9b8b8aee3c03a80a7549bff37afa46808f604747cd6be0ffea518106c661c3', '[\"*\"]', NULL, '2022-03-26 03:00:58', '2022-03-26 03:00:58'),
(112, 'App\\Models\\User', 26, 'tokens', '4f67ddbf11fd8f59347bfb95cc226c459481ec74227925413a6ec289483568d0', '[\"*\"]', NULL, '2022-03-26 03:00:58', '2022-03-26 03:00:58'),
(113, 'App\\Models\\User', 26, 'tokens', '24a2c8e2f71b4efb70e515b7a906d3236ecf4729b24fddc07fdde050347f2699', '[\"*\"]', NULL, '2022-03-26 03:00:58', '2022-03-26 03:00:58'),
(114, 'App\\Models\\User', 26, 'tokens', '82d2b3169c427a2bd51577fad79412ffd55ba2c355c8143defcb44a499a050b8', '[\"*\"]', NULL, '2022-03-26 03:01:01', '2022-03-26 03:01:01'),
(115, 'App\\Models\\User', 26, 'tokens', '617214872a0fcc69f11a9adcade990f205debaf7de814bcfa0aa6de8d9a031b0', '[\"*\"]', NULL, '2022-03-26 03:01:01', '2022-03-26 03:01:01'),
(116, 'App\\Models\\User', 26, 'tokens', 'a226086e4447eb98f90aba97633e54a8923ccaa778d1ef28cc3abfe03343dcd8', '[\"*\"]', NULL, '2022-03-26 03:01:02', '2022-03-26 03:01:02'),
(117, 'App\\Models\\User', 25, 'tokens', '57cbfb390b073a3b8aa0c39c8f7900690e778a9e0f1a80d84e618e8171239ea9', '[\"*\"]', NULL, '2022-03-27 00:56:52', '2022-03-27 00:56:52'),
(118, 'App\\Models\\User', 25, 'tokens', 'a1f0461fad5ef5cf54961f408d382f3cc3107101902bca1d9de7564f033db925', '[\"*\"]', NULL, '2022-03-27 03:15:52', '2022-03-27 03:15:52'),
(119, 'App\\Models\\User', 25, 'tokens', 'c6e5925b166784d27e73f575f176f46b835b1e13ff3d7555fb4bd3b27c297067', '[\"*\"]', NULL, '2022-03-28 23:36:52', '2022-03-28 23:36:52'),
(120, 'App\\Models\\User', 25, 'tokens', 'f87b8e7e35c793e711d5556ae66f4baa41a28acbabcf9bc73b3c04eea046e990', '[\"*\"]', NULL, '2022-03-29 02:07:33', '2022-03-29 02:07:33'),
(121, 'App\\Models\\User', 25, 'tokens', '077cac5257a6e1886564244982f5870feae196a444a1606e98e9bc01fb54ff30', '[\"*\"]', NULL, '2022-03-29 02:17:37', '2022-03-29 02:17:37'),
(122, 'App\\Models\\User', 25, 'tokens', '0a264d8d6530af7cae422c0d4ebf0509d023406e78c17e23d5f4196cd7fa5d2d', '[\"*\"]', NULL, '2022-03-29 02:26:48', '2022-03-29 02:26:48'),
(123, 'App\\Models\\User', 25, 'tokens', 'dd48379d609f20efd77dfb9d61d7a6cc7f87f9568d58f9e98dbec54056b94afb', '[\"*\"]', NULL, '2022-03-29 02:44:33', '2022-03-29 02:44:33'),
(124, 'App\\Models\\User', 25, 'tokens', '3f31c919569fb84450989ced7576b583f7bec3ea9f4bb7998e0b323c16e93d36', '[\"*\"]', NULL, '2022-03-29 23:37:12', '2022-03-29 23:37:12'),
(125, 'App\\Models\\User', 26, 'tokens', '0b1ed539c466b857d51f9ba374445f7557ff1eaa447cd94f2bb3623eaf189cec', '[\"*\"]', NULL, '2022-03-30 02:32:49', '2022-03-30 02:32:49'),
(126, 'App\\Models\\User', 26, 'tokens', '21921c23b32184bf74abce3f8002b6b02b10703ef5a2abf856ffc74c25aeaf14', '[\"*\"]', NULL, '2022-03-30 02:32:49', '2022-03-30 02:32:49'),
(127, 'App\\Models\\User', 26, 'tokens', '86ce1657db8b9de6b34d30350e60de6b7052a99f0acb69017ddcf79e6e5e01a2', '[\"*\"]', NULL, '2022-03-30 02:46:09', '2022-03-30 02:46:09'),
(128, 'App\\Models\\User', 26, 'tokens', '4ec12fbe7db1e369f3ee70bb72c39b873904beeb991084d11bd99ff48ae123ed', '[\"*\"]', NULL, '2022-03-30 02:46:10', '2022-03-30 02:46:10'),
(129, 'App\\Models\\User', 25, 'tokens', 'a06f9b2eefdff6fdbae350099f257f29bf9efa41fd887d7e208698b2f655108a', '[\"*\"]', NULL, '2022-03-30 03:18:57', '2022-03-30 03:18:57'),
(130, 'App\\Models\\User', 25, 'tokens', '7910ba4856b174d281f3b96eafd4e098153ae7386580e65846e7b3813bf9e3e8', '[\"*\"]', NULL, '2022-03-30 04:38:53', '2022-03-30 04:38:53'),
(131, 'App\\Models\\User', 26, 'tokens', 'c9f820b786f58d31843d059d6856a1593d522f45728d198455305e93d6703e6b', '[\"*\"]', NULL, '2022-03-30 05:51:56', '2022-03-30 05:51:56'),
(132, 'App\\Models\\User', 25, 'tokens', 'a94c66469a0e1b5b20c05ef8e7486ed75e8f2a657d3c60727705db23f2d7976a', '[\"*\"]', NULL, '2022-03-30 23:45:20', '2022-03-30 23:45:20'),
(133, 'App\\Models\\User', 25, 'tokens', '84e312971d0b891f154714812b095f8c1f3c30a47ed65eb316e7f3a7b97a8170', '[\"*\"]', NULL, '2022-04-01 00:06:23', '2022-04-01 00:06:23'),
(134, 'App\\Models\\User', 26, 'tokens', '2d3714a7e0fcc43dd7831fa75b2313f0f464d7cfee5ac60930fb7b1bd90b5c12', '[\"*\"]', NULL, '2022-04-02 00:20:52', '2022-04-02 00:20:52'),
(135, 'App\\Models\\User', 26, 'tokens', '23c515a72dedafcfabbfdf8ff5ffb5c50f7dcbc66a98cf55b07b2d5a0a070034', '[\"*\"]', NULL, '2022-04-02 00:20:52', '2022-04-02 00:20:52'),
(136, 'App\\Models\\User', 25, 'tokens', '4643d98dd880159171a11d6e1eafb7c03878f044ee49da8b43ea5fc56eba6fa2', '[\"*\"]', NULL, '2022-04-02 00:34:34', '2022-04-02 00:34:34'),
(137, 'App\\Models\\User', 26, 'tokens', 'cda03e649ebc02156164a6c2e28203313edac56ac7c70068ccb6e45cb7cfd5cf', '[\"*\"]', NULL, '2022-04-02 01:08:45', '2022-04-02 01:08:45'),
(138, 'App\\Models\\User', 25, 'tokens', '70b701945f6d3805081141db34c6b1946f2ea9da571b068baab8bd2f2185f962', '[\"*\"]', NULL, '2022-04-02 01:13:02', '2022-04-02 01:13:02'),
(139, 'App\\Models\\User', 25, 'tokens', '509e9e92efc7c232b6ea0225c519cc0e2fdeca33b8c6fa3fa3dd66add9ee31b0', '[\"*\"]', NULL, '2022-04-02 02:22:50', '2022-04-02 02:22:50'),
(140, 'App\\Models\\User', 26, 'tokens', '3af7f1e0c1c170bfe433f1268dfa88257e332d470d35e0eef6e25ea8ed6a1d23', '[\"*\"]', NULL, '2022-04-02 04:07:55', '2022-04-02 04:07:55'),
(141, 'App\\Models\\User', 26, 'tokens', '56a02d58a3da9c43c14012b7db99fed250164a9892ce0db2295cf91bbec2fac6', '[\"*\"]', NULL, '2022-04-02 04:07:56', '2022-04-02 04:07:56'),
(142, 'App\\Models\\User', 25, 'tokens', '9b6d7ae8c916247d816a91e7f21751cb8670adffae792b52566d4d1fd3846a01', '[\"*\"]', NULL, '2022-04-03 00:06:02', '2022-04-03 00:06:02'),
(143, 'App\\Models\\User', 25, 'tokens', 'a7f06a2c8d78536d12fc410065072de2586f63f61dda778d2594bd81a74c1b46', '[\"*\"]', NULL, '2022-04-03 01:54:08', '2022-04-03 01:54:08'),
(144, 'App\\Models\\User', 26, 'tokens', 'e7f4164d83ee2fb3bd6390a64db8b06ff9343a010be874c1c007459f284fcf64', '[\"*\"]', NULL, '2022-04-04 23:45:50', '2022-04-04 23:45:50'),
(145, 'App\\Models\\User', 26, 'tokens', '90f3ad59a2e7caa5e9cf35092370f6b10008681735395091dd2ea09ea88d0b62', '[\"*\"]', NULL, '2022-04-04 23:45:50', '2022-04-04 23:45:50'),
(146, 'App\\Models\\User', 26, 'tokens', '0961c4b5288d19a3531a5311e152b655b5b760a2c9e30ad927cdf45169248858', '[\"*\"]', NULL, '2022-04-04 23:45:50', '2022-04-04 23:45:50'),
(147, 'App\\Models\\User', 26, 'tokens', '4a7d962004d23e066221424f937f91b7d6289ea5680e57ea2f6ccc2361bd87f2', '[\"*\"]', NULL, '2022-04-04 23:45:51', '2022-04-04 23:45:51'),
(148, 'App\\Models\\User', 26, 'tokens', '249a1adf3f6a66ecfc8e71a38aa080abc490263fe24276ee91947b130ad54e90', '[\"*\"]', NULL, '2022-04-04 23:45:51', '2022-04-04 23:45:51'),
(149, 'App\\Models\\User', 26, 'tokens', '108badcbdd80bc5e6fa15353e9f6cb7410cd204f3c0a2fb5eb190e8ff291fc18', '[\"*\"]', NULL, '2022-04-04 23:45:51', '2022-04-04 23:45:51'),
(150, 'App\\Models\\User', 26, 'tokens', '9ed3bffa87fd62c375036f5911777f2e0e37a714a113895f8230879b04800bbe', '[\"*\"]', NULL, '2022-04-04 23:45:54', '2022-04-04 23:45:54'),
(151, 'App\\Models\\User', 26, 'tokens', '08b74d48f7b5c98a4a847867cdcdf9eb1f82f564985d22f018f6614e4a89395a', '[\"*\"]', NULL, '2022-04-04 23:45:54', '2022-04-04 23:45:54'),
(152, 'App\\Models\\User', 26, 'tokens', '92f447597cee28d24e17ba5ea24260cb056ac7778846dab4cf0022d69434a4ce', '[\"*\"]', NULL, '2022-04-04 23:46:03', '2022-04-04 23:46:03'),
(153, 'App\\Models\\User', 26, 'tokens', 'cb5c3e778e05eac986d2999e20211d0ede70958dddea33c3244d88d6a1502a4d', '[\"*\"]', NULL, '2022-04-04 23:46:03', '2022-04-04 23:46:03'),
(154, 'App\\Models\\User', 26, 'tokens', 'b75cbc14f28788e6d2afde50b4970a4f367473d3a5091bfdcf9081e127efdd9b', '[\"*\"]', NULL, '2022-04-04 23:46:04', '2022-04-04 23:46:04'),
(155, 'App\\Models\\User', 26, 'tokens', '47e17b45603a637c3c1c56336c2775a43ee6adca93004d6e138520eab09fcd33', '[\"*\"]', NULL, '2022-04-04 23:56:37', '2022-04-04 23:56:37'),
(156, 'App\\Models\\User', 26, 'tokens', '4067e904e3f60a497ae1aacb7505e41dca9d73444f9ae99787316203e5bfa209', '[\"*\"]', NULL, '2022-04-04 23:56:37', '2022-04-04 23:56:37'),
(157, 'App\\Models\\User', 26, 'tokens', '4778d07a3fbe796e854f7adbd6abb013078360044da046a006350f67768b8d34', '[\"*\"]', NULL, '2022-04-04 23:56:37', '2022-04-04 23:56:37'),
(158, 'App\\Models\\User', 26, 'tokens', 'e436bff95296350c4c8f41cd8253038ac0c1248ea04471dcdce8d44830e137a4', '[\"*\"]', NULL, '2022-04-04 23:56:37', '2022-04-04 23:56:37'),
(159, 'App\\Models\\User', 26, 'tokens', '752fd6cb0bf47edb5868f60e363c91242afc78404e09c137e3783b64664fe624', '[\"*\"]', NULL, '2022-04-04 23:56:37', '2022-04-04 23:56:37'),
(160, 'App\\Models\\User', 26, 'tokens', '5b07d88455042c3bae3baf8ee5af87c7b18e8f1a0b8a4b383779ec3b60107d1f', '[\"*\"]', NULL, '2022-04-04 23:56:43', '2022-04-04 23:56:43'),
(161, 'App\\Models\\User', 26, 'tokens', '58cb282fb9c2bebd1e567002598ca146297419957da3e4f735193253bde7b2c9', '[\"*\"]', NULL, '2022-04-04 23:56:43', '2022-04-04 23:56:43'),
(162, 'App\\Models\\User', 26, 'tokens', '207e3f23cd028f3846a7b5490ee84dc151068aa2a874c5df20e47e5c824177db', '[\"*\"]', NULL, '2022-04-04 23:58:32', '2022-04-04 23:58:32'),
(163, 'App\\Models\\User', 26, 'tokens', 'eb8bd2f6975443fd1f930f937e18ab23474312e99783e8b75693988f305a1354', '[\"*\"]', NULL, '2022-04-04 23:58:34', '2022-04-04 23:58:34'),
(164, 'App\\Models\\User', 26, 'tokens', 'cc7a0e93d4d43f52414763930232727570778e33c8aed4de30e24af3b46e1c8e', '[\"*\"]', NULL, '2022-04-04 23:58:34', '2022-04-04 23:58:34'),
(165, 'App\\Models\\User', 26, 'tokens', '73019dac18646ac8f372222a6b593970d2d1db74ce5d5e9d633b5de6204655a7', '[\"*\"]', NULL, '2022-04-04 23:58:34', '2022-04-04 23:58:34'),
(166, 'App\\Models\\User', 26, 'tokens', 'd30a7fb9a8bc1b41466ed0b31312de3721e3660b784ed30e1636e3db95ee9b8c', '[\"*\"]', NULL, '2022-04-04 23:58:34', '2022-04-04 23:58:34'),
(167, 'App\\Models\\User', 26, 'tokens', '88e35d17554690b362aaa0515bd2530a7f7caf49efa303f3b072e9d17c71ac75', '[\"*\"]', NULL, '2022-04-04 23:58:35', '2022-04-04 23:58:35'),
(168, 'App\\Models\\User', 26, 'tokens', 'f1b2ef73415b53ff360eda419ce2cc9a65d4b636f615c65f4a6975ee392bdbfd', '[\"*\"]', NULL, '2022-04-04 23:58:35', '2022-04-04 23:58:35'),
(169, 'App\\Models\\User', 26, 'tokens', '4267e7ed7c0b771c73af92be6a7f96ac07f40608c3db1bade06b2ce8e17301ec', '[\"*\"]', NULL, '2022-04-04 23:58:36', '2022-04-04 23:58:36'),
(170, 'App\\Models\\User', 26, 'tokens', '58dcb2b856673bf26d72a211eb1296f5166faf7c04e2a4d49ec8bc550eacb837', '[\"*\"]', NULL, '2022-04-04 23:58:36', '2022-04-04 23:58:36'),
(171, 'App\\Models\\User', 26, 'tokens', 'adfa277e885fc7ffbbad53934ed98ca041ae8ace3e4c046716505f0019eb271c', '[\"*\"]', NULL, '2022-04-04 23:58:38', '2022-04-04 23:58:38'),
(172, 'App\\Models\\User', 26, 'tokens', '06127fa5bb7979408a1b87a10d6658c374cddb71c591c83cccebd2a39aafc343', '[\"*\"]', NULL, '2022-04-04 23:58:38', '2022-04-04 23:58:38'),
(173, 'App\\Models\\User', 26, 'tokens', '698cb74749a16fc104396e3bb8febb7568fbf143d9316e6a833b9b3230c1a581', '[\"*\"]', NULL, '2022-04-04 23:58:39', '2022-04-04 23:58:39'),
(174, 'App\\Models\\User', 26, 'tokens', '9da9a8f0a293bff8263566c287e22b99a989e5393656e5d4e70fa782b47fceb1', '[\"*\"]', NULL, '2022-04-04 23:58:39', '2022-04-04 23:58:39'),
(175, 'App\\Models\\User', 26, 'tokens', 'e3d008af49ac1a2cfa57462feeb362c32527d290712032e2d38db59ee7ceeffc', '[\"*\"]', NULL, '2022-04-04 23:58:39', '2022-04-04 23:58:39'),
(176, 'App\\Models\\User', 26, 'tokens', 'a608f4437d30031cece42c0facb49512878b831f0b423ad3c8576b8d3436b434', '[\"*\"]', NULL, '2022-04-04 23:58:39', '2022-04-04 23:58:39'),
(177, 'App\\Models\\User', 26, 'tokens', '9a10ec3f1aca7cf26da9335315129f450aa50e98d3c7e96d4eaa4d0eaefde709', '[\"*\"]', NULL, '2022-04-04 23:58:39', '2022-04-04 23:58:39'),
(178, 'App\\Models\\User', 26, 'tokens', '6cbcd7099f3d7a8effa5df5ee3f51337bf5edada813e6acc08b98400e0af8e3d', '[\"*\"]', NULL, '2022-04-04 23:58:40', '2022-04-04 23:58:40'),
(179, 'App\\Models\\User', 26, 'tokens', 'd6fcc816b5182c414cf9e27b9bfc18f7b254e7d1864a8c24b7f421741512f557', '[\"*\"]', NULL, '2022-04-05 00:11:49', '2022-04-05 00:11:49'),
(180, 'App\\Models\\User', 26, 'tokens', '6d28242ff1a7dc7cd557ad2a7e91b6a86236b08b3d6d1f4c96f184138df08f42', '[\"*\"]', NULL, '2022-04-05 01:03:23', '2022-04-05 01:03:23'),
(181, 'App\\Models\\User', 26, 'tokens', 'ea0b5f466d966a9f9aa89b9b579ca6ff818d4571371f9e95e347c124d8d82a59', '[\"*\"]', NULL, '2022-04-05 01:03:23', '2022-04-05 01:03:23'),
(182, 'App\\Models\\User', 26, 'tokens', '47d701ae7ae459f73e14ceed4c3a995b5987a210875a7d40cd32cded15e458a8', '[\"*\"]', NULL, '2022-04-05 01:03:24', '2022-04-05 01:03:24'),
(183, 'App\\Models\\User', 26, 'tokens', '4543e6f4a462944802db70f519ba379994d41e90df8e5d814e943bdd48419541', '[\"*\"]', NULL, '2022-04-05 01:08:58', '2022-04-05 01:08:58'),
(184, 'App\\Models\\User', 26, 'tokens', 'f27d4448c9cfed113e094c14123872d31e692cbfd316784926d10b6ed13e567b', '[\"*\"]', NULL, '2022-04-05 01:10:13', '2022-04-05 01:10:13'),
(185, 'App\\Models\\User', 26, 'tokens', '8e84a4753d078a818809c8e2f7b549ca8684889e9fb083447cb6d0a00c842ae8', '[\"*\"]', NULL, '2022-04-05 01:10:14', '2022-04-05 01:10:14'),
(186, 'App\\Models\\User', 26, 'tokens', '7bf0e9c94278fd22498bef9c5ebfcf80599cd9fa8c478f34bfee3a8205f30def', '[\"*\"]', NULL, '2022-04-05 01:52:20', '2022-04-05 01:52:20'),
(187, 'App\\Models\\User', 26, 'tokens', '948e5f383a2178be051843064aa52ca30a8c09479a1a122895868f9eaf01b42b', '[\"*\"]', NULL, '2022-04-05 01:52:20', '2022-04-05 01:52:20'),
(188, 'App\\Models\\User', 26, 'tokens', 'f54957373c61371a514e8b6e72eb9fa202f9659a48719679c2a4afa798159cc4', '[\"*\"]', NULL, '2022-04-05 02:07:46', '2022-04-05 02:07:46'),
(189, 'App\\Models\\User', 25, 'tokens', 'deaceafa381209aa2ecf66814894e058653c9e7ddd861484f237ccf79d7dcc10', '[\"*\"]', NULL, '2022-04-05 20:16:43', '2022-04-05 20:16:43'),
(190, 'App\\Models\\User', 25, 'tokens', 'e4d473fbe96714163004ff2f4d972c76d9cd79d19fb31ae98ceceb010b378ec5', '[\"*\"]', NULL, '2022-04-05 21:25:17', '2022-04-05 21:25:17'),
(191, 'App\\Models\\User', 26, 'tokens', '9a07f08a7f46144e2f0601590b0001a5bac3a5e2b4a3e74c1b63a6bbb22c479a', '[\"*\"]', NULL, '2022-04-05 21:37:19', '2022-04-05 21:37:19'),
(192, 'App\\Models\\User', 26, 'tokens', '259c1068a714c1eacb8ae6f0617a00fbb95e45940856bb9ebcba193bbff495d6', '[\"*\"]', NULL, '2022-04-05 21:37:19', '2022-04-05 21:37:19'),
(193, 'App\\Models\\User', 26, 'tokens', 'e77dde83700aa7c81e8842947828a4c1b80de72cef04971566870cc8179fe156', '[\"*\"]', NULL, '2022-04-05 21:41:41', '2022-04-05 21:41:41'),
(194, 'App\\Models\\User', 26, 'tokens', 'eeae95cd7161823acb5ae0a50dfe523f073caf49899c0dfd91f04283df45062d', '[\"*\"]', NULL, '2022-04-05 21:41:42', '2022-04-05 21:41:42'),
(195, 'App\\Models\\User', 25, 'tokens', '8ff5dc724500f194d86e64de0a39e703d510b99ba9bf0964eab4210bbdd11a77', '[\"*\"]', NULL, '2022-04-05 21:44:03', '2022-04-05 21:44:03'),
(196, 'App\\Models\\User', 26, 'tokens', '58176dc5e52418361b3704f23e6be9e24e2f0a5642815252d263ffcb9ece1ae5', '[\"*\"]', NULL, '2022-04-05 23:29:24', '2022-04-05 23:29:24'),
(197, 'App\\Models\\User', 26, 'tokens', '3df4c0d431018f1ec09eea59739fcda24c0e085bb0a0e0af74a1f6360270e954', '[\"*\"]', NULL, '2022-04-05 23:29:24', '2022-04-05 23:29:24'),
(198, 'App\\Models\\User', 25, 'tokens', 'f71b5cf4e06340bef3ab5175f5667f88cf8d27739ac3396baeab8a56b9f562f7', '[\"*\"]', NULL, '2022-04-05 23:54:26', '2022-04-05 23:54:26'),
(199, 'App\\Models\\User', 26, 'tokens', 'e52cf414711c20fc884139e15a644ab2eef9b7d4d84462f929f283b99966d18f', '[\"*\"]', NULL, '2022-04-06 00:05:02', '2022-04-06 00:05:02'),
(200, 'App\\Models\\User', 26, 'tokens', '31265f4e19c722eb8f7e20df4d6810b7db49208d4c5618b61326dcac8a2434c4', '[\"*\"]', NULL, '2022-04-06 00:05:03', '2022-04-06 00:05:03'),
(201, 'App\\Models\\User', 26, 'tokens', 'ba617e18a1d124b271e79480c236753c9c5688af56eeb3644ef21382364360db', '[\"*\"]', NULL, '2022-04-06 00:47:53', '2022-04-06 00:47:53'),
(202, 'App\\Models\\User', 26, 'tokens', 'cfe32dc754711beb0fcf978a6063a08030373a1af7f71e5c123785ddf8a58f25', '[\"*\"]', NULL, '2022-04-06 00:47:53', '2022-04-06 00:47:53'),
(203, 'App\\Models\\User', 25, 'tokens', '324cd24267de42613d58f03c967958ce6a41adce6e5a235f3e173fd4b04e0ccf', '[\"*\"]', NULL, '2022-04-06 20:39:15', '2022-04-06 20:39:15'),
(204, 'App\\Models\\User', 25, 'tokens', '431c341fdc99519be8de6a15af93d70d9f85d63483e7d8f863b5e493906e457e', '[\"*\"]', NULL, '2022-04-06 22:48:48', '2022-04-06 22:48:48'),
(205, 'App\\Models\\User', 26, 'tokens', '24c2d65a761878211edc3aa98a7b0550c2836601497f50a2e16330c6603f9bdb', '[\"*\"]', NULL, '2022-04-06 22:52:43', '2022-04-06 22:52:43'),
(206, 'App\\Models\\User', 26, 'tokens', 'de104621342823f79ae71aed0c571340cee6e229d373cf2a42eed94e7126aab1', '[\"*\"]', NULL, '2022-04-06 22:52:45', '2022-04-06 22:52:45'),
(207, 'App\\Models\\User', 25, 'tokens', '6c4e836f684cd906de4cad39556b82e9de7cb9e9ae8785ed1a5eda786a8cdf29', '[\"*\"]', NULL, '2022-04-07 00:22:45', '2022-04-07 00:22:45'),
(208, 'App\\Models\\User', 26, 'tokens', '3eb20daaca94f5028abaf7467058fc9014843c23598b0aa0d1b69f097670708e', '[\"*\"]', NULL, '2022-04-07 00:44:50', '2022-04-07 00:44:50'),
(209, 'App\\Models\\User', 26, 'tokens', 'd616212b1f8c6ac13355b4e9e355f0c42e3da48c396dc0d9b94dfae1ad611f14', '[\"*\"]', NULL, '2022-04-07 00:44:51', '2022-04-07 00:44:51'),
(210, 'App\\Models\\User', 26, 'tokens', '01146e4dbb2579256229a86e73aab1a16037fff4927c1da2e10e7521ba040230', '[\"*\"]', NULL, '2022-04-07 00:44:51', '2022-04-07 00:44:51'),
(211, 'App\\Models\\User', 25, 'tokens', '617308478f0255d9bd4451f97eaa350c5ed5a6367137689bcc33069262bcfbae', '[\"*\"]', NULL, '2022-04-07 00:53:24', '2022-04-07 00:53:24'),
(212, 'App\\Models\\User', 25, 'tokens', '5c9b872d2632f78a36dda251f47e64a4d3b05fa40afd7e2af91ae8b9e1c12fe8', '[\"*\"]', NULL, '2022-04-07 01:05:47', '2022-04-07 01:05:47'),
(213, 'App\\Models\\User', 25, 'tokens', '48f60903c43a8474d91a42e0eef570eb186dfb5fa64a6172aee5562bf1d45510', '[\"*\"]', NULL, '2022-04-07 20:27:15', '2022-04-07 20:27:15'),
(214, 'App\\Models\\User', 25, 'tokens', 'e7851cf77927e7128e94d1ccab78ecceb099cb917defd1d01949c2b31ccb78c1', '[\"*\"]', NULL, '2022-04-07 23:26:24', '2022-04-07 23:26:24'),
(215, 'App\\Models\\User', 25, 'tokens', '71e5ca0f6b1614c29969bada44e6c381d7c5194ed366af55c5d80bea66676523', '[\"*\"]', NULL, '2022-04-07 23:28:17', '2022-04-07 23:28:17'),
(216, 'App\\Models\\User', 25, 'tokens', 'e9930aaa9db0ee7e0fef5a1920c286510e0202cbea50e03b4dfc6f14192aaec7', '[\"*\"]', NULL, '2022-04-08 01:27:58', '2022-04-08 01:27:58'),
(217, 'App\\Models\\User', 28, 'tokens', '56d89c1dec55919f3f2a67b216a14d47d80467ea1bcdba7c112db60ee09ad4d7', '[\"*\"]', NULL, '2022-04-08 01:34:11', '2022-04-08 01:34:11'),
(218, 'App\\Models\\User', 28, 'tokens', '90b0d0a03edd9cf0204f1fbddfdf4f6b3e449d219a4d30b1d659a02496ba6009', '[\"*\"]', NULL, '2022-04-08 01:37:38', '2022-04-08 01:37:38'),
(219, 'App\\Models\\User', 28, 'tokens', '60125e99ca706f6bd8e3132708dc335acc6a55fb60172997b626fec999dcbd94', '[\"*\"]', NULL, '2022-04-08 01:37:38', '2022-04-08 01:37:38'),
(220, 'App\\Models\\User', 25, 'tokens', '0a281e5d0d6f5aaa84fb7500ece64fa02d41ca1f88d764f2a58cb864722a903a', '[\"*\"]', NULL, '2022-04-08 20:26:07', '2022-04-08 20:26:07'),
(221, 'App\\Models\\User', 25, 'tokens', '73299dd3c53c90d83c6f01424ef74192014a060c5a1425b30aa6319709f9c8bf', '[\"*\"]', NULL, '2022-04-09 00:08:23', '2022-04-09 00:08:23'),
(222, 'App\\Models\\User', 25, 'tokens', '3b75bfbec9e9ec01b0c3f0ea7ae0c82f624df7ef4f95574893ca0370dc1296d4', '[\"*\"]', NULL, '2022-04-09 00:25:43', '2022-04-09 00:25:43'),
(223, 'App\\Models\\User', 26, 'tokens', 'b0d99bad89311906bd16afb954ccfabdd6977957b47b5a88d9b098a25324ee02', '[\"*\"]', NULL, '2022-04-09 03:15:26', '2022-04-09 03:15:26'),
(224, 'App\\Models\\User', 26, 'tokens', '212443099f3da1c7cf7e261ebf188d470a1744b7555dd479a0f556b7e815cc65', '[\"*\"]', NULL, '2022-04-09 03:15:27', '2022-04-09 03:15:27'),
(225, 'App\\Models\\User', 25, 'tokens', '46fb98a4d490ce60ad6b4a5fc6168ece0ec521e54d68bb9cac9ad8ba1dd227f6', '[\"*\"]', NULL, '2022-04-09 07:15:23', '2022-04-09 07:15:23'),
(226, 'App\\Models\\User', 25, 'tokens', '4e45d514c309230f1f560a877331f6468ddfda72ec2ef2b7273bd98631bd5f35', '[\"*\"]', NULL, '2022-04-09 21:15:24', '2022-04-09 21:15:24'),
(227, 'App\\Models\\User', 25, 'tokens', '6252e24b87b25ba294cc0ebec305786f5de6ced371dd055063160530d6ffbbb4', '[\"*\"]', NULL, '2022-04-09 21:15:25', '2022-04-09 21:15:25'),
(228, 'App\\Models\\User', 25, 'tokens', '960d7997b6b3738410f56bdfe8b06d1a889034ea858da2f63dad4a86fdc4c6cb', '[\"*\"]', NULL, '2022-04-09 22:31:47', '2022-04-09 22:31:47'),
(229, 'App\\Models\\User', 25, 'tokens', 'e3a6a113d587e79f5a836653bc108e61cdb3c58eb3227c760beafac5895c2a17', '[\"*\"]', NULL, '2022-04-09 23:50:45', '2022-04-09 23:50:45'),
(230, 'App\\Models\\User', 25, 'tokens', 'f7af47aa12a414502daa56e0fe7e142a19706f9ef80e01ec088051d26bbe70fb', '[\"*\"]', NULL, '2022-04-10 00:54:47', '2022-04-10 00:54:47'),
(231, 'App\\Models\\User', 25, 'tokens', '4ceb15a165484d8a74f165970de5c4458323696b812af27ee467152e60ef8d6a', '[\"*\"]', NULL, '2022-04-10 01:26:09', '2022-04-10 01:26:09'),
(232, 'App\\Models\\User', 25, 'tokens', 'f64546c37957f103293faf3e71deb43e2a4510152612a4811306cc7c74daeab8', '[\"*\"]', NULL, '2022-04-10 03:10:15', '2022-04-10 03:10:15'),
(233, 'App\\Models\\User', 25, 'tokens', '99c30aa01f88b23dda8b4892467ae68134736b1d652e76055606e1b641f472cb', '[\"*\"]', NULL, '2022-04-10 03:45:01', '2022-04-10 03:45:01'),
(234, 'App\\Models\\User', 26, 'tokens', '598a1377aac9c162e6b7b6d1a1c09d55cc1a5406503d05e13ef14a3a6bedfe9c', '[\"*\"]', NULL, '2022-04-11 20:54:39', '2022-04-11 20:54:39'),
(235, 'App\\Models\\User', 26, 'tokens', 'b4eb8a3bc3bac6a3e6082f699ed2c79d16f6d90626da0a1131651c11e347cd85', '[\"*\"]', NULL, '2022-04-11 20:54:40', '2022-04-11 20:54:40'),
(236, 'App\\Models\\User', 26, 'tokens', 'e0840d6155612ea3fd6a68c917b0a876ce0cfbf7953aa27de742f64ad6ed26e8', '[\"*\"]', NULL, '2022-04-11 20:58:25', '2022-04-11 20:58:25'),
(237, 'App\\Models\\User', 26, 'tokens', 'd99affcb349cd70114fcd392c3ccfdbf917addc9b2aa1beaf7712dc265c377bb', '[\"*\"]', NULL, '2022-04-11 20:58:27', '2022-04-11 20:58:27'),
(238, 'App\\Models\\User', 26, 'tokens', 'dd3cc7980ed4b3f0a829713bf081aac463befe34dd1185c95b4a41330d6c7b84', '[\"*\"]', NULL, '2022-04-11 21:08:37', '2022-04-11 21:08:37'),
(239, 'App\\Models\\User', 26, 'tokens', 'f4bd57ed2733f897e24f33753aed059a357c1ae64f5ff6a69220b2d231bb338b', '[\"*\"]', NULL, '2022-04-11 21:08:37', '2022-04-11 21:08:37'),
(240, 'App\\Models\\User', 25, 'tokens', '1d04c5a1dc71d957095bbc4dc4c5826ef134d992ebf4ff749e24dd4ab468f876', '[\"*\"]', NULL, '2022-04-11 21:24:37', '2022-04-11 21:24:37'),
(241, 'App\\Models\\User', 26, 'tokens', '4a2b6e24f554d54c9d262b2f7772e7286bda8e396c30926ff82269eb74d71d7c', '[\"*\"]', NULL, '2022-04-11 21:26:11', '2022-04-11 21:26:11'),
(242, 'App\\Models\\User', 26, 'tokens', '0864af57f1eda29001889780f6269e2d0e405eedba4da1bbe8347d8a229c68bb', '[\"*\"]', NULL, '2022-04-11 21:26:12', '2022-04-11 21:26:12'),
(243, 'App\\Models\\User', 26, 'tokens', '6cd58c72d423f5870641df7184bfc08f640e0c0b45d60e124ba2f4ec0057773b', '[\"*\"]', NULL, '2022-04-11 21:34:05', '2022-04-11 21:34:05'),
(244, 'App\\Models\\User', 26, 'tokens', '801ee0abb4f497029728a139de1feb2f208732a7b1d78d4121bfa5a3c10266a1', '[\"*\"]', NULL, '2022-04-11 21:34:07', '2022-04-11 21:34:07'),
(245, 'App\\Models\\User', 26, 'tokens', 'dca376cd2482b0af1eedc95d9543a6ae2b5bc431b50b77379776b94df814d08b', '[\"*\"]', NULL, '2022-04-11 22:03:46', '2022-04-11 22:03:46'),
(246, 'App\\Models\\User', 26, 'tokens', '103d9e0dfe084ae7269996197b9eb1f2d746535543b8400ce18234ee9d659687', '[\"*\"]', NULL, '2022-04-11 22:03:47', '2022-04-11 22:03:47'),
(247, 'App\\Models\\User', 25, 'tokens', '891ed1ae45e6e333398679b403894f4cf691dbd20dfc3b67cb2b827c462dac28', '[\"*\"]', NULL, '2022-04-11 22:06:59', '2022-04-11 22:06:59'),
(248, 'App\\Models\\User', 26, 'tokens', '9cbd7284d3394207297ddd3c443a1ad7c17bb44de955f687c3d1e18fad46c93d', '[\"*\"]', NULL, '2022-04-11 22:19:21', '2022-04-11 22:19:21'),
(249, 'App\\Models\\User', 26, 'tokens', 'f0f0097cd5c34c8853eec4230c9904017ad4f2cc38feaad3845f3b794346eee9', '[\"*\"]', NULL, '2022-04-11 22:19:21', '2022-04-11 22:19:21'),
(250, 'App\\Models\\User', 26, 'tokens', '79ad037286666279b2a0b0ae3a8a444bf9bb036f591192a81581ee9cbf260849', '[\"*\"]', NULL, '2022-04-11 22:26:13', '2022-04-11 22:26:13'),
(251, 'App\\Models\\User', 26, 'tokens', '687048f25bbc4ed2e42db142ad99375d172656eb77785ca5d7f12e98b6802516', '[\"*\"]', NULL, '2022-04-11 23:54:13', '2022-04-11 23:54:13'),
(252, 'App\\Models\\User', 26, 'tokens', '084fbd955eab0d80709ad7ab6fe48a5cfbf01cd227ac4c8c4b634ed59150a8e9', '[\"*\"]', NULL, '2022-04-11 23:54:14', '2022-04-11 23:54:14'),
(253, 'App\\Models\\User', 25, 'tokens', 'b1f46c82e51b3869215df912b80cf27a29bb38e4e60a7a0af3f1c2f019914818', '[\"*\"]', NULL, '2022-04-12 00:43:18', '2022-04-12 00:43:18'),
(254, 'App\\Models\\User', 26, 'tokens', 'd314a2f957d3e83e400c31fd701429ea9a562d18779a65afd2a27c0ff6ef3254', '[\"*\"]', NULL, '2022-04-12 00:45:41', '2022-04-12 00:45:41'),
(255, 'App\\Models\\User', 26, 'tokens', 'bf75257ffb1bd6c518937b971988e8b87dd1c5fd6133ecac89ae043bbecd508c', '[\"*\"]', NULL, '2022-04-12 00:45:42', '2022-04-12 00:45:42'),
(256, 'App\\Models\\User', 26, 'tokens', 'c042c9ed520c0c99f7bddc52df0705dc32db462572e259af0207ad615a31bbd5', '[\"*\"]', NULL, '2022-04-12 01:11:53', '2022-04-12 01:11:53'),
(257, 'App\\Models\\User', 26, 'tokens', '4949d11139e93a592c345d59134bcbe65c12d5caec25a72319d5b9f9962b0ce8', '[\"*\"]', NULL, '2022-04-12 01:11:53', '2022-04-12 01:11:53'),
(258, 'App\\Models\\User', 26, 'tokens', '5b0427947288c65b9a8141d0bcfbdaf38fff7295e54f3f5f61bf334168f912ff', '[\"*\"]', NULL, '2022-04-12 01:31:58', '2022-04-12 01:31:58'),
(259, 'App\\Models\\User', 26, 'tokens', '5e30de1df3a70327daeb2ea814886ed3157c69591822f959e246b68637bf22ed', '[\"*\"]', NULL, '2022-04-12 01:48:52', '2022-04-12 01:48:52'),
(260, 'App\\Models\\User', 26, 'tokens', '85562b2c3e4930a8c02185ad624dcd730416a195c138e93c030c35db86d881fa', '[\"*\"]', NULL, '2022-04-12 02:39:01', '2022-04-12 02:39:01'),
(261, 'App\\Models\\User', 26, 'tokens', '90b5b84a04c70e3c66e166a72e4f950dc6afa3be0113291ea4207a4b8219e62a', '[\"*\"]', NULL, '2022-04-12 02:39:01', '2022-04-12 02:39:01'),
(262, 'App\\Models\\User', 25, 'tokens', '527710f6e28f1b9f39e371c5e6fd9d00a937b01a84fbea291785ff70da26af0c', '[\"*\"]', NULL, '2022-04-12 03:17:39', '2022-04-12 03:17:39'),
(263, 'App\\Models\\User', 25, 'tokens', '2e3e1ba80b532f1f0be219f11c5c4903c0fb27fe8ab47ae526e2b832f17258a2', '[\"*\"]', NULL, '2022-04-12 04:32:52', '2022-04-12 04:32:52');

--
-- Truncar tablas antes de insertar `productos`
--

TRUNCATE TABLE `productos`;
--
-- Volcado de datos para la tabla `productos`
--

INSERT INTO `productos` (`id`, `marca`, `modelo`, `stock`, `precio`, `linea`, `descripcion`, `estado`, `created_at`, `updated_at`) VALUES
(5, 'Lizz Professional', '0000001', 1, 155.00, 'Planchas', 'Plancha Ultra 500', 0, '2022-03-04 06:54:15', '2022-03-09 11:18:01'),
(6, 'test', 'test', 9, 3000.00, 'blanca', 'test nada mas', 0, '2022-03-04 14:06:00', '2022-03-07 05:26:12'),
(7, 'Adidas', '200', 294, 40.00, 'recta', 'desc', 0, '2022-03-11 23:41:48', '2022-04-07 17:22:38'),
(8, 'Lizze Supreme', 'Lizze', 0, 195.00, 'Plancha', 'Plancha Lizze Supreme 485º Fahrenheit', 1, '2022-03-15 08:12:55', '2022-04-12 04:18:25'),
(9, 'Plancha a vapor', 'Professional Styler', 7, 140.00, 'Plancha', 'Plancha a vapor 450°F', 1, '2022-03-15 11:04:43', '2022-04-12 04:04:12'),
(10, 'Plancha a vapor', 'Professional Styler', 19, 140.00, 'Plancha', 'Plancha a vapor 450°F', 0, '2022-03-15 11:04:43', '2022-03-15 11:05:14'),
(11, 'Lizze', 'Lizze', 2, 210.00, 'Photon Lizze', 'Photon Lizzie Extreme', 1, '2022-03-15 11:08:06', '2022-03-29 01:53:26'),
(12, 'Lizze', 'Lizze', 6, 170.00, 'Photon Lizze', 'Photon Lizze', 1, '2022-03-15 11:09:23', '2022-03-28 23:47:13'),
(13, 'Tasteful Life', 'Tasteful Life', 14, 80.00, 'Llaves', 'Kit de ducha (lava cabeza)', 1, '2022-03-15 11:14:26', '2022-03-23 05:04:19'),
(14, 'Aozzy', 'Nano Technology', 2, 90.00, 'Cepillos', 'Cepillos térmicos color blanco', 0, '2022-03-15 11:17:25', '2022-04-07 23:27:35'),
(15, 'Lily England', 'Lily England', 0, 95.00, 'Cepillos', 'Cepillos térmicos color rosado', 1, '2022-03-15 11:18:50', '2022-04-12 03:49:08'),
(16, 'Salon Armor', 'Salon Armor', 6, 18.00, 'Brazalette', 'Brazalette Makeup/Nails', 1, '2022-03-15 11:24:25', '2022-04-09 03:49:07'),
(17, 'Salon Armor', 'Salon Armor', 0, 30.00, 'Brazalette', 'Brazalette magnético', 1, '2022-03-15 11:25:31', '2022-04-07 01:04:53'),
(18, 'ColorTrak', 'ColorTrak', 2, 35.00, 'Brochas y bowl', '3 pack de brochas y bowl', 1, '2022-03-15 11:26:45', '2022-03-22 05:05:37'),
(19, 'Eyxformula', 'Eyxformula', 1, 20.00, 'Cepillos', 'Cepillos para keratina color rojo', 1, '2022-03-15 11:29:44', '2022-04-12 04:21:06'),
(20, 'Eyxformula', 'Eyxformula', 4, 20.00, 'Cepillos', 'Cepillo para keratina color negro', 1, '2022-03-15 11:30:33', '2022-04-03 00:47:03'),
(21, 'Eyxformula', 'Eyxformula', 2, 20.00, 'Cepillos', 'Cepillo para keratina color blanco', 1, '2022-03-15 11:31:05', '2022-04-09 02:02:59'),
(22, 'Moontay', 'Moontay', 5, 80.00, 'Tijeras', 'Estuche de tijeras 5.5mm color beige', 1, '2022-03-15 11:33:01', '2022-04-12 03:30:32'),
(23, 'Kelishow', 'Kelishow', 6, 13.00, 'Brochas', 'Brochas para balayage color blanca', 1, '2022-03-15 11:34:36', '2022-04-12 02:07:02'),
(24, 'Kelishow', 'Kelishow', 6, 15.00, 'Brochas', 'Brochas para balayage color negro', 1, '2022-03-15 11:35:23', '2022-04-05 21:43:37'),
(25, 'Framar', 'Framar', 12, 33.00, 'Paletas', 'Estuche de paletas para balayage', 1, '2022-03-15 11:37:25', '2022-04-07 01:25:59'),
(26, 'Beomeen Hair', 'Beomeen Hair', 22, 7.00, 'Peine', 'Peine para mechas color negro', 1, '2022-03-15 11:40:50', '2022-04-11 23:40:32'),
(27, 'Dompel', 'Dompel', 24, 45.00, 'Gorros', 'Gorros de silicona color dorado', 1, '2022-03-15 11:42:27', '2022-03-23 05:04:19'),
(28, 'FingerGlove', 'FingerGlove', 16, 25.00, 'Guantes', 'Guantes térmicos', 1, '2022-03-15 11:43:50', '2022-03-31 02:09:07'),
(29, 'Colortrak', 'Colortrak', 12, 23.00, 'Brochas', 'Kit de tres brochas', 1, '2022-03-15 11:45:57', '2022-04-11 22:53:00'),
(30, 'Hyoujin', 'Hyoujin', 5, 10.00, 'Peines', 'Peine de corte color negro', 1, '2022-03-15 11:47:22', '2022-03-15 11:47:22'),
(31, 'DK professional', 'DK professional', 1, 4.00, 'Separadores', 'Separadores color amarillo', 1, '2022-03-15 11:49:20', '2022-03-24 04:54:04'),
(32, 'DK professional', 'DK professional', 0, 4.00, 'Separadores', 'Separadores color azul', 1, '2022-03-15 11:50:22', '2022-04-10 01:40:22'),
(33, 'DK professional', 'DK professional', 0, 4.00, 'Separadores', 'Separadores color rojo', 1, '2022-03-15 11:51:03', '2022-04-09 04:56:39'),
(34, 'DK professional', 'DK professional', 1, 4.00, 'Separadores', 'Separadores color morado', 1, '2022-03-15 11:51:51', '2022-03-24 04:54:04'),
(35, 'DK professional', 'DK professional', 0, 4.00, 'Separadores', 'Separadores color negro', 1, '2022-03-15 11:52:26', '2022-04-09 04:56:39'),
(36, 'Ewing', 'Ewing', 7, 4.00, 'Peines', 'Peines de cola 2pack', 1, '2022-03-15 11:56:32', '2022-04-12 03:33:41'),
(37, 'Perfect Beauty', 'Perfect Beauty', 18, 4.00, 'Brochas', 'Brocha individual color verde', 1, '2022-03-15 11:58:20', '2022-04-11 22:52:09'),
(38, 'Perfect Beauty', 'Perfect Beauty', 18, 4.00, 'Brochas', 'Brocha individual color rosado', 1, '2022-03-15 11:59:35', '2022-03-15 11:59:35'),
(39, 'Perfect Beauty', 'Perfect Beauty', 16, 4.00, 'Brochas', 'Brocha individual color azul', 1, '2022-03-15 12:00:26', '2022-04-12 03:33:41'),
(40, 'Zaxop', 'Zaxop', 1, 20.00, 'Fundas', 'Funda térmica', 1, '2022-03-15 12:01:47', '2022-04-03 01:21:02'),
(41, 'Puluomasi', 'Puluomasi', 2, 27.00, 'Peines', 'Estuche de peine variados color blanco', 1, '2022-03-15 12:03:37', '2022-04-11 23:25:57'),
(42, 'Ewing', 'Ewing', 21, 15.00, 'Brazalette', 'Brazalette magnético color rosado', 1, '2022-03-15 12:06:26', '2022-04-03 01:21:02'),
(43, 'Willbond', 'Willbond', 5, 41.00, 'Capas', 'Capas desechables color negro', 1, '2022-03-15 12:08:15', '2022-04-11 22:14:39'),
(44, 'Kipozi', 'Kipozi', 0, 140.00, 'Secadoras', 'Secadora Kipozi 1875Wt', 1, '2022-03-15 12:10:03', '2022-04-11 22:34:03'),
(45, 'Hyoujin', 'Hyoujin', 1, 45.00, 'Peines', 'Estuche de peines de corte', 1, '2022-03-15 12:11:06', '2022-03-15 12:11:06'),
(46, 'Beaupretty', 'Beaupretty', 0, 4.00, 'Removedores', 'Removedor color rosado', 1, '2022-03-15 12:12:55', '2022-04-03 01:21:02'),
(47, 'Beaupretty', 'Beaupretty', 2, 4.00, 'Removedores', 'Removedores color verde', 1, '2022-03-15 12:13:26', '2022-03-15 12:13:26'),
(48, 'Beaupretty', 'Beaupretty', 1, 3.00, 'Removedores', 'Removedores color amarillo', 1, '2022-03-15 12:13:59', '2022-03-19 00:30:15'),
(49, 'Salon Armor', 'Salon Armor', 1, 60.00, 'Canguros', 'Canguro de cuero para herramientas', 0, '2022-03-15 12:15:21', '2022-03-17 04:48:16'),
(50, 'Moontay', 'Moontay', 0, 40.00, 'Tijeras', 'Tijera 5.5mm color azul con negro', 1, '2022-03-16 04:48:14', '2022-03-25 02:18:47'),
(51, 'ColorTrack', 'ColorTrack', 5, 14.00, 'Bowl', 'Bowl Aurora 2pack', 1, '2022-03-20 03:20:44', '2022-04-09 03:49:07'),
(52, 'ColorTrak', 'ColorTrak', 7, 22.00, 'Brochas', 'Brochas Aurora 2pack', 1, '2022-03-20 03:22:22', '2022-04-09 03:49:07'),
(53, 'ColorTrak', 'ColorTrak', 11, 18.00, 'Brochas', 'Brochas Bambo 2pack', 1, '2022-03-20 03:24:01', '2022-03-22 02:00:33'),
(54, 'ColorTrak', 'ColorTrak', 15, 15.00, 'Brochas', 'Brochas para balayage Bambo', 1, '2022-03-20 03:25:52', '2022-04-05 21:43:37'),
(55, 'ColorTrak', 'ColorTrak', 6, 20.00, 'Paletas', 'Paleta para balayage con brocha', 1, '2022-03-20 03:27:55', '2022-04-07 00:53:45'),
(56, 'ColorTrak', 'ColorTrak', 7, 14.00, 'Brochas', 'Brocha Glitter', 1, '2022-03-20 03:30:40', '2022-04-11 23:46:20'),
(57, 'ColorTrak', 'ColorTrak', 5, 18.00, 'Brochas', 'Brocha Galaxy 2pack', 1, '2022-03-20 03:31:45', '2022-04-09 23:48:32'),
(58, 'ColorTrak', 'ColorTrak', 3, 18.00, 'Bowl', 'Bowl Galaxy 2pack', 1, '2022-03-20 03:32:45', '2022-04-12 04:10:27'),
(59, 'ColorTrak', 'ColorTrak', 9, 14.00, 'Brochas', 'Brocha Pride', 1, '2022-03-20 03:33:38', '2022-03-28 23:57:26'),
(60, 'ColorTrak', 'ColorTrak', 11, 16.00, 'Brochas', 'Brocha Safari 2pack', 1, '2022-03-20 03:34:36', '2022-04-10 01:45:31'),
(61, 'ColorTrak', 'ColorTrak', 0, 4.00, 'Removedores', 'Removedor Metalico', 1, '2022-03-20 03:36:05', '2022-03-29 04:09:36'),
(62, 'ColorTrak', 'ColorTrak', 20, 3.00, 'Medidores', 'Medidores de peroxido', 1, '2022-03-20 03:37:42', '2022-04-09 04:56:39'),
(63, 'ColorTrak', 'ColorTrak', 5, 9.00, 'Estractores', 'Estractor de tinte color rosado', 1, '2022-03-20 03:38:41', '2022-04-11 23:25:57'),
(64, 'ColorTrak', 'ColorTrak', 7, 9.00, 'Estractores', 'Estractor de tinte color negro', 1, '2022-03-20 03:39:43', '2022-04-09 02:02:59'),
(65, 'ColorTrak', 'ColorTrak', 1, 17.00, 'Papel de aluminios', 'Papel de aluminio Silver 500 Sheets', 0, '2022-03-20 03:41:41', '2022-04-06 23:03:38'),
(66, 'ColorTrak', 'ColorTrak', 19, 24.00, 'Papel de aluminios', 'Papel de aluminio Silver/Purple 400 Sheets', 1, '2022-03-20 03:44:05', '2022-04-11 22:14:39'),
(67, 'ColorTrak', 'ColorTrak', 1, 40.00, 'Delantales', 'Delantal plastico color rosado', 1, '2022-03-20 03:45:02', '2022-04-09 02:57:40'),
(68, 'ColorTrak', 'ColorTrak', 4, 40.00, 'Delantales', 'Delantal plastico color negro', 1, '2022-03-20 03:45:36', '2022-04-09 02:02:59'),
(69, 'ColorTrak', 'ColorTrak', 43, 4.00, 'Papeles de aluminio', 'Papel de aluminio 45 Sheets', 1, '2022-03-20 03:47:14', '2022-04-07 01:25:59'),
(70, 'ColorTrak', 'ColorTrak', 0, 22.00, 'Guantes', 'Guantes talla M 100 pack', 1, '2022-03-20 03:52:52', '2022-04-06 00:51:51'),
(71, 'ColorTrak', 'ColorTrak', 1, 22.00, 'Guantes', 'Guante talla L 100 pack', 1, '2022-03-20 03:53:35', '2022-04-07 23:29:04'),
(72, 'Professional Scissor', 'Professional Scissor', 6, 40.00, 'Tijeras', 'Tijera individual color beige', 1, '2022-03-28 23:54:20', '2022-04-12 00:55:48'),
(73, 'Dompel', 'Dompel', 6, 11.00, 'Cepillos', 'Cepillo flexible color negro', 1, '2022-03-31 10:15:07', '2022-04-03 00:42:03'),
(74, 'Dompel', 'Dompel', 7, 11.00, 'Cepillos', 'Cepillo flexible color rosado', 1, '2022-03-31 10:16:02', '2022-04-07 00:56:51'),
(75, 'Dompel', 'Dompel', 8, 11.00, 'Cepillos', 'Cepillo flexible color lila', 1, '2022-03-31 10:16:40', '2022-03-31 10:16:40'),
(76, 'Dompel', 'Dompel', 8, 11.00, 'Cepillos', 'Cepillo flexible color turquesa', 1, '2022-03-31 10:17:46', '2022-03-31 10:17:46'),
(77, 'Mac’s professional', 'Mac’s professional', 7, 40.00, 'Tijeras', 'Tijera 5.5mm color azul', 1, '2022-03-31 10:24:37', '2022-04-12 03:37:28'),
(78, 'Wavytalk', 'Wavytalk', 5, 98.00, 'Plancha', 'Plancha Onduladora', 1, '2022-03-31 10:28:01', '2022-04-02 12:12:53'),
(79, 'Diane', 'Diane', 7, 6.00, 'Peines', 'Peines para planchar color rosado', 1, '2022-03-31 10:36:26', '2022-04-03 00:42:03'),
(80, 'Diane', 'Diane', 11, 6.00, 'Peines', 'Peine para planchar color azul', 1, '2022-03-31 10:37:02', '2022-04-02 01:23:02'),
(81, 'Diane', 'Diane', 10, 19.50, 'Cepillos', 'Cepillo ceramico alisador', 1, '2022-04-02 01:17:07', '2022-04-11 23:33:58'),
(82, 'Lizz Professional', 'Lizz Professional', 18, 210.00, 'Planchas', 'Plancha Lizz Ultra 500°F', 1, '2022-04-02 01:18:37', '2022-04-12 00:45:54'),
(83, 'Health Family', 'Guante Mix Nitrilo negro', 25, 21.00, 'Guantes', 'Guantes talla M 100 Pack', 1, '2022-04-07 07:24:01', '2022-04-11 22:14:39'),
(84, 'Lizze', 'Secadora lizze full color', 10, 150.00, 'Secadora', 'Secadora lizze full color 2200wat', 1, '2022-04-09 05:48:22', '2022-04-09 05:48:22'),
(85, 'Lizze extreme', 'Lizze', 24, 155.00, 'Plancha', 'Plancha lizze Extreme 480ºF', 1, '2022-04-09 05:52:20', '2022-04-11 20:57:58'),
(86, 'Lizze Extreme', 'Lizze', 13, 160.00, 'Secadora', 'Secadora lizze Extreme 2400wat', 1, '2022-04-09 05:53:51', '2022-04-12 01:13:11'),
(87, 'Lizze', 'Lizze extreme', 15, 120.00, 'Encolochadora', 'Encolochadora lizze Extreme', 1, '2022-04-09 05:57:28', '2022-04-09 05:57:28'),
(88, 'Lizze', 'Lizze Extreme', 6, 95.00, 'Plancha', 'Mini plancha lizze Extreme', 1, '2022-04-09 05:58:57', '2022-04-09 05:58:57'),
(89, 'ElectroBell Pro', 'ElectroBell Pro', 6, 87.00, 'Lamparas', 'Lampara UV Nail', 1, '2022-04-10 03:17:09', '2022-04-10 03:17:09'),
(90, 'ElectroBell Pro', 'ElectroBell Pro', 5, 160.00, 'Planchas', 'Plancha con extracto de aceie de oliva', 1, '2022-04-10 03:19:53', '2022-04-11 22:14:39'),
(91, 'ElectroBell Pro', 'ElectroBell Pro', 6, 125.00, 'Onduladoras', 'Tubo rizador inflarojo', 1, '2022-04-10 03:24:07', '2022-04-10 03:25:16'),
(92, 'ElectroBell Pro', 'ElectroBell Pro', 2, 170.00, 'Secadoras', 'Secadora Antishock 4000W. Color azul', 1, '2022-04-10 03:29:03', '2022-04-11 22:33:37'),
(93, 'ElectroBell Pro', 'ElectroBell Pro', 2, 170.00, 'Secadoras', 'Secadora Antishock 4000W. Color verde', 1, '2022-04-10 03:29:43', '2022-04-10 03:29:43'),
(94, 'ElectroBell Pro', 'ElectroBell Pro', 1, 170.00, 'Secadoras', 'Scadora Antishock 4000W. Color negro', 1, '2022-04-10 03:30:22', '2022-04-10 03:30:22'),
(95, 'ElectroBell Pro', 'ElectroBell Pro', 3, 200.00, 'Secadoras', 'Secadora Rose Gold 4000W', 1, '2022-04-10 03:33:43', '2022-04-10 03:33:43'),
(96, 'ElectroBell Pro', 'ElectroBell Pro', 3, 200.00, 'Secadoras', 'Secadora Infinity Negra 4000W', 1, '2022-04-10 03:35:00', '2022-04-10 03:35:00'),
(97, 'ColorTrack', 'ColorTrack', 0, 17.00, 'Papel Aluminios', 'Papel de aluminio Silver 500sheets', 1, '2022-04-11 23:29:48', '2022-04-11 23:32:59');

--
-- Truncar tablas antes de insertar `recibos`
--

TRUNCATE TABLE `recibos`;
--
-- Volcado de datos para la tabla `recibos`
--

INSERT INTO `recibos` (`id`, `min`, `max`, `user_id`, `recibo_cerrado`, `estado`, `created_at`, `updated_at`) VALUES
(1, 1051, 1100, 28, 0, 1, '2022-04-08 01:41:54', '2022-04-08 01:41:54'),
(2, 1, 1, 24, 0, 1, '2022-04-11 22:00:30', '2022-04-11 22:04:20'),
(3, 1151, 1200, 25, 0, 1, '2022-04-11 22:05:09', '2022-04-12 02:28:00'),
(4, 1036, 1050, 26, 0, 1, '2022-04-12 02:39:28', '2022-04-12 02:39:28');

--
-- Truncar tablas antes de insertar `recibo_historials`
--

TRUNCATE TABLE `recibo_historials`;
--
-- Volcado de datos para la tabla `recibo_historials`
--

INSERT INTO `recibo_historials` (`id`, `numero`, `recibo_id`, `factura_historial_id`, `rango`, `estado`, `created_at`, `updated_at`) VALUES
(1, 1051, 1, 1, '1051-1100', 1, '2022-04-09 04:51:32', '2022-04-09 04:51:32'),
(2, 925, 3, 2, '925-950', 1, '2022-04-11 22:08:43', '2022-04-11 22:08:43'),
(3, 926, 3, 3, '925-950', 1, '2022-04-11 22:26:39', '2022-04-11 22:26:39'),
(4, 927, 3, 4, '925-950', 1, '2022-04-11 22:28:22', '2022-04-11 22:28:22'),
(5, 928, 3, 5, '925-950', 1, '2022-04-11 22:38:34', '2022-04-11 22:38:34'),
(6, 929, 3, 6, '925-950', 1, '2022-04-11 22:44:31', '2022-04-11 22:44:31'),
(7, 930, 3, 7, '925-950', 1, '2022-04-11 22:47:00', '2022-04-11 22:47:00'),
(8, 931, 3, 8, '925-950', 1, '2022-04-11 23:02:16', '2022-04-11 23:02:16'),
(9, 932, 3, 9, '925-950', 1, '2022-04-11 23:04:50', '2022-04-11 23:04:50'),
(10, 933, 3, 10, '925-950', 1, '2022-04-11 23:09:49', '2022-04-11 23:09:49'),
(11, 934, 3, 11, '925-950', 1, '2022-04-11 23:19:18', '2022-04-11 23:19:18'),
(12, 935, 3, 12, '925-950', 1, '2022-04-11 23:20:59', '2022-04-11 23:20:59'),
(13, 936, 3, 13, '925-950', 1, '2022-04-11 23:42:20', '2022-04-11 23:42:20'),
(14, 937, 3, 14, '925-950', 1, '2022-04-11 23:45:06', '2022-04-11 23:45:06'),
(15, 938, 3, 15, '925-950', 1, '2022-04-12 00:48:40', '2022-04-12 00:48:40'),
(16, 939, 3, 16, '925-950', 1, '2022-04-12 00:52:34', '2022-04-12 00:52:34'),
(17, 940, 3, 17, '925-950', 1, '2022-04-12 00:58:27', '2022-04-12 00:58:27'),
(18, 941, 3, 18, '925-950', 1, '2022-04-12 01:05:33', '2022-04-12 01:05:33'),
(19, 942, 3, 19, '925-950', 1, '2022-04-12 01:06:51', '2022-04-12 01:06:51'),
(20, 943, 3, 20, '925-950', 1, '2022-04-12 01:08:28', '2022-04-12 01:08:28'),
(21, 944, 3, 21, '925-950', 1, '2022-04-12 01:10:22', '2022-04-12 01:10:22'),
(22, 945, 3, 22, '925-950', 1, '2022-04-12 01:28:37', '2022-04-12 01:28:37'),
(23, 946, 3, 23, '925-950', 1, '2022-04-12 01:31:39', '2022-04-12 01:31:39'),
(24, 947, 3, 24, '925-950', 1, '2022-04-12 01:44:00', '2022-04-12 01:44:00'),
(25, 948, 3, 25, '925-950', 1, '2022-04-12 01:46:40', '2022-04-12 01:46:40'),
(26, 949, 3, 26, '925-950', 1, '2022-04-12 01:47:56', '2022-04-12 01:47:56'),
(27, 950, 3, 27, '925-950', 1, '2022-04-12 02:25:29', '2022-04-12 02:25:29'),
(28, 1151, 3, 28, '1151-1200', 1, '2022-04-12 02:33:13', '2022-04-12 02:33:13'),
(29, 1152, 3, 29, '1151-1200', 1, '2022-04-12 02:34:16', '2022-04-12 02:34:16'),
(30, 1153, 3, 30, '1151-1200', 1, '2022-04-12 02:35:45', '2022-04-12 02:35:45'),
(31, 1036, 4, 31, '1036-1050', 1, '2022-04-12 03:26:23', '2022-04-12 03:26:23'),
(32, 1154, 3, 32, '1151-1200', 1, '2022-04-12 03:26:50', '2022-04-12 03:26:50'),
(33, 1037, 4, 33, '1036-1050', 1, '2022-04-12 04:01:44', '2022-04-12 04:01:44');

--
-- Truncar tablas antes de insertar `roles`
--

TRUNCATE TABLE `roles`;
--
-- Volcado de datos para la tabla `roles`
--

INSERT INTO `roles` (`id`, `name`, `guard_name`, `created_at`, `updated_at`) VALUES
(2, 'administrador', 'web', '2022-01-25 15:27:11', '2022-01-25 15:27:11'),
(3, 'vendedor', 'web', '2022-02-14 14:31:21', '2022-02-14 14:31:21'),
(4, 'supervisor', 'web', '2022-03-03 00:23:04', '2022-03-03 00:23:06');


TRUNCATE TABLE `users`;
--
-- Volcado de datos para la tabla `users`
--

INSERT INTO `users` (`id`, `name`, `apellido`, `cargo`, `email`, `email_verified_at`, `password`, `remember_token`, `estado`, `created_at`, `updated_at`) VALUES
(20, 'Alejandro', 'sanchez', 'Programador', 'alejosb13@gmail.com', NULL, '$2y$10$ycLD6AVSbqAZmd/qgpuy0OfiHeL7d8vDmsO.xo2OR6o8gV8xlqwZ.', NULL, 0, '2022-03-05 06:27:40', '2022-03-11 23:56:38'),
(21, 'Rigoberto', 'Gallo', 'Programador', 'rigoberto.gallo@regxi.com', NULL, '$2y$10$pCduaZHii83COKb/Etlrxu0u4VAyxWzCLMIqqTMMo.FAEHHl69.Qe', NULL, 1, '2022-03-05 06:34:04', '2022-03-05 06:34:04'),
(23, 'Ronald', 'Lopez', 'Gerente', 'Isaac1987lopez@gmail.com', NULL, '$2y$10$VcgIqbD5l1EhDbWZX24l9.Q56X.8ptI2PwiGE09eS3z9mc7coYBza', NULL, 1, '2022-03-15 07:51:37', '2022-03-15 10:53:37'),
(24, 'Marileth de los Angeles', 'Sanchez López', 'Administradora', 'marilethsanchez75@gmail.com', NULL, '$2y$10$jt4pBYrXhfBPHS4hQULMsujmzpuwGxnewa7LKwI8ViC8PlaYorHHG', NULL, 1, '2022-03-15 08:27:31', '2022-03-15 08:27:31'),
(25, 'Mari Laura', 'Obando Sanchez', 'Administradora', 'marilauraobando123@gmail.com', NULL, '$2y$10$JZe0PAu1MjfDCURAWUy/jOTWqVd5YefRzFBSuZ6MjkLzF1LG9SlZW', NULL, 1, '2022-03-15 10:53:41', '2022-03-15 10:53:41'),
(26, 'Kevin Francisco', 'Palacio Lopez', 'Ejecutivo de venta', 'kevinfranciscopalaciolopez@gmail.com', NULL, '$2y$10$aamDgF0oNPhMHo6CkhOj8uTHWPs8xkzfXCu9l2/WjOrFVzk7O6Ynu', NULL, 1, '2022-03-16 00:56:28', '2022-03-16 00:56:28'),
(27, 'Jostin Isaac', 'Lopez Rizo', 'Ejecutivo de venta', 'jostinlopez21@gmail.com', NULL, '$2y$10$v/9YHelJijsqYwv4NCNgmOGxJsSjr2T5Zz8aQVimC/QZ.4Ml.JpwO', NULL, 1, '2022-03-16 04:06:43', '2022-03-16 04:06:43'),
(28, 'Ivan del Socorro', 'Fornos Herrera', 'Ejecutivo de venta', 'fornosivan8@gmail.com', NULL, '$2y$10$PulsRauKt1R7g6OQLMM8HuZj75NGI4OvQokfnkU5bTIKZFtujTo02', NULL, 1, '2022-04-08 01:34:11', '2022-04-08 01:34:11');
SET FOREIGN_KEY_CHECKS=1;
COMMIT;

/*!40101 SET CHARACTER_SET_CLIENT=@OLD_CHARACTER_SET_CLIENT */;
/*!40101 SET CHARACTER_SET_RESULTS=@OLD_CHARACTER_SET_RESULTS */;
/*!40101 SET COLLATION_CONNECTION=@OLD_COLLATION_CONNECTION */;
